filename,class_name,threshold,pred_area,iou,dice,precision,recall,f1,pixel_accuracy,specificity,tp,fp,fn,tn
to_label_134.jpg,ALGAL_LEAF_SPOT,0.1,0.6679288903061225,0.004553571428557876,0.009065860812345373,0.0045652563107818666,0.6401673637488839,0.009065859406176012,0.333406409438111,0.3319382421844886,153,33361,86,16576
to_label_134.jpg,ALGAL_LEAF_SPOT,0.2,0.5000199298469388,0.006077457795407835,0.012081490840129178,0.006098290087264944,0.6401673637488839,0.012081488970650712,0.50131536989696,0.5006508200322393,153,24936,86,25001
to_label_134.jpg,ALGAL_LEAF_SPOT,0.3,0.4514708227040816,0.006728528079481382,0.013367115149338776,0.006754072308273721,0.6401673637488839,0.013367113083015096,0.5498644770397204,0.5494322846775949,153,22500,86,27437
to_label_134.jpg,ALGAL_LEAF_SPOT,0.4,0.3739038584183674,0.008118002865134408,0.01610526315780997,0.008155215606800515,0.6401673637488839,0.016105260673582096,0.6274314413252802,0.6273704868121285,153,18608,86,31329
to_label_134.jpg,ALGAL_LEAF_SPOT,0.5,0.3460220025510204,0.008768913342453182,0.01738537583081992,0.008812348807690287,0.6401673637488839,0.017385373151843395,0.6553132971925715,0.6553857860891615,153,17209,86,32728
to_label_134.jpg,ALGAL_LEAF_SPOT,0.6,0.32750717474489793,0.009262061868095755,0.018354126679352482,0.009310533682168134,0.6401673637488839,0.018354123853261104,0.6738281249986571,0.6739892264239462,153,16280,86,33657
to_label_134.jpg,ALGAL_LEAF_SPOT,0.7,0.30434869260204084,0.009962883375594433,0.019729206963122314,0.010018990242878533,0.6401673637488839,0.01972920392860292,0.6969866071414681,0.697258545766271,153,15118,86,34819
to_label_134.jpg,ALGAL_LEAF_SPOT,0.8,0.2724609375,0.011121610816230853,0.021998562185319922,0.011191573403473105,0.6401673637488839,0.021998558807829006,0.7288743622434453,0.7292989166334995,153,13518,86,36419
to_label_134.jpg,ALGAL_LEAF_SPOT,0.9,0.2524314413265306,0.011998117942189475,0.023711739635616336,0.012079583135859153,0.6401673637488839,0.02371173600004019,0.7489038584168748,0.7494242745844776,153,12513,86,37424
to_label_177.jpg,ALGAL_LEAF_SPOT,0.1,0.5104233099489796,0.0376976400029687,0.0726563086389227,0.03779625941963299,0.9352657003927278,0.07265630117187977,0.5075334821418457,0.49852465354693937,968,24643,67,24498
to_label_177.jpg,ALGAL_LEAF_SPOT,0.2,0.46894929846938777,0.03926048144841029,0.07555465092580682,0.03943901402448177,0.8966183574012928,0.07555464285391676,0.5474131058662559,0.5400581998727334,928,22602,107,26539
to_label_177.jpg,ALGAL_LEAF_SPOT,0.3,0.45595503826530615,0.039469680504066636,0.07594195625778472,0.039688783984440555,0.8772946859055754,0.07594194797575318,0.5596101721927622,0.5529191510133027,908,21970,127,27171
to_label_177.jpg,ALGAL_LEAF_SPOT,0.4,0.44395727040816324,0.039834061914355276,0.07661618978131948,0.04008798707110752,0.8628019322837872,0.07661618129532942,0.5710100446417191,0.5648643698732935,893,21383,142,27758
to_label_177.jpg,ALGAL_LEAF_SPOT,0.5,0.4362244897959184,0.039827625311681436,0.0766042839066588,0.040113304093383984,0.8483091786619991,0.07660427528381936,0.5781449298457866,0.5724547729989775,878,21010,157,28131
to_label_177.jpg,ALGAL_LEAF_SPOT,0.6,0.42697704081632654,0.039816658178435035,0.07658399750622652,0.04014189693782607,0.8309178743158533,0.07658398871383805,0.5866749043355655,0.5815306973798223,860,20564,175,28577
to_label_177.jpg,ALGAL_LEAF_SPOT,0.7,0.39560746173469385,0.04123043174772544,0.07919559492420783,0.04166246851364402,0.7990338163479194,0.07919558550359126,0.616729113519179,0.6128894405880774,827,19023,208,30118
to_label_177.jpg,ALGAL_LEAF_SPOT,0.8,0.32858338647959184,0.0434730824199412,0.0833238214810905,0.04427730939501257,0.7053140095936894,0.08332381036471642,0.6798867984680328,0.679351254551842,730,15757,305,33384
to_label_177.jpg,ALGAL_LEAF_SPOT,0.9,0.2604432397959184,0.045208626694988444,0.08650641707376794,0.04667891031491675,0.5893719806193843,0.08650640347260706,0.7432437818862738,0.7464846055213641,610,12458,425,36683
to_label_19.jpg,ALGAL_LEAF_SPOT,0.1,0.21424585459183673,0.08595348837129345,0.15830049682920763,0.08595348837129345,0.9999999998917749,0.15830048225075563,0.8041693239779891,0.8004954113522283,924,9826,0,39426
to_label_19.jpg,ALGAL_LEAF_SPOT,0.2,0.2098014987244898,0.08777429467001259,0.16138328530118431,0.08777429467001259,0.9999999998917749,0.16138327046367604,0.8086136798453272,0.8050231462665374,924,9603,0,39649
to_label_19.jpg,ALGAL_LEAF_SPOT,0.3,0.20717075892857142,0.08878414774828025,0.16308861206676306,0.0887926887918346,0.998917748809641,0.16308859707157097,0.8112045599473628,0.8076829367318937,923,9472,1,39780
to_label_19.jpg,ALGAL_LEAF_SPOT,0.4,0.2053172831632653,0.08947981366372787,0.16426153571918525,0.08949718501175016,0.997835497727507,0.16426152061089014,0.8130181760187878,0.8095508811808464,922,9380,2,39872
to_label_19.jpg,ALGAL_LEAF_SPOT,0.5,0.20334422831632654,0.0903478686909324,0.16572301608550621,0.09036557875046196,0.997835497727507,0.16572300085493788,0.8149912308657227,0.8115609518378715,922,9281,2,39971
to_label_19.jpg,ALGAL_LEAF_SPOT,0.6,0.20169005102040816,0.09087317265813044,0.16660630206296081,0.09090909090819259,0.9956709955632391,0.1666062867283637,0.8165656887738828,0.8132055551027101,920,9200,4,40052
to_label_19.jpg,ALGAL_LEAF_SPOT,0.7,0.1998565051020408,0.0915977274983395,0.1678232286325071,0.09164339848333024,0.9945887444811051,0.1678232131809428,0.818359374998369,0.8150531958076523,919,9109,5,40143
to_label_19.jpg,ALGAL_LEAF_SPOT,0.8,0.1974250637755102,0.0923945935032036,0.16915974145734847,0.09246921057851333,0.9913419912347032,0.16915972584792735,0.8206712372432624,0.8174693413448845,916,8990,8,40262
to_label_19.jpg,ALGAL_LEAF_SPOT,0.9,0.19286112882653061,0.09401444788344669,0.1718705782457139,0.09414074609802478,0.9859307358240335,0.17187056233120487,0.8250358737228455,0.8220173800032039,911,8766,13,40486
to_label_197.jpg,ALGAL_LEAF_SPOT,0.1,0.5288185586734694,0.018052310243393186,0.03546440602659658,0.018052310243393186,0.9999999997912317,0.03546440254291125,0.480727838009246,0.47572288065582286,479,26055,0,23642
to_label_197.jpg,ALGAL_LEAF_SPOT,0.2,0.5245735012755102,0.018198396717380803,0.035746268656583036,0.018198396717380803,0.9999999997912317,0.03574626514571291,0.48497289540719674,0.48000885365217216,479,25842,0,23855
to_label_197.jpg,ALGAL_LEAF_SPOT,0.3,0.5224808673469388,0.01827128471155679,0.03588687020027763,0.01827128471155679,0.9999999997912317,0.03588686667584989,0.48706552933576397,0.4821216572419218,479,25737,0,23960
to_label_197.jpg,ALGAL_LEAF_SPOT,0.4,0.5198102678571429,0.018365156046245053,0.03606791912941505,0.018365156046245053,0.9999999997912317,0.03606791558753244,0.48973612882555456,0.48481799706122136,479,25603,0,24094
to_label_197.jpg,ALGAL_LEAF_SPOT,0.5,0.5169802295918368,0.018465690053899513,0.036261781293628594,0.018465690053899513,0.9999999997912317,0.036261777733059386,0.49256616709085504,0.4876753123921209,479,25461,0,24236
to_label_197.jpg,ALGAL_LEAF_SPOT,0.6,0.5141501913265306,0.0185673308007653,0.036457738706715155,0.0185673308007653,0.9999999997912317,0.03645773512726123,0.49539620535615553,0.4905326277230204,479,25319,0,24378
to_label_197.jpg,ALGAL_LEAF_SPOT,0.7,0.5100446428571429,0.018716786495706794,0.03674580952001555,0.018716786495706794,0.9999999997912317,0.03674580591280673,0.49950175382553513,0.49467774714671975,479,25113,0,24584
to_label_197.jpg,ALGAL_LEAF_SPOT,0.8,0.5043048469387755,0.018889547520178268,0.03707869526417764,0.018890294024585478,0.9979123171194337,0.037078691617437015,0.5052016900500136,0.5004527436253688,478,24826,1,24871
to_label_197.jpg,ALGAL_LEAF_SPOT,0.9,0.49198820153061223,0.019197278360458477,0.03767136896468241,0.019201166653085956,0.9895615864322418,0.03767136523011992,0.5173588966826423,0.5128076141406668,474,24212,5,25485
to_label_199.jpg,ALGAL_LEAF_SPOT,0.1,0.5179567920918368,0.021870315562817117,0.042804483562616395,0.02189387817914543,0.9530988273110388,0.04280447917221956,0.4928252551010586,0.48728292220398295,569,25420,28,24159
to_label_199.jpg,ALGAL_LEAF_SPOT,0.2,0.42346938775510207,0.024048378023513742,0.046967269397816584,0.024143448795067093,0.8592964822681246,0.04696726408119438,0.5850805165804666,0.5817785756054342,513,20735,84,28844
to_label_199.jpg,ALGAL_LEAF_SPOT,0.3,0.37952407525510207,0.023396383721414223,0.045723014256386335,0.02357821771767275,0.7520938022190798,0.04572300836152189,0.6264748086722208,0.6249621815675488,449,18594,148,30985
to_label_199.jpg,ALGAL_LEAF_SPOT,0.4,0.33974410076530615,0.024027858386395658,0.04692813420966375,0.02428579808749759,0.6934673365672585,0.04692812767119886,0.664859693876226,0.6645152181353707,414,16633,183,32946
to_label_199.jpg,ALGAL_LEAF_SPOT,0.5,0.32077088647959184,0.024929387203580195,0.04864605799156095,0.025225225225068496,0.6800670015611279,0.04864605109397939,0.6835140306108827,0.6835555376254391,406,15689,191,33890
to_label_199.jpg,ALGAL_LEAF_SPOT,0.6,0.30819515306122447,0.025148401097688462,0.0490629475123027,0.025478530781004406,0.6599664990519319,0.04906294035417447,0.6956114477026952,0.6960406623758123,394,15070,203,34509
to_label_199.jpg,ALGAL_LEAF_SPOT,0.7,0.2943837691326531,0.02542203242793473,0.04958355023393035,0.02579378511931627,0.6381909546669697,0.04958354276603507,0.708904655610832,0.7097561467542512,381,14390,216,35189
to_label_199.jpg,ALGAL_LEAF_SPOT,0.8,0.27431441326530615,0.025712449110594154,0.050135784415777894,0.02615518744532,0.6030150752758769,0.05013577644687411,0.7281369579067121,0.7296435991029878,360,13404,237,36175
to_label_199.jpg,ALGAL_LEAF_SPOT,0.9,0.24629304846938777,0.02467768725757591,0.048166730991523216,0.025246803689713167,0.5226130652390933,0.048166722199355395,0.754245057396456,0.7570342281999293,312,12046,285,37533
to_label_20.jpg,ALGAL_LEAF_SPOT,0.1,0.22488839285714285,0.1922287028654216,0.32246951009217617,0.20737327188756313,0.7246825642389383,0.3224694754922979,0.804029815049418,0.8094872941810776,2340,8944,889,38003
to_label_20.jpg,ALGAL_LEAF_SPOT,0.2,0.21707589285714285,0.1985231709370351,0.3312796544130637,0.21474476679935048,0.7243728708354175,0.3312796191350923,0.811802455355525,0.8178158348758859,2339,8553,890,38394
to_label_20.jpg,ALGAL_LEAF_SPOT,0.3,0.2147839604591837,0.20027423086639579,0.3337141225165378,0.21685070056400804,0.7237534840283756,0.33371408703546046,0.8140146683657246,0.8202228044373011,2337,8440,892,38507
to_label_20.jpg,ALGAL_LEAF_SPOT,0.4,0.21275111607142858,0.20193637620848948,0.33601841196536236,0.21882903981059643,0.7234437906248546,0.33601837630253334,0.8160076530595982,0.8223741666116634,2336,8339,893,38608
to_label_20.jpg,ALGAL_LEAF_SPOT,0.5,0.21107700892857142,0.20341344479098386,0.33806078147367535,0.22056463034443805,0.7234437906248546,0.33806074566002897,0.817681760202452,0.824163418321034,2336,8255,893,38692
to_label_20.jpg,ALGAL_LEAF_SPOT,0.6,0.20954241071428573,0.20457533525984242,0.33966382885585633,0.22198972797962724,0.7228244038178129,0.3396637929030554,0.8191366390289797,0.8257609644901149,2334,8180,895,38767
to_label_20.jpg,ALGAL_LEAF_SPOT,0.7,0.20790816326530612,0.20563057099809698,0.3411170485298212,0.223351226991724,0.7215856302037292,0.3411170124278738,0.8206114477024462,0.827422412505959,2330,8102,899,38845
to_label_20.jpg,ALGAL_LEAF_SPOT,0.8,0.2056560905612245,0.20727143111560084,0.34337171537980976,0.2254094388969337,0.7203468565896455,0.3433716790707045,0.8227040816310134,0.8297441796050232,2326,7993,903,38954
to_label_20.jpg,ALGAL_LEAF_SPOT,0.9,0.20119180484693877,0.2100626646062114,0.3471930351219814,0.22912332837811664,0.7163208423438736,0.3471929983966363,0.826650191324883,0.8342386094940374,2313,7782,916,39165
to_label_21.jpg,ALGAL_LEAF_SPOT,0.1,0.24465880102040816,0.11184157130012302,0.2011825680691935,0.1122515477345043,0.9683766689410838,0.20118254945054032,0.7819076849474212,0.7764650380473479,1378,10898,45,37855
to_label_21.jpg,ALGAL_LEAF_SPOT,0.2,0.23973612882653061,0.11302333278079577,0.20309247695358984,0.11355889932568326,0.9599437806774459,0.20309245803340742,0.7863520408147593,0.7812852542391622,1366,10663,57,38090
to_label_21.jpg,ALGAL_LEAF_SPOT,0.3,0.23646763392857142,0.11271143861905282,0.20258880192502565,0.11344289928265112,0.9458889669047161,0.20258878279929746,0.7888233418351626,0.7842389186290397,1346,10519,77,38234
to_label_21.jpg,ALGAL_LEAF_SPOT,0.4,0.23351801658163265,0.11308767471314622,0.20319634703041706,0.11393701459320699,0.9381588193297147,0.20319632771538979,0.7913345025494433,0.7870490021110761,1335,10382,88,38371
to_label_21.jpg,ALGAL_LEAF_SPOT,0.5,0.23050860969387754,0.11397941680862796,0.204634690890718,0.11490575825596656,0.9339423751978958,0.204634671378723,0.7941047512739275,0.7900231780592168,1329,10237,94,38516
to_label_21.jpg,ALGAL_LEAF_SPOT,0.6,0.22739955357142858,0.11474982626724504,0.20587547728352001,0.11577563540652255,0.9283204496888039,0.20587545756385905,0.7968949298453506,0.7930588886821466,1321,10089,102,38664
to_label_21.jpg,ALGAL_LEAF_SPOT,0.7,0.22417091836734693,0.11579781613142129,0.20756057138183598,0.11690967282968608,0.9241040055569849,0.20756055144188623,0.7998844068861609,0.7962586917711807,1315,9933,108,38820
to_label_21.jpg,ALGAL_LEAF_SPOT,0.8,0.22052375637755103,0.11589670270649721,0.20771941063254548,0.11721644825922081,0.9114546731615281,0.20771939043789855,0.8028140943861551,0.7996430988845822,1297,9768,126,38985
to_label_21.jpg,ALGAL_LEAF_SPOT,0.9,0.21334901147959184,0.11296687161500442,0.20300131925953988,0.11499299392699679,0.8650737877115197,0.20300129854485932,0.8073580994881868,0.8056734970139157,1231,9474,192,39279
to_label_221.jpg,ALGAL_LEAF_SPOT,0.1,0.5579559948979592,0.019277366020455825,0.0378255549727746,0.019324189169812385,0.8883415433680885,0.037825550805298654,0.45147082270318184,0.44610325418030927,541,27455,68,22112
to_label_221.jpg,ALGAL_LEAF_SPOT,0.2,0.5199099170918368,0.02068438157132218,0.040530416541652195,0.020738298769422552,0.8883415433680885,0.040530412083100764,0.48951690050922847,0.48461678132530794,541,25546,68,24021
to_label_221.jpg,ALGAL_LEAF_SPOT,0.3,0.5005580357142857,0.021481893265480136,0.04206025267233407,0.02154005414866404,0.8883415433680885,0.04206024804956384,0.5088687818867409,0.5042064276625493,541,24575,68,24992
to_label_221.jpg,ALGAL_LEAF_SPOT,0.4,0.4858498086734694,0.02179602519006381,0.0426621843356839,0.021863975715719648,0.8752052543718876,0.04266217957978439,0.5232581313765081,0.5189339681632559,533,23845,76,25722
to_label_221.jpg,ALGAL_LEAF_SPOT,0.5,0.4714205994897959,0.0208692725206342,0.04088529860264235,0.02096896930742805,0.8144499177644582,0.040885293708486606,0.5362125318866864,0.532793996004332,496,23158,113,26409
to_label_221.jpg,ALGAL_LEAF_SPOT,0.6,0.4564732142857143,0.02004251442444995,0.03929740994326841,0.02017114914416621,0.7586206895306042,0.03929740489715667,0.5498046874989042,0.5472390905228333,462,22442,147,27125
to_label_221.jpg,ALGAL_LEAF_SPOT,0.7,0.4346301020408163,0.02034592626299342,0.03988044787420315,0.020497065297044675,0.7339901476627274,0.03988044258825739,0.5710499043355965,0.569047955291688,447,21361,162,28206
to_label_221.jpg,ALGAL_LEAF_SPOT,0.8,0.37998246173469385,0.020593422554100044,0.04035578144833364,0.020822406377736167,0.6518883414364716,0.040355775449149686,0.6237045599477365,0.6233582827271705,397,18669,212,30898
to_label_221.jpg,ALGAL_LEAF_SPOT,0.9,0.34640066964285715,0.021520640508650726,0.04213451917708652,0.021805419711053417,0.6223316911950194,0.04213451263561879,0.6565688775497118,0.6569895293226199,379,17002,230,32565
to_label_24.jpg,ALGAL_LEAF_SPOT,0.1,0.39839764030612246,0.046004600459815956,0.08796252031700945,0.04602301150552265,0.991379310237998,0.08796251183747626,0.6197783801008055,0.6127761533450845,920,19070,8,30178
to_label_24.jpg,ALGAL_LEAF_SPOT,0.2,0.3671077806122449,0.049013229234173644,0.09344635104355258,0.04907709011916896,0.9741379309295111,0.09344634191044937,0.6504304846925812,0.6443307342417066,904,17516,24,31732
to_label_24.jpg,ALGAL_LEAF_SPOT,0.3,0.344905931122449,0.05143582055096623,0.09783920149118219,0.05154281751963745,0.9612068964481458,0.0978391918298982,0.6721540178558033,0.6667072774515377,892,16414,36,32834
to_label_24.jpg,ALGAL_LEAF_SPOT,0.4,0.33627630739795916,0.051757754800285036,0.09842143699736856,0.05191726426805003,0.9439655171396589,0.09842142711398318,0.6801458864782363,0.6751746263793957,876,15997,52,33251
to_label_24.jpg,ALGAL_LEAF_SPOT,0.5,0.3332469706632653,0.05159983316420425,0.09813587172022134,0.05179116081543095,0.9331896550718546,0.09813586175643961,0.6827766262741495,0.6780579922013522,866,15855,62,33393
to_label_24.jpg,ALGAL_LEAF_SPOT,0.6,0.3296396683673469,0.05152901516944661,0.09800778566465532,0.051753325271754816,0.9224137930040502,0.09800777560342051,0.6859853316312859,0.6815302144235674,856,15684,72,33564
to_label_24.jpg,ALGAL_LEAF_SPOT,0.7,0.325992506377551,0.05095154131421565,0.09696268440788566,0.051231888487795856,0.9030172412820024,0.0969626742461759,0.6889150191312801,0.6848806042871083,838,15519,90,33729
to_label_24.jpg,ALGAL_LEAF_SPOT,0.8,0.31973453443877553,0.05090098458077341,0.09687113310885115,0.05123729975658395,0.8857758619735155,0.09687112276999198,0.6945352359680036,0.6909316114345945,822,15221,106,34027
to_label_24.jpg,ALGAL_LEAF_SPOT,0.9,0.3029934630102041,0.049785240140246094,0.09484842849113602,0.05031901598335645,0.8243534481870309,0.09484841764666972,0.7090043048455257,0.7068307342415797,765,14438,163,34810
to_label_26.jpg,ALGAL_LEAF_SPOT,0.1,0.18459024234693877,0.07082703519681681,0.1322847348242359,0.07082703519681681,0.999999999847561,0.13228472246939232,0.8284837372432468,0.8262116316623057,656,8606,0,40914
to_label_26.jpg,ALGAL_LEAF_SPOT,0.2,0.18154097576530612,0.07201668679249075,0.13435739887215198,0.07201668679249075,0.999999999847561,0.1343573863376329,0.8315330038248734,0.8293012924054336,656,8453,0,41067
to_label_26.jpg,ALGAL_LEAF_SPOT,0.3,0.17980707908163265,0.07271115052014285,0.13556519941996728,0.07271115052014285,0.999999999847561,0.13556518678094392,0.8332669005085434,0.8310581583181925,656,8366,0,41154
to_label_26.jpg,ALGAL_LEAF_SPOT,0.4,0.17845184948979592,0.0732633459898005,0.136524453692648,0.0732633459898005,0.999999999847561,0.13652444097072952,0.8346221301003774,0.8324313408706938,656,8298,0,41222
to_label_26.jpg,ALGAL_LEAF_SPOT,0.5,0.17729591836734693,0.07374100719341567,0.13735343383440793,0.07374100719341567,0.999999999847561,0.13735342104092604,0.835778061222824,0.8336025848125331,656,8240,0,41280
to_label_26.jpg,ALGAL_LEAF_SPOT,0.6,0.17600047831632654,0.07428377307129108,0.13829450827302314,0.07428377307129108,0.999999999847561,0.13829449539838432,0.837073501273842,0.8349151857818358,656,8175,0,41345
to_label_26.jpg,ALGAL_LEAF_SPOT,0.7,0.17438616071428573,0.07497142857057175,0.1394854348273497,0.07497142857057175,0.999999999847561,0.1394854218501338,0.8386878188758795,0.8365508885281976,656,8094,0,41426
to_label_26.jpg,ALGAL_LEAF_SPOT,0.8,0.17297114158163265,0.0755847447853948,0.14054633101081362,0.0755847447853948,0.999999999847561,0.1405463179423397,0.8401028380085298,0.8379846526638974,656,8023,0,41497
to_label_26.jpg,ALGAL_LEAF_SPOT,0.9,0.1702606823979592,0.07678801357746941,0.14262419828087156,0.07678801357746941,0.999999999847561,0.1426241850339856,0.8428132971921978,0.8407310177688999,656,7887,0,41633
to_label_32.jpg,ALGAL_LEAF_SPOT,0.1,0.2069714604591837,0.14299433400419673,0.2502100487292034,0.1433798748180705,0.981542518063181,0.25021002648467555,0.8221460459167288,0.8171766785161693,1489,8896,28,39763
to_label_32.jpg,ALGAL_LEAF_SPOT,0.2,0.20390226403061223,0.14436002337673523,0.25229826353207097,0.14485387547507717,0.9769281475954562,0.2522982410390798,0.8249362244881518,0.8201977023760862,1482,8749,35,39910
to_label_32.jpg,ALGAL_LEAF_SPOT,0.3,0.20188934948979592,0.14500589854360002,0.2532841074933177,0.1456071075997472,0.9723137771277314,0.2532840848344337,0.8266701211718218,0.8221295135518154,1475,8655,42,40004
to_label_32.jpg,ALGAL_LEAF_SPOT,0.4,0.20037468112244897,0.14530337523364045,0.2537377927555636,0.14601153769498695,0.9676994066600065,0.2537377699702804,0.8279057716820235,0.8235475451595315,1468,8586,49,40073
to_label_32.jpg,ALGAL_LEAF_SPOT,0.5,0.19895966198979592,0.14564654313463193,0.2542608695630064,0.14644896323603676,0.9637442319733853,0.254260846658399,0.8290816326514089,0.8248833720363655,1462,8521,55,40138
to_label_32.jpg,ALGAL_LEAF_SPOT,0.6,0.19754464285714285,0.14622404974279185,0.2551404322315588,0.14709443099125205,0.9611074488489711,0.25514040920640846,0.8303372130085492,0.8262603012786406,1458,8454,59,40205
to_label_32.jpg,ALGAL_LEAF_SPOT,0.7,0.1958904655612245,0.14663971702732045,0.25577295963109664,0.14762437684253102,0.9564930783812463,0.25577293646346844,0.831712372447322,0.8278221911654003,1451,8378,66,40281
to_label_32.jpg,ALGAL_LEAF_SPOT,0.8,0.19385762117346939,0.1471128341139858,0.2564923514740618,0.1482471471147502,0.9505603163513143,0.25649232812898975,0.8333864795901758,0.829733451158409,1442,8285,75,40374
to_label_32.jpg,ALGAL_LEAF_SPOT,0.9,0.19005102040816327,0.14764821929033695,0.2573057088549959,0.14911912751521475,0.9373764007292434,0.25730568517050095,0.836395886477925,0.8332477034036185,1422,8114,95,40545
to_label_33.jpg,ALGAL_LEAF_SPOT,0.1,0.3137755102040816,0.10105223834069452,0.1835557566151122,0.10308689024324766,0.8365979381012063,0.1835557370803187,0.7122528698965397,0.7072518450934836,1623,14121,317,34115
to_label_33.jpg,ALGAL_LEAF_SPOT,0.2,0.30367107780612246,0.10101916543746542,0.18350119345529778,0.10343243420552974,0.8123711339787437,0.1835011734170534,0.7204838966822376,0.7167882909015739,1576,13661,364,34575
to_label_33.jpg,ALGAL_LEAF_SPOT,0.3,0.29625717474489793,0.10203947799788812,0.18518298125447674,0.10467541204100453,0.8020618556287596,0.18518296083037383,0.7271006058658979,0.7240857450851561,1556,13309,384,34927
to_label_33.jpg,ALGAL_LEAF_SPOT,0.4,0.2885044642857143,0.10374504134939995,0.1879873294335527,0.10659021829160963,0.79536082470127,0.18798730859011129,0.734335140304659,0.7318807529630734,1543,12933,397,35303
to_label_33.jpg,ALGAL_LEAF_SPOT,0.5,0.28097098214285715,0.10591642531991506,0.191545080432775,0.10895162434310575,0.7917525772787756,0.19154505916543593,0.7415896045903587,0.7395721038213376,1536,12562,404,35674
to_label_33.jpg,ALGAL_LEAF_SPOT,0.6,0.2725805165816326,0.10821742832736149,0.19529999359547096,0.11150106017319952,0.7860824741862844,0.19529997183580303,0.7495416135189144,0.7480719794328964,1525,12152,415,36084
to_label_33.jpg,ALGAL_LEAF_SPOT,0.7,0.26255580357142855,0.11189582873455531,0.2012703453738172,0.11545468346655947,0.7840206185162876,0.2012703229960709,0.7594068877535886,0.7584169499942814,1521,11653,419,36583
to_label_33.jpg,ALGAL_LEAF_SPOT,0.8,0.25019929846938777,0.11655496494787339,0.2087760452586672,0.1205193563794765,0.7798969071762939,0.20877602207061513,0.7714445153045849,0.7711045691998277,1513,11041,427,37195
to_label_33.jpg,ALGAL_LEAF_SPOT,0.9,0.2301299426020408,0.11610393909205474,0.20805219841174424,0.12150342080088763,0.7231958762513816,0.2080521737798776,0.78712930484537,0.7897006385256039,1403,10144,537,38092
to_label_339.jpg,ALGAL_LEAF_SPOT,0.1,0.6250597895408163,0.035327816677163185,0.06824469720237245,0.03539202244671941,0.9511568122578271,0.06824469028464494,0.3959263392849252,0.3827052174082664,1110,30253,57,18756
to_label_339.jpg,ALGAL_LEAF_SPOT,0.2,0.4806281887755102,0.04268393269530401,0.08187319542743396,0.042917565101829,0.8868894600782442,0.08187318662171457,0.5373684630091331,0.5290456854852598,1035,23081,132,25928
to_label_339.jpg,ALGAL_LEAF_SPOT,0.3,0.443180006377551,0.046269390674387456,0.08844641941510661,0.046544048207732405,0.8868894600782442,0.08844640993934465,0.5748166454070176,0.5673855822388391,1035,21202,132,27807
to_label_339.jpg,ALGAL_LEAF_SPOT,0.4,0.43656329719387754,0.04696646548964484,0.08971914008282889,0.04724948641841018,0.8868894600782442,0.0897191304779662,0.5814333545906779,0.574159848189977,1035,20870,132,28139
to_label_339.jpg,ALGAL_LEAF_SPOT,0.5,0.43257732780612246,0.04739662041467511,0.09050367261240598,0.04768486523820463,0.8868894600782442,0.09050366292806536,0.5854193239784251,0.5782407312930722,1035,20670,132,28339
to_label_339.jpg,ALGAL_LEAF_SPOT,0.6,0.4285913584183674,0.04783472754980896,0.09130204657687323,0.0481283422457655,0.8868894600782442,0.09130203681173273,0.5894052933661722,0.5823216143961674,1035,20470,132,28539
to_label_339.jpg,ALGAL_LEAF_SPOT,0.7,0.4230110012755102,0.04846186262092774,0.09244372990312413,0.04876325088316248,0.8868894600782442,0.0924437200225796,0.5949856505090183,0.5880348507405007,1035,20190,132,28819
to_label_339.jpg,ALGAL_LEAF_SPOT,0.8,0.41294642857142855,0.04963552656795686,0.0945766893585481,0.04995173745149637,0.8868894600782442,0.0945766792628427,0.6050502232130799,0.598339080575816,1035,19685,132,29324
to_label_339.jpg,ALGAL_LEAF_SPOT,0.9,0.40182557397959184,0.05084495245577748,0.09676965633598963,0.05118539827372688,0.8843187659910609,0.09676964599141887,0.616051498723262,0.6096635311869051,1032,19130,135,29879
to_label_36.jpg,ALGAL_LEAF_SPOT,0.1,0.26779735331632654,0.06852043074149196,0.1282529164069286,0.06913745627692834,0.8847619046776417,0.12825290296092443,0.7483059630087127,0.7453894068298957,929,12508,121,36618
to_label_36.jpg,ALGAL_LEAF_SPOT,0.2,0.2627551020408163,0.06958220619124149,0.13011100182569824,0.07023665048490414,0.8819047618207709,0.1301109881596934,0.7532286352025804,0.7504783617621006,926,12258,124,36868
to_label_36.jpg,ALGAL_LEAF_SPOT,0.3,0.25966597576530615,0.07032081496069392,0.13140137793784074,0.07099547163964237,0.8809523808684807,0.13140136413348705,0.7562779017842071,0.7536131580003387,925,12104,125,37022
to_label_36.jpg,ALGAL_LEAF_SPOT,0.4,0.2572743941326531,0.07080392758460567,0.13224443011582315,0.07150050352411882,0.8790476189639002,0.13224441620243801,0.7585897640291004,0.7560151447283393,923,11986,127,37140
to_label_36.jpg,ALGAL_LEAF_SPOT,0.5,0.2550422512755102,0.07133462282343261,0.1331696396321718,0.07204813628137807,0.8780952380116099,0.13316962561547002,0.7607820471923613,0.7582746407182382,922,11875,128,37251
to_label_36.jpg,ALGAL_LEAF_SPOT,0.6,0.25294961734693877,0.07166809638874157,0.13375054577111228,0.07240781594648275,0.8752380951547392,0.13375053165616135,0.7627551020392962,0.7603509343305778,919,11773,131,37353
to_label_36.jpg,ALGAL_LEAF_SPOT,0.7,0.24970105229591838,0.07233672905257571,0.13491420575789884,0.07311038390874681,0.8723809522978684,0.13491419148769032,0.7658840880086777,0.7636078654871888,916,11613,134,37513
to_label_36.jpg,ALGAL_LEAF_SPOT,0.8,0.24647241709183673,0.07301663467631944,0.13609599761395172,0.07382550335510774,0.8695238094409977,0.1360959831860457,0.7689931441311204,0.7668444408240711,913,11454,137,37672
to_label_36.jpg,ALGAL_LEAF_SPOT,0.9,0.23987563775510204,0.07403151674266224,0.13785725202401147,0.0749418411426143,0.859047618965805,0.13785723726291596,0.7751514668351898,0.7733583031372931,902,11134,148,37992
to_label_361.jpg,ALGAL_LEAF_SPOT,0.1,0.5096659757653061,0.018220124068439703,0.035788183002391796,0.018261447620465877,0.8895238093543765,0.03578817905989289,0.4984853316316596,0.49435056695636675,467,25106,58,24545
to_label_361.jpg,ALGAL_LEAF_SPOT,0.2,0.42149633290816324,0.022021030791615877,0.043093106948218635,0.022081422289365542,0.8895238093543765,0.043093102220852754,0.5866549744886267,0.5834524984379298,467,20682,58,28969
to_label_361.jpg,ALGAL_LEAF_SPOT,0.3,0.401187818877551,0.023132553992356187,0.045219075284215836,0.023199205166303034,0.8895238093543765,0.04521907032969319,0.6069634885191985,0.6039757507389499,467,19663,58,29988
to_label_361.jpg,ALGAL_LEAF_SPOT,0.4,0.38657924107142855,0.02400411205333331,0.04688284308780803,0.024075888023797103,0.8895238093543765,0.04688283795591187,0.6215720663252918,0.6187387968004295,467,18930,58,30721
to_label_361.jpg,ALGAL_LEAF_SPOT,0.5,0.36918048469387754,0.025131848024835153,0.04903144521996414,0.02521053768071037,0.8895238093543765,0.049031439859523206,0.6389708227028081,0.636321524237908,467,18057,58,31594
to_label_361.jpg,ALGAL_LEAF_SPOT,0.6,0.35879703443877553,0.02585681855918356,0.05041018998245676,0.025940121090785202,0.8895238093543765,0.05041018447566687,0.6493542729578895,0.646814767072875,467,17536,58,32115
to_label_361.jpg,ALGAL_LEAF_SPOT,0.7,0.3500478316326531,0.026500964703061507,0.05163358947398068,0.026588476428908058,0.8895238093543765,0.05163358383753201,0.6581034757639945,0.655656482244757,467,17097,58,32554
to_label_361.jpg,ALGAL_LEAF_SPOT,0.8,0.3402622767857143,0.027260521860794695,0.05307421297844599,0.027353130674003672,0.8895238093543765,0.05307420718955873,0.6678890306109138,0.6655455076420101,467,16606,58,33045
to_label_361.jpg,ALGAL_LEAF_SPOT,0.9,0.30209661989795916,0.02758485126439795,0.053688707517351976,0.027774112679589825,0.8019047617520182,0.053688701045987816,0.7042211415802292,0.7031882540115946,421,14737,104,34914
to_label_39.jpg,ALGAL_LEAF_SPOT,0.1,0.20454001913265307,0.35060713260970827,0.5191844825108368,0.3573029328621523,0.9492622314017795,0.5191844427705714,0.8646364795901135,0.857577785932983,3667,6596,196,39717
to_label_39.jpg,ALGAL_LEAF_SPOT,0.2,0.19545200892857142,0.3576323368720068,0.5268471104570092,0.36718670337139603,0.9321770644335445,0.5268470699066136,0.8710937499982639,0.8659987476499773,3601,6206,262,40107
to_label_39.jpg,ALGAL_LEAF_SPOT,0.3,0.19292091836734693,0.35579137050399645,0.5248467843127457,0.3671487603267856,0.9200103546228318,0.5248467435332788,0.8717514349472422,0.8677261244124377,3554,6126,309,40187
to_label_39.jpg,ALGAL_LEAF_SPOT,0.4,0.19068877551020408,0.3535221203229515,0.5223736132788148,0.36663879598279014,0.9081025109783044,0.5223735722961349,0.8721500318860169,0.8691512102414675,3508,6060,355,40253
to_label_39.jpg,ALGAL_LEAF_SPOT,0.5,0.18865593112244897,0.35086652477601227,0.5194688273649976,0.36572998098071274,0.8961946673337771,0.5194687861962981,0.8723493303554043,0.8703603739751897,3462,6004,401,40309
to_label_39.jpg,ALGAL_LEAF_SPOT,0.6,0.18696189413265307,0.34785263586049403,0.5161582603404096,0.3643534804353016,0.8848045560216204,0.5161582190160224,0.8722895408145881,0.8712456545659507,3418,5963,445,40350
to_label_39.jpg,ALGAL_LEAF_SPOT,0.7,0.18478954081632654,0.3435965630079419,0.5114579368061556,0.3622735116440652,0.8695314522166832,0.511457895281249,0.8721101721921395,0.8723252650424884,3359,5913,504,40400
to_label_39.jpg,ALGAL_LEAF_SPOT,0.8,0.18231823979591838,0.33858024691009686,0.5058796403004697,0.35975076519064547,0.8519285529160775,0.5058795985462942,0.8718710140288746,0.8735344287762107,3291,5857,572,40456
to_label_39.jpg,ALGAL_LEAF_SPOT,0.9,0.17759486607142858,0.3291020705407439,0.4952246751174634,0.3549545505515099,0.8187936836443491,0.49522463292186103,0.8714923469370386,0.8758879796150629,3163,5748,700,40565
to_label_394.jpg,ALGAL_LEAF_SPOT,0.1,0.3989756058673469,0.043908287127009796,0.08412288257209244,0.043908287127009796,0.9999999998862344,0.08412287451323537,0.618542729590604,0.6117410795776381,879,19140,0,30157
to_label_394.jpg,ALGAL_LEAF_SPOT,0.2,0.36276307397959184,0.04829139654956438,0.09213353597771536,0.04829139654956438,0.9999999998862344,0.09213352718830917,0.6547552614782869,0.6485993062445005,879,17323,0,31974
to_label_394.jpg,ALGAL_LEAF_SPOT,0.3,0.33320711096938777,0.05257491476731518,0.09989771564893796,0.05257491476731518,0.9999999998862344,0.09989770615757729,0.6843112244884321,0.6786822727535576,879,15840,0,33457
to_label_394.jpg,ALGAL_LEAF_SPOT,0.4,0.3114636479591837,0.056245200921063186,0.10650027261097413,0.056245200921063186,0.9999999998862344,0.10650026252741805,0.7060546874985928,0.7008134369217177,879,14749,0,34548
to_label_394.jpg,ALGAL_LEAF_SPOT,0.5,0.29976482780612246,0.058440263279978456,0.11042713567769831,0.058440263279978456,0.9999999998862344,0.11042712524399971,0.7177535076516307,0.7127208552230101,879,14162,0,35135
to_label_394.jpg,ALGAL_LEAF_SPOT,0.6,0.29115513392857145,0.06016838934861956,0.1135072314042258,0.06016838934861956,0.9999999998862344,0.1135072206969654,0.7263632015291646,0.7214840659660395,879,13730,0,35567
to_label_394.jpg,ALGAL_LEAF_SPOT,0.7,0.2807716836734694,0.06239352640500856,0.11745840849791235,0.06239352640500856,0.9999999998862344,0.11745839744111164,0.7367466517842459,0.7320526604038134,879,13209,0,36088
to_label_394.jpg,ALGAL_LEAF_SPOT,0.8,0.26791693239795916,0.0653079440637808,0.12260857422062135,0.0653128022014036,0.998862343458605,0.12260856269830066,0.749561543365853,0.7451163356781445,878,12565,1,36732
to_label_394.jpg,ALGAL_LEAF_SPOT,0.9,0.24493781887755103,0.06743940990461668,0.12635735439193288,0.06769731488960376,0.946530147787653,0.12635734193249176,0.7707071109678517,0.7675720632071574,832,11458,47,37839
to_label_40.jpg,ALGAL_LEAF_SPOT,0.1,0.2674984056122449,0.13870806209214745,0.2436235707988213,0.14446431232197537,0.7768429486868252,0.24362354435404493,0.7600446428556281,0.7591652684547836,1939,11483,557,36197
to_label_40.jpg,ALGAL_LEAF_SPOT,0.2,0.26315369897959184,0.1409054574511961,0.24700636942517828,0.1468494395626564,0.7768429486868252,0.24700634268241436,0.7643893494882725,0.7637374161057807,1939,11265,557,36415
to_label_40.jpg,ALGAL_LEAF_SPOT,0.3,0.26070232780612246,0.14217627217962914,0.24895679527348683,0.14823025762443062,0.7768429486868252,0.24895676835977323,0.766840720661737,0.7663171140923525,1939,11142,557,36538
to_label_40.jpg,ALGAL_LEAF_SPOT,0.4,0.2587890625,0.14309975633062763,0.25037142303307036,0.14924913361456102,0.7764423076612003,0.2503713959844929,0.7687141262739782,0.7683095637567778,1938,11047,558,36633
to_label_40.jpg,ALGAL_LEAF_SPOT,0.5,0.25711495535714285,0.14390787518466636,0.25160745599628753,0.15014339973529073,0.7760416666355753,0.2516074288286541,0.7703483737229545,0.7700503355688547,1937,10964,559,36716
to_label_40.jpg,ALGAL_LEAF_SPOT,0.6,0.25502232142857145,0.14495357891475774,0.2532042898230892,0.15129728039894266,0.7756410256099503,0.25320426250523975,0.7724011479576443,0.7722315436225414,1936,10860,560,36820
to_label_40.jpg,ALGAL_LEAF_SPOT,0.7,0.2526705994897959,0.14581288227632852,0.25451430077596865,0.15231109007609786,0.7736378204818255,0.25451427328743215,0.7745535714270277,0.7746015100654895,1931,10747,565,36933
to_label_40.jpg,ALGAL_LEAF_SPOT,0.8,0.2501594387755102,0.14677640603454672,0.255980861242318,0.15344168259915994,0.7716346153537006,0.25598083356929574,0.7768654336719211,0.7771392617433365,1926,10626,570,37054
to_label_40.jpg,ALGAL_LEAF_SPOT,0.9,0.24451929209183673,0.14831233473208652,0.2583135794090192,0.15543239057661232,0.764022435866826,0.2583135513130617,0.7817482461719114,0.7826761744950028,1907,10362,589,37318
to_label_576.jpg,ALGAL_LEAF_SPOT,0.1,0.7307079081632653,0.03285415364539022,0.06361818564495995,0.03297512546358015,0.8995535713616403,0.06361817882267772,0.29069674744840024,0.27393922018292527,1209,35455,135,13377
to_label_576.jpg,ALGAL_LEAF_SPOT,0.2,0.6059271364795918,0.03212068012603751,0.062242101615704655,0.03249679307952341,0.7351190475643512,0.062242093507013416,0.4066685267849038,0.3976286041931569,988,29415,356,19417
to_label_576.jpg,ALGAL_LEAF_SPOT,0.3,0.5295958227040817,0.03446103679536643,0.06662607013623732,0.03499793022980093,0.6919642856628002,0.06662606097100227,0.4806879783153685,0.4748730340750433,930,25643,414,23189
to_label_576.jpg,ALGAL_LEAF_SPOT,0.4,0.5084901147959183,0.03586855908656329,0.06925310894307374,0.03645057615412538,0.6919642856628002,0.06925309943544543,0.5017936862234897,0.4965596330265061,930,24584,414,24248
to_label_576.jpg,ALGAL_LEAF_SPOT,0.5,0.5053212691326531,0.03608987543158023,0.0696655305439542,0.03667915598486816,0.6919642856628002,0.06966552098270407,0.5049625318867487,0.4998156946254509,930,24425,414,24407
to_label_576.jpg,ALGAL_LEAF_SPOT,0.6,0.502311862244898,0.036302599734419926,0.07006177489803352,0.036898904935578083,0.6919642856628002,0.07006176528529827,0.5079719387744979,0.5029079292257067,930,24274,414,24558
to_label_576.jpg,ALGAL_LEAF_SPOT,0.7,0.4989038584183674,0.036546547726503925,0.07051597983064596,0.03715096073168557,0.6919642856628002,0.07051597015893497,0.5113799426010216,0.5064097313226851,930,24103,414,24729
to_label_576.jpg,ALGAL_LEAF_SPOT,0.8,0.4914700255102041,0.03709021296946203,0.07152745731398429,0.03771289537697602,0.6919642856628002,0.07152744751109386,0.5188137755091701,0.5140481651365619,930,23730,414,25102
to_label_576.jpg,ALGAL_LEAF_SPOT,0.9,0.46815210459183676,0.03821070234097738,0.07360876218058464,0.0389101745421928,0.6800595237589241,0.07360875194220003,0.5414939413254514,0.5376802096974572,914,22576,430,26256
to_label_726.jpg,ALGAL_LEAF_SPOT,0.1,0.4997010522959184,0.037507971938626004,0.07230396865007374,0.037530411199148364,0.9843096233280011,0.07230396157393681,0.5187539859683539,0.509711499389456,941,24132,15,25088
to_label_726.jpg,ALGAL_LEAF_SPOT,0.2,0.47831632653061223,0.03637873754137717,0.07020355826226077,0.03649999999984792,0.9163179915359501,0.07020355089398772,0.5375478316315817,0.5301909792756396,876,23124,80,26096
to_label_726.jpg,ALGAL_LEAF_SPOT,0.3,0.4603993941326531,0.03457618371808121,0.06684125202615937,0.03480368815187739,0.8410041840124473,0.0668412443939286,0.5525948660703273,0.5469930922378159,804,22297,152,26923
to_label_726.jpg,ALGAL_LEAF_SPOT,0.4,0.44724569515306123,0.03293452827675187,0.06376885925518755,0.03324272536859657,0.7803347279518479,0.06376885141683503,0.5634367028049995,0.5592238927253977,746,21695,210,27525
to_label_726.jpg,ALGAL_LEAF_SPOT,0.5,0.43819754464285715,0.03165609964462585,0.06136948088714915,0.032018920270923644,0.7364016735631379,0.061369472900438655,0.5708107461723317,0.5675944737899886,704,21283,252,27937
to_label_726.jpg,ALGAL_LEAF_SPOT,0.6,0.43004623724489793,0.030267008046679467,0.058755658116363026,0.030679395680643807,0.692468619174428,0.05875564999111974,0.5772879464274209,0.5750507923596606,662,20916,294,28304
to_label_726.jpg,ALGAL_LEAF_SPOT,0.7,0.42233338647959184,0.028705467044318336,0.05580891317083213,0.029163324052526245,0.6464435145767319,0.05580890491002064,0.5832469706621028,0.5820195042653759,618,20573,338,28647
to_label_726.jpg,ALGAL_LEAF_SPOT,0.8,0.40798389668367346,0.02698427914097496,0.05255052037124865,0.027502320355490682,0.5889121338296117,0.05255051184581203,0.5954041772947317,0.5955302722458441,563,19908,393,29312
to_label_726.jpg,ALGAL_LEAF_SPOT,0.9,0.382991868622449,0.02562407849903084,0.04996777871387514,0.026226778373178817,0.5271966526645192,0.04996776968477777,0.6180444834171356,0.6198090207220239,504,18713,452,30507
to_label_1046.jpg,ALLOCARIDARA_ATTACK,0.1,0.40292171556122447,0.1319186822964242,0.2330886208694586,0.1319186822964242,0.9999999999625048,0.23308860027609504,0.6502311862231939,0.6305963080666177,2667,17550,0,29959
to_label_1046.jpg,ALLOCARIDARA_ATTACK,0.2,0.33358577806122447,0.15933803321687573,0.2748776088622784,0.15933803321687573,0.9999999999625048,0.274877585150988,0.7195671237230556,0.7038245385070117,2667,14071,0,33438
to_label_1046.jpg,ALLOCARIDARA_ATTACK,0.3,0.30626195790816324,0.17355371900713507,0.29577464788568386,0.17355371900713507,0.9999999999625048,0.2957746226807132,0.7468909438760625,0.7326822286288226,2667,12700,0,34809
to_label_1046.jpg,ALLOCARIDARA_ATTACK,0.4,0.29306839923469385,0.1813668820116874,0.3070458208593884,0.1813668820116874,0.9999999999625048,0.3070457948668978,0.7600845025495055,0.7466164305694781,2667,12038,0,35471
to_label_1046.jpg,ALLOCARIDARA_ATTACK,0.5,0.27596859056122447,0.19260489636605324,0.3229986677950648,0.19260489636605324,0.9999999999625048,0.32299864070965134,0.7771843112229408,0.7646761666194517,2667,11180,0,36329
to_label_1046.jpg,ALLOCARIDARA_ATTACK,0.6,0.26235650510204084,0.2025979945289988,0.3369338639357151,0.2025979945289988,0.9999999999625048,0.33693383591642423,0.7907963966820974,0.7790523900718199,2667,10497,0,37012
to_label_1046.jpg,ALLOCARIDARA_ATTACK,0.7,0.24904336734693877,0.21342829705334962,0.3517773527642829,0.21342829705334962,0.9999999999625048,0.3517773237715954,0.8041095344371729,0.7931128838729649,2667,9829,0,37680
to_label_1046.jpg,ALLOCARIDARA_ATTACK,0.8,0.23557079081632654,0.22563451776458854,0.3681921722898585,0.22563451776458854,0.9999999999625048,0.36819214224637603,0.8175821109677583,0.8073417668214289,2667,9153,0,38356
to_label_1046.jpg,ALLOCARIDARA_ATTACK,0.9,0.22058354591836735,0.23040401325602072,0.3745176556215907,0.23238164076407317,0.9643794525322693,0.37451762432459595,0.8287826849473279,0.82117072554501,2572,8496,95,39013
to_label_1063.jpg,ALLOCARIDARA_ATTACK,0.1,0.385562818877551,0.25736090341743223,0.4093667978985836,0.2579861470057997,0.9906709011315865,0.40936676511234105,0.7129703443863341,0.6819752758193053,4991,14355,47,30783
to_label_1063.jpg,ALLOCARIDARA_ATTACK,0.2,0.36039142219387754,0.2736737729285866,0.42973919812971,0.27473317480354625,0.9861055974397359,0.42973916404425777,0.7372249681107756,0.7094465860235069,4968,13115,70,32023
to_label_1063.jpg,ALLOCARIDARA_ATTACK,0.3,0.32352120535714285,0.30360973217930004,0.46579850500462694,0.305180804532094,0.983326716931653,0.46579846885220433,0.7735371492331522,0.7501218485516635,4954,11279,84,33859
to_label_1063.jpg,ALLOCARIDARA_ATTACK,0.4,0.3090322066326531,0.3168386641861622,0.4812110591876888,0.31877982716162273,0.9811433108181592,0.4812110221669253,0.787587691324961,0.7659843147663477,4943,10563,95,34575
to_label_1063.jpg,ALLOCARIDARA_ATTACK,0.5,0.30113998724489793,0.32378449408460064,0.48918006749806836,0.3261416280587284,0.9781659388452131,0.4891800299906805,0.7948820153045383,0.7744250963694128,4928,10182,110,34956
to_label_1063.jpg,ALLOCARIDARA_ATTACK,0.6,0.2948022959183674,0.3292666577267109,0.495410993441778,0.3320713899382634,0.974990075407404,0.49541095553662795,0.8005819515290167,0.7811156896610812,4912,9880,126,35258
to_label_1063.jpg,ALLOCARIDARA_ATTACK,0.7,0.28649154974489793,0.3367993389317119,0.5038891464456606,0.34024347825850265,0.9708217546452794,0.5038891080095,0.8080556441310426,0.7898887855004876,4891,9484,147,35654
to_label_1063.jpg,ALLOCARIDARA_ATTACK,0.8,0.27503188775510207,0.3475928177956392,0.5158721732640627,0.35210144927281084,0.9644700277696612,0.5158721340783294,0.8182397959167366,0.8019185608560372,4859,8941,179,36197
to_label_1063.jpg,ALLOCARIDARA_ATTACK,0.9,0.25851004464285715,0.3418523209869469,0.5095230162668136,0.35371212704992894,0.910678840791769,0.5095229759660869,0.8239596619881537,0.814280650447928,4588,8383,450,36755
to_label_1064.jpg,ALLOCARIDARA_ATTACK,0.1,0.32290338010204084,0.3057139532159565,0.4682709447394462,0.3242809529667678,0.8422571336831957,0.4682709045954292,0.7621970663250116,0.7508307160072129,5254,10948,984,32990
to_label_1064.jpg,ALLOCARIDARA_ATTACK,0.2,0.3151307397959184,0.3123437685971173,0.4760090702926258,0.33189982291720277,0.8412952869374593,0.47600902971673587,0.7697305484678537,0.759570303607903,5248,10564,990,33374
to_label_1064.jpg,ALLOCARIDARA_ATTACK,0.3,0.31092554209183676,0.315602409636653,0.4797838728857558,0.3358118069333003,0.8398525168188545,0.47978383207396524,0.7735770089270297,0.7641676908353494,5239,10362,999,33576
to_label_1064.jpg,ALLOCARIDARA_ATTACK,0.4,0.30739795918367346,0.31739950130561695,0.4818576308721177,0.3383687759314162,0.8366463609997332,0.481857589861265,0.7763073979576365,0.7677409076408399,5219,10205,1019,33733
to_label_1064.jpg,ALLOCARIDARA_ATTACK,0.5,0.30393016581632654,0.3199017198997549,0.48473566641621024,0.34150819671907207,0.8348829752992164,0.48473562520864477,0.7793367346923243,0.7714506805025912,5208,10042,1030,33896
to_label_1064.jpg,ALLOCARIDARA_ATTACK,0.6,0.29892777423469385,0.3230951342575347,0.48839289918308426,0.34575638375661205,0.8313562038981829,0.4883928576900331,0.7834622130086426,0.7766625699832111,5186,9813,1052,34125
to_label_1064.jpg,ALLOCARIDARA_ATTACK,0.7,0.2928093112244898,0.3274560791505838,0.4933588150955883,0.3514157364528218,0.8276691247061932,0.493358773250715,0.7886639030596527,0.7831262233128883,5163,9529,1075,34409
to_label_1064.jpg,ALLOCARIDARA_ATTACK,0.8,0.28439891581632654,0.33142894241166376,0.4978544958040869,0.35774351786714964,0.8183712728307411,0.4978544534712288,0.7947624362229059,0.7914106240593759,5105,9165,1133,34773
to_label_1064.jpg,ALLOCARIDARA_ATTACK,0.9,0.2524912308673469,0.33646709549490017,0.5035172158433199,0.3757202620540238,0.7630650849508966,0.5035171716253729,0.8129185267840942,0.8199963585033001,4760,7909,1478,36029
to_label_1147.jpg,ALLOCARIDARA_ATTACK,0.1,0.6176658163265306,0.13666860202523493,0.24047220409137468,0.1367127000511851,0.9976453967271569,0.24047218289172664,0.4665776466827436,0.417470443509727,4237,26755,10,19174
to_label_1147.jpg,ALLOCARIDARA_ATTACK,0.2,0.5763711734693877,0.14582325709892274,0.2545301052243057,0.14595435684596833,0.9938780315282817,0.2545300828930548,0.5072345344377646,0.4622351890952073,4221,24699,26,21230
to_label_1147.jpg,ALLOCARIDARA_ATTACK,0.3,0.5443638392857143,0.1538405293746432,0.26665821741938894,0.15406018891354595,0.9908170473041955,0.2666581941271215,0.5387236926009671,0.49691915782948265,4208,23106,39,22823
to_label_1147.jpg,ALLOCARIDARA_ATTACK,0.4,0.5196109693877551,0.1604026331898331,0.2764603054181323,0.16074716170542824,0.9868142217803906,0.27646028132610995,0.56279894770296,0.5235907596496253,4191,21881,56,24048
to_label_1147.jpg,ALLOCARIDARA_ATTACK,0.5,0.5084502551020408,0.1633243422846514,0.2807890050059451,0.16376607086796893,0.9837532375563044,0.2807889805357853,0.5734414859682448,0.5355004463399258,4178,21334,69,24595
to_label_1147.jpg,ALLOCARIDARA_ATTACK,0.6,0.5006776147959183,0.16520531640481964,0.2835643024948634,0.16575113446315679,0.9804567930072885,0.2835642777545577,0.5806560905600673,0.543686995143496,4164,20958,83,24971
to_label_1147.jpg,ALLOCARIDARA_ATTACK,0.7,0.4869858099489796,0.1689285568726049,0.2890314482940903,0.16963372211921574,0.9759830468336241,0.2890314230637536,0.5935905612233068,0.5582311829115412,4145,20290,102,25639
to_label_1147.jpg,ALLOCARIDARA_ATTACK,0.8,0.45717075892857145,0.1766793628801217,0.3003016258357232,0.17795021578892736,0.9611490463630528,0.3003015994715429,0.6208944515293748,0.5894315138570632,4082,18857,165,27072
to_label_1147.jpg,ALLOCARIDARA_ATTACK,0.9,0.34632095025510207,0.1524195267525452,0.26452090269947964,0.1645853714670853,0.6734165292989542,0.26452087113259154,0.683035714284353,0.6839251888769973,2860,14517,1387,31412
to_label_1297.jpg,ALLOCARIDARA_ATTACK,0.1,0.25940688775510207,0.5092074248636622,0.6748011127889365,0.5311155500881137,0.9250635621447202,0.6748010664451166,0.8672074298452104,0.8570826405618878,6913,6103,560,36600
to_label_1297.jpg,ALLOCARIDARA_ATTACK,0.2,0.25474330357142855,0.5055002229782555,0.671537891875233,0.5320763573733994,0.9100762745763404,0.6715378453069543,0.8674067283145978,0.859939582697094,6801,5981,672,36722
to_label_1297.jpg,ALLOCARIDARA_ATTACK,0.3,0.2514150191326531,0.5013452914760737,0.667861409793569,0.5317479191396611,0.8976314732918824,0.6678613630663747,0.8670280612227618,0.861672482025006,6708,5907,765,36796
to_label_1297.jpg,ALLOCARIDARA_ATTACK,0.4,0.2479870854591837,0.4957566654112222,0.6628841132724298,0.5304990757813188,0.8833132610613768,0.6628840663828175,0.8661910076513349,0.8631946233265504,6601,5842,872,36861
to_label_1297.jpg,ALLOCARIDARA_ATTACK,0.5,0.24579480229591838,0.49175265496353276,0.6592951630785656,0.5293926862845261,0.8736785761959899,0.659295116085812,0.8655133928554178,0.8640844905489916,6529,5804,944,36899
to_label_1297.jpg,ALLOCARIDARA_ATTACK,0.6,0.24354272959183673,0.4885109599358389,0.6563753618003535,0.528887070372104,0.8648467817360519,0.6563753147022818,0.8651347257635819,0.8651851157978007,6463,5757,1010,36946
to_label_1297.jpg,ALLOCARIDARA_ATTACK,0.7,0.24091198979591838,0.4843678858667144,0.6526251214117242,0.5280443414913298,0.8541415763300664,0.6526250741915073,0.8645766900492973,0.8664028288390361,6383,5705,1090,36998
to_label_1297.jpg,ALLOCARIDARA_ATTACK,0.8,0.2373644770408163,0.47894094307585117,0.6476809575367709,0.5270361041097645,0.8399571791671356,0.6476809101534666,0.8638990752533803,0.8680888930499775,6277,5633,1196,37070
to_label_1297.jpg,ALLOCARIDARA_ATTACK,0.9,0.22931281887755103,0.46397716753730345,0.6338584751534124,0.5227707283111179,0.8048976314625331,0.6338584274078468,0.861507493620732,0.8714141863548898,6015,5491,1458,37212
to_label_1317.jpg,ALLOCARIDARA_ATTACK,0.1,0.2856943558673469,0.6717920805506069,0.8036789842063988,0.688803627480371,0.9645403926837497,0.8036789355938292,0.9038584183655456,0.8883046646113115,9874,4461,363,35478
to_label_1317.jpg,ALLOCARIDARA_ATTACK,0.2,0.267398756377551,0.7057763034491542,0.8275133169830577,0.7294477155792692,0.9560418091144276,0.8275132678832431,0.918686224487965,0.9091113948749114,9787,3630,450,36309
to_label_1317.jpg,ALLOCARIDARA_ATTACK,0.3,0.26185825892857145,0.7119004027776499,0.8317077344249156,0.7398584367094919,0.9495946077859764,0.8317076851919525,0.9215959821410205,0.9144194897195362,9721,3418,516,36521
to_label_1317.jpg,ALLOCARIDARA_ATTACK,0.4,0.2582310267857143,0.7152788049052264,0.8340087953745192,0.746469090061384,0.9448080492239443,0.8340087460585589,0.9232700892838742,0.9177495680890414,9672,3285,565,36654
to_label_1317.jpg,ALLOCARIDARA_ATTACK,0.5,0.2553810586734694,0.7177882107406082,0.8357121166073676,0.7516778523431272,0.9409006544794285,0.8357120672286575,0.9245256696410146,0.9203285009616657,9632,3182,605,36757
to_label_1317.jpg,ALLOCARIDARA_ATTACK,0.6,0.25173389668367346,0.7196570912865118,0.8369774357143739,0.7576597260647798,0.9348441926254288,0.8369773862586933,0.9257015306104,0.9233581211324186,9570,3061,667,36878
to_label_1317.jpg,ALLOCARIDARA_ATTACK,0.7,0.24762834821428573,0.7207289293794933,0.8377018797950856,0.7639436619656825,0.9272247728736228,0.8377018302574802,0.9266980229573367,0.9265630085857769,9492,2933,745,37006
to_label_1317.jpg,ALLOCARIDARA_ATTACK,0.8,0.24099170918367346,0.7205270457642122,0.8375654977794009,0.7733212040954902,0.9134512063992043,0.8375654481207323,0.9277144451512123,0.9313703397658144,9351,2741,886,37198
to_label_1317.jpg,ALLOCARIDARA_ATTACK,0.9,0.22839604591836735,0.7198002536404581,0.837074249892441,0.7924083769564362,0.887076291873722,0.8370742000474491,0.929547991069576,0.9404341620948435,9081,2379,1156,37560
to_label_1334.jpg,ALLOCARIDARA_ATTACK,0.1,0.5408960459183674,0.13909331763269395,0.24421759917223085,0.13927781871724657,0.9905660377098908,0.2442175775562801,0.5337213010193445,0.4961173425355994,3780,23360,36,23000
to_label_1334.jpg,ALLOCARIDARA_ATTACK,0.2,0.4781967474489796,0.15682196339369042,0.2711254944254904,0.1571226139861752,0.9879454926365843,0.2711254707468434,0.5960220025498325,0.5637618636743663,3770,20224,46,26136
to_label_1334.jpg,ALLOCARIDARA_ATTACK,0.3,0.42574139030612246,0.17571795470382573,0.29891174835054846,0.17615391817163115,0.9861111110852696,0.2989117226313266,0.6481983418354428,0.6203839516811467,3763,17599,53,28761
to_label_1334.jpg,ALLOCARIDARA_ATTACK,0.4,0.39760044642857145,0.18788424051488037,0.31633425902416756,0.18842105263063447,0.9850628930559471,0.31633423206599287,0.6761798469374278,0.6507549611720217,3759,16191,57,30169
to_label_1334.jpg,ALLOCARIDARA_ATTACK,0.5,0.3871372767857143,0.1919072772952874,0.3220171249071812,0.19263835263736093,0.9806079664313259,0.32201709745912116,0.6859654017843472,0.6617126833462862,3742,15683,74,30677
to_label_1334.jpg,ALLOCARIDARA_ATTACK,0.6,0.38046077806122447,0.19364252214594244,0.32445647428479674,0.19465688842223855,0.9737945492407287,0.32445644651530736,0.6916055484680094,0.6683779119916557,3716,15374,100,30986
to_label_1334.jpg,ALLOCARIDARA_ATTACK,0.7,0.37284757653061223,0.19592226823725217,0.3276505061253434,0.19724182167951013,0.9669811320501316,0.32765047798061275,0.6981823979577922,0.6760569456413372,3690,15018,126,31342
to_label_1334.jpg,ALLOCARIDARA_ATTACK,0.8,0.3637794961734694,0.19809989142129153,0.33069010829520734,0.1999123431753689,0.9562368972495745,0.3306900796909933,0.7056162308659406,0.684987057806978,3649,14604,167,31756
to_label_1334.jpg,ALLOCARIDARA_ATTACK,0.9,0.3425143494897959,0.20465756567509086,0.33977716407799363,0.20761084603626434,0.9350104821557912,0.33977713433974077,0.7236527423454965,0.7062553925782867,3568,13618,248,32742
to_label_1667.jpg,ALLOCARIDARA_ATTACK,0.1,0.42639907525510207,0.30739711525602137,0.47024291497817056,0.32573031081876264,0.8452395391043633,0.4702428748181739,0.6870615433659776,0.655958598648599,6969,14426,1276,27505
to_label_1667.jpg,ALLOCARIDARA_ATTACK,0.2,0.39122289540816324,0.3297872340409799,0.49599999999822064,0.3521650534877628,0.8384475439558707,0.49599995833721816,0.7200055803557079,0.6967160334819186,6913,12717,1332,29214
to_label_1667.jpg,ALLOCARIDARA_ATTACK,0.3,0.35702327806122447,0.35321504319304114,0.5220383042145263,0.3811544043743376,0.8281382656054803,0.5220382610436376,0.7508171237229934,0.7356132694170527,6828,11086,1417,30845
to_label_1667.jpg,ALLOCARIDARA_ATTACK,0.4,0.3416374362244898,0.3599207199466471,0.5293260330069354,0.3919612647276166,0.8149181321914503,0.5293259891457879,0.7618582589270531,0.7514249600516291,6719,10423,1526,31508
to_label_1667.jpg,ALLOCARIDARA_ATTACK,0.5,0.3211694834183674,0.36723354099810723,0.5371921182243957,0.40601923673344076,0.7935718617247595,0.5371920734409251,0.7753109056106997,0.7717202070049087,6543,9572,1702,32359
to_label_1667.jpg,ALLOCARIDARA_ATTACK,0.6,0.30628188775510207,0.3720511330600113,0.5423283784333107,0.4166449765719895,0.7765918738535282,0.5423283329808308,0.7846181441310893,0.7861963702254031,6403,8965,1842,32966
to_label_1667.jpg,ALLOCARIDARA_ATTACK,0.7,0.2858936543367347,0.38648499355314253,0.557503320050653,0.4389682816281703,0.7637355973224531,0.5575032736940255,0.800781249998404,0.8080656316309937,6297,8048,1948,33883
to_label_1667.jpg,ALLOCARIDARA_ATTACK,0.8,0.24998007015306123,0.42198508789642253,0.5935154897027443,0.4918281112932167,0.7482110369830416,0.5935154418372517,0.8315927933656896,0.8479883618305121,6169,6374,2076,35557
to_label_1667.jpg,ALLOCARIDARA_ATTACK,0.9,0.2039421237244898,0.4765862234259502,0.6455244073999051,0.5828202873000798,0.723347483314453,0.6455243579751677,0.8694595025492876,0.8981898833776962,5964,4269,2281,37662
to_label_765.jpg,ALLOCARIDARA_ATTACK,0.1,0.3447265625,0.29088330817304386,0.45067328135914003,0.36763600624173187,0.5821660715867237,0.4506732339083698,0.6910475127537248,0.7213461391467624,6359,10938,4564,28315
to_label_765.jpg,ALLOCARIDARA_ATTACK,0.2,0.3192163584183674,0.28800917957406763,0.4472160356330838,0.3761003933297365,0.5514968415220041,0.44721598741912105,0.7032047193863536,0.745420732171438,6024,9993,4899,29260
to_label_765.jpg,ALLOCARIDARA_ATTACK,0.3,0.30654097576530615,0.28105975746222633,0.4387925790737576,0.3752031727431558,0.5283347065776037,0.4387925305082671,0.7057955994883892,0.7551779481803806,5771,9610,5152,29643
to_label_765.jpg,ALLOCARIDARA_ATTACK,0.4,0.2973134566326531,0.27389696820175546,0.43001431832966985,0.3724359833732911,0.5086514693718882,0.43001426952305827,0.7064532844373675,0.7614959366143697,5556,9362,5367,29891
to_label_765.jpg,ALLOCARIDARA_ATTACK,0.5,0.2893614477040816,0.2664011946228651,0.42072164137874096,0.3686204284016212,0.48997528151158126,0.4207215923759582,0.7062739158149189,0.7664637097781916,5352,9167,5571,30086
to_label_765.jpg,ALLOCARIDARA_ATTACK,0.6,0.28087133290816324,0.2602518891674546,0.4130156699695674,0.366564961325718,0.47294699258012496,0.4130156207708063,0.7073501275496107,0.7725778921336647,5166,8927,5757,30326
to_label_765.jpg,ALLOCARIDARA_ATTACK,0.7,0.26875398596938777,0.2542651592998239,0.40544083906749656,0.36692621430947775,0.45298910555293426,0.4054407896167302,0.7107780612230732,0.7825134384613086,4948,8537,5975,30716
to_label_765.jpg,ALLOCARIDARA_ATTACK,0.8,0.25809151785714285,0.25905806655630476,0.41151091190712724,0.37930501930209026,0.449693307695233,0.41151086226587474,0.7200055803557079,0.79522584260873,4912,8038,6011,31215
to_label_765.jpg,ALLOCARIDARA_ATTACK,0.9,0.24573501275510204,0.26320078226714905,0.4167204231694116,0.39294403892625346,0.4435594616822891,0.41672037335068823,0.7296914859679334,0.8093139377861327,4845,7485,6078,31768
to_label_855.jpg,ALLOCARIDARA_ATTACK,0.1,0.2477080676020408,0.44556435484804763,0.6164573072845085,0.4481454662446846,0.9872385678662312,0.6164572643338964,0.8618662308656292,0.8459828445662955,5570,6859,72,37675
to_label_855.jpg,ALLOCARIDARA_ATTACK,0.2,0.24262595663265307,0.4540112625442421,0.6244948360988746,0.4569574503001728,0.9859978730771712,0.624494792816497,0.8666693239778646,0.8515516234767783,5563,6611,79,37923
to_label_855.jpg,ALLOCARIDARA_ATTACK,0.3,0.2404735331632653,0.45792853613981616,0.6281906482910086,0.4609646941781786,0.9858206309644484,0.6281906048677087,0.8687818877533705,0.8539542821196076,5562,6504,80,38030
to_label_855.jpg,ALLOCARIDARA_ATTACK,0.4,0.23856026785714285,0.4610917537708554,0.6311605723334592,0.46432748537623786,0.9851116625135571,0.6311605287847201,0.8705357142839794,0.8560201194573673,5558,6412,84,38122
to_label_855.jpg,ALLOCARIDARA_ATTACK,0.5,0.23700573979591838,0.46360601001282464,0.6335120337593617,0.4670366632991335,0.9844026940626657,0.6335119901085933,0.8719308035696908,0.8576817712290437,5554,6338,88,38196
to_label_855.jpg,ALLOCARIDARA_ATTACK,0.6,0.23515226403061223,0.466492894976318,0.6362020526309489,0.470209339770572,0.9833392413863287,0.636202008858416,0.8735451211717284,0.8596353347984469,5548,6251,94,38283
to_label_855.jpg,ALLOCARIDARA_ATTACK,0.7,0.2334781568877551,0.4686918260241268,0.6382439361604064,0.47281263337197765,0.9817440623718231,0.6382438922778009,0.874860491069685,0.8613194413237946,5539,6176,103,38358
to_label_855.jpg,ALLOCARIDARA_ATTACK,0.8,0.23108657525510204,0.4724927387624082,0.6417590067840009,0.4770159551489692,0.9803261254700403,0.6417589627440168,0.8769331951513135,0.8638343737349804,5531,6064,111,38470
to_label_855.jpg,ALLOCARIDARA_ATTACK,0.9,0.2272002551020408,0.47754465059409096,0.6464030043384204,0.48315789473260384,0.976249556877415,0.6464029600424758,0.8799027423451852,0.8676965913664443,5508,5892,134,38642
to_label_864.jpg,ALLOCARIDARA_ATTACK,0.1,0.48945711096938777,0.09947077219108544,0.18094300404703736,0.1010220285838144,0.8662709496904235,0.18094298534025754,0.5523557079070625,0.533353060533198,2481,22078,383,25234
to_label_864.jpg,ALLOCARIDARA_ATTACK,0.2,0.41109295280612246,0.10738697968176407,0.19394661785282044,0.11043777573030282,0.7953910614247419,0.19394659644104079,0.6226283482130448,0.6121702739249827,2278,18349,586,28963
to_label_864.jpg,ALLOCARIDARA_ATTACK,0.3,0.3512635522959184,0.12299260071184985,0.21904436526809973,0.12731914893544782,0.7835195530452682,0.21904434121838837,0.6811025191312956,0.6749027730793986,2244,15381,620,31931
to_label_864.jpg,ALLOCARIDARA_ATTACK,0.4,0.3295998086734694,0.13078447371412294,0.23131635913704093,0.13568750755753,0.7835195530452682,0.23131633397107967,0.7027662627537015,0.6978779168061002,2244,14294,620,33018
to_label_864.jpg,ALLOCARIDARA_ATTACK,0.5,0.3198939732142857,0.13460500269849077,0.23727200634291687,0.1398043735584088,0.7835195530452682,0.23727198064407426,0.7124720982128657,0.7081712884665451,2244,13807,620,33505
to_label_864.jpg,ALLOCARIDARA_ATTACK,0.6,0.31172273596938777,0.1379988930561589,0.2425290462024181,0.14346908765332478,0.7835195530452682,0.24252902003800156,0.7206433354577474,0.7168371660451538,2244,13397,620,33915
to_label_864.jpg,ALLOCARIDARA_ATTACK,0.7,0.30313297193877553,0.1417561591905132,0.24831249308261416,0.147534516764316,0.7835195530452682,0.24831246641120316,0.7292330994883426,0.7259469056460814,2244,12966,620,34346
to_label_864.jpg,ALLOCARIDARA_ATTACK,0.8,0.2952407525510204,0.14539328754603217,0.2538748727217226,0.1514783313071994,0.7835195530452682,0.2538748455678352,0.7371253188760819,0.7343168752098108,2244,12570,620,34742
to_label_864.jpg,ALLOCARIDARA_ATTACK,0.9,0.27748325892857145,0.15430103829915215,0.2673497349123289,0.16117216117100358,0.7835195530452682,0.2673497066105297,0.7548828124984955,0.7531493067282018,2244,11679,620,35633
to_label_868.jpg,ALLOCARIDARA_ATTACK,0.1,0.31026785714285715,0.5810358967851805,0.7350065839322653,0.5915981500475873,0.9701885599813527,0.7350065368674299,0.8676458864778627,0.8437185064994132,9210,6358,283,34325
to_label_868.jpg,ALLOCARIDARA_ATTACK,0.2,0.30129942602040816,0.5980131160275436,0.7484458169080962,0.6092075671344807,0.9701885599813527,0.748445769516958,0.8766143176002937,0.8547796376844019,9210,5908,283,34775
to_label_868.jpg,ALLOCARIDARA_ATTACK,0.3,0.2971141581632653,0.6062800342268034,0.7548870947881033,0.6177891065158452,0.9701885599813527,0.7548870472473734,0.8807995854574282,0.8599414989040632,9210,5698,283,34985
to_label_868.jpg,ALLOCARIDARA_ATTACK,0.4,0.2942442602040816,0.6119750132867359,0.7592859793018127,0.6237469520412913,0.9700832192039388,0.7592859316596087,0.8836296237227287,0.8634564805917374,9209,5555,284,35128
to_label_868.jpg,ALLOCARIDARA_ATTACK,0.5,0.2914341517857143,0.6177634668235207,0.7637253275801803,0.6297613348790961,0.9700832192039388,0.7637252798395454,0.8864397321410905,0.8669223016963672,9209,5414,284,35269
to_label_868.jpg,ALLOCARIDARA_ATTACK,0.6,0.28860411352040816,0.6232649468439078,0.7679152415084345,0.6356605206778837,0.9696618560942835,0.767915193669656,0.889110331630881,0.8703143819264304,9205,5276,288,35407
to_label_868.jpg,ALLOCARIDARA_ATTACK,0.7,0.285953443877551,0.6288173806064847,0.7721152636182538,0.6414831335333043,0.9695565153168697,0.7721152156884966,0.8917211415798555,0.8735589804073604,9204,5144,289,35539
to_label_868.jpg,ALLOCARIDARA_ATTACK,0.8,0.2826650191326531,0.6351958008105864,0.7769048825782358,0.6484523725541249,0.9688191298749729,0.7769048345369572,0.8947305484676046,0.8774426664678675,9197,4986,296,35697
to_label_868.jpg,ALLOCARIDARA_ATTACK,0.9,0.27566964285714285,0.6487594542966794,0.7869667738444288,0.663533834581669,0.9668176551041101,0.7869667255712964,0.9009685905594289,0.885603323253237,9178,4654,315,36029
to_label_869.jpg,ALLOCARIDARA_ATTACK,0.1,0.23020966198979592,0.5986242476302783,0.7489242684985535,0.6027183793558764,0.9887800028264625,0.7489242214367193,0.9069674744879883,0.8936130752268607,6962,4589,79,38546
to_label_869.jpg,ALLOCARIDARA_ATTACK,0.2,0.22333386479591838,0.6122106379164851,0.7594673096905822,0.6183294663517906,0.9840931685700314,0.759467262291479,0.9125279017838956,0.9008461805937155,6929,4277,112,38858
to_label_869.jpg,ALLOCARIDARA_ATTACK,0.3,0.2205436862244898,0.6151101596591284,0.7616943723379814,0.6231700704805424,0.9794063343136002,0.7616943248044138,0.914002710457362,0.9033267648060662,6896,4170,145,38965
to_label_869.jpg,ALLOCARIDARA_ATTACK,0.4,0.21855070153061223,0.6183158083884397,0.7641472760550666,0.6273937625330348,0.9771339298256336,0.7641472284263892,0.9153579400491961,0.9052741393279117,6880,4086,161,39049
to_label_869.jpg,ALLOCARIDARA_ATTACK,0.5,0.21653778698979592,0.6201592471894665,0.7655534457680914,0.6308329498331262,0.973441272532688,0.7655533980442062,0.9163345025491941,0.9070128665795595,6854,4011,187,39124
to_label_869.jpg,ALLOCARIDARA_ATTACK,0.6,0.21466438137755103,0.6214838415965271,0.76656186839902,0.6338315848051821,0.9696065899592443,0.7665618205873338,0.9171316964267436,0.9085661295910314,6827,3944,214,39191
to_label_869.jpg,ALLOCARIDARA_ATTACK,0.7,0.21257174744897958,0.6228576665693074,0.7676060315086259,0.6371648227954513,0.9652038062638091,0.7676059835998342,0.9179886798451092,0.9102816738126572,6796,3870,245,39265
to_label_869.jpg,ALLOCARIDARA_ATTACK,0.8,0.2099011479591837,0.6238218443852909,0.7683377909248942,0.6409988606091815,0.958812668641403,0.7683377428937558,0.9188655931104136,0.9123449634846126,6751,3781,290,39354
to_label_869.jpg,ALLOCARIDARA_ATTACK,0.9,0.20438058035714285,0.625411145563148,0.76954209065235,0.6489517308566655,0.9451782417136035,0.7695420423744189,0.9205596301002061,0.9165410919185892,6655,3600,386,39535
to_label_874.jpg,ALLOCARIDARA_ATTACK,0.1,0.3415377869897959,0.3006687242782887,0.46232944433275724,0.34107486724431885,0.7173539518812303,0.46232940065020195,0.729053730865894,0.7313219758238999,5845,11292,2303,30736
to_label_874.jpg,ALLOCARIDARA_ATTACK,0.2,0.3272082270408163,0.30462028677480285,0.4669868924510828,0.34937263978347316,0.703976435926559,0.46698684811565,0.7390385841822006,0.7458361092587183,5736,10682,2412,31346
to_label_874.jpg,ALLOCARIDARA_ATTACK,0.3,0.31604751275510207,0.3105142482786848,0.4738815296156216,0.35868331441317514,0.6980854197263368,0.47388148477115083,0.748286033161774,0.7580184638794184,5688,10170,2460,31858
to_label_874.jpg,ALLOCARIDARA_ATTACK,0.4,0.3090720663265306,0.3135654395007298,0.4774264457199973,0.36413464018336256,0.6930535100553136,0.47742640055795715,0.7536272321413552,0.7653707052423019,5647,9861,2501,32167
to_label_874.jpg,ALLOCARIDARA_ATTACK,0.5,0.3033920599489796,0.31519414743773105,0.47931196782131996,0.3679301057586026,0.6874079528634339,0.47931192240141285,0.7574736926005312,0.7710573903093865,5601,9622,2547,32406
to_label_874.jpg,ALLOCARIDARA_ATTACK,0.6,0.2971141581632653,0.31725989830133544,0.4816967383740384,0.37248457203935814,0.6815169366632117,0.4816966926702411,0.7618383290801143,0.7774102978947905,5553,9355,2595,32673
to_label_874.jpg,ALLOCARIDARA_ATTACK,0.7,0.28920200892857145,0.3203776003710717,0.4852817864844641,0.37888498380277796,0.6747668139337903,0.485281740425196,0.7675581951515315,0.7855477300828363,5498,9013,2650,33015
to_label_874.jpg,ALLOCARIDARA_ATTACK,0.8,0.27853954081632654,0.3183958047773172,0.48300488157438526,0.3822982255267437,0.6557437407872393,0.4830048350418255,0.772042410712747,0.7945893214028872,5343,8633,2805,33395
to_label_874.jpg,ALLOCARIDARA_ATTACK,0.9,0.24689094387755103,0.2888972572629831,0.4482859368891299,0.3715692605717503,0.5649239077004796,0.44828588901837685,0.7741948341821305,0.8147663462434216,4603,7785,3545,34243
to_label_876.jpg,ALLOCARIDARA_ATTACK,0.1,0.30600286989795916,0.23431448489429552,0.37966739880616696,0.3152273023295869,0.47722342732718176,0.37966735089414705,0.6847895408149618,0.7373732327503187,4840,10514,5302,29520
to_label_876.jpg,ALLOCARIDARA_ATTACK,0.2,0.2946029974489796,0.23618688622043355,0.3821216498139058,0.3221485590561348,0.46953263655620653,0.38212160154526675,0.6930803571414759,0.749712744165585,4762,10020,5380,30014
to_label_876.jpg,ALLOCARIDARA_ATTACK,0.3,0.28968032525510207,0.23576543642528036,0.3815698828853525,0.3239078087353016,0.4642082429455313,0.3815698344683687,0.6958506058659601,0.7545336463986748,4708,9827,5434,30207
to_label_876.jpg,ALLOCARIDARA_ATTACK,0.4,0.2844188456632653,0.23660216796557287,0.3826649735780827,0.3273071263378368,0.46056004732340206,0.38266492500678956,0.6996372767843199,0.7602038267453659,4671,9600,5471,30434
to_label_876.jpg,ALLOCARIDARA_ATTACK,0.5,0.27720424107142855,0.23884825383620661,0.3855972724610802,0.3333812639274327,0.4572076513463103,0.3855972236860606,0.7054966517843082,0.7683968626648139,4637,9272,5505,30762
to_label_876.jpg,ALLOCARIDARA_ATTACK,0.6,0.2703483737244898,0.2408144038509326,0.3881553971384479,0.33918171765323124,0.45365805560586014,0.38815534817920766,0.7109175701516444,0.7760903232233199,4601,8964,5541,31070
to_label_876.jpg,ALLOCARIDARA_ATTACK,0.7,0.2658641581632653,0.24039934498842955,0.38761604633171104,0.3411544227860483,0.4487280615219017,0.38761599725744456,0.7134088010189863,0.780461607631562,4551,8789,5591,31245
to_label_876.jpg,ALLOCARIDARA_ATTACK,0.8,0.26060267857142855,0.2371716310532468,0.3834094237213222,0.34039461608794436,0.4388680733539847,0.38340937451811413,0.7146843112230654,0.784558125591286,4451,8625,5691,31409
to_label_876.jpg,ALLOCARIDARA_ATTACK,0.9,0.24974091198979592,0.23089033658940883,0.37515988179607834,0.3393982922325481,0.4193452967815091,0.375159832349547,0.7176538584169371,0.7932257581036288,4253,8278,5889,31756
to_label_877.jpg,ALLOCARIDARA_ATTACK,0.1,0.5142299107142857,0.5610480821156091,0.7188094826076711,0.5634834508930956,0.9923554706095669,0.7188094364051323,0.7732979910698874,0.6829556650227081,14539,11263,112,24262
to_label_877.jpg,ALLOCARIDARA_ATTACK,0.2,0.4731943558673469,0.6020863759624365,0.7516278585176026,0.6077159583851758,0.984847450679238,0.7516278113195456,0.8099489795902225,0.7378184377178386,14429,9314,222,26211
to_label_877.jpg,ALLOCARIDARA_ATTACK,0.3,0.4643056441326531,0.6130924548326755,0.7601454622094441,0.6190925870257153,0.9844379223194017,0.7601454148029538,0.8185985331616339,0.7502040816305413,14423,8874,228,26651
to_label_877.jpg,ALLOCARIDARA_ATTACK,0.4,0.45908402423469385,0.6188839726765802,0.7645810115141841,0.625439548510417,0.9833458466931722,0.7645809639868006,0.8231823979575431,0.7571287825453705,14407,8628,244,26897
to_label_877.jpg,ALLOCARIDARA_ATTACK,0.5,0.4553172831632653,0.6232467532440552,0.7679014321125213,0.6301759607781223,0.9826632994267785,0.7679013844986992,0.8265505420901894,0.7621674876825836,14397,8449,254,27076
to_label_877.jpg,ALLOCARIDARA_ATTACK,0.6,0.4522082270408163,0.6269170442635634,0.7706810208597233,0.6341560158632253,0.9821172616136638,0.7706809731750686,0.8293407206616125,0.7663335679077654,14389,8301,262,27224
to_label_877.jpg,ALLOCARIDARA_ATTACK,0.7,0.4483219068877551,0.6296393787811282,0.7727346147612859,0.6380084463185685,0.9795918367280076,0.7727345669887782,0.8317522321411994,0.770781140040054,14352,8143,299,27382
to_label_877.jpg,ALLOCARIDARA_ATTACK,0.8,0.44216358418367346,0.6353103080856107,0.7769905258278986,0.645046425670941,0.9767933929357941,0.7769904779178227,0.8362763073962924,0.7783251231505184,14311,7875,340,27650
to_label_877.jpg,ALLOCARIDARA_ATTACK,0.9,0.42544244260204084,0.6461496250199097,0.7850436135319044,0.6619197076841621,0.964439287414071,0.7850435652597187,0.8457828443860694,0.796847290638151,14130,7217,521,28308
to_label_879.jpg,ALLOCARIDARA_ATTACK,0.1,0.25882892219387754,0.4085624085592626,0.5801126113782314,0.4085624085592626,0.9999999999811534,0.5801125701903341,0.8469188456615774,0.8288165812328308,5306,7681,0,37189
to_label_879.jpg,ALLOCARIDARA_ATTACK,0.2,0.2538464604591837,0.4165816126213662,0.5881505292878781,0.4165816126213662,0.9999999999811534,0.5881504877656206,0.8519013073962614,0.8343882326703045,5306,7431,0,37439
to_label_879.jpg,ALLOCARIDARA_ATTACK,0.3,0.25131536989795916,0.42077716098000967,0.5923197142186184,0.42077716098000967,0.9999999999811534,0.592319672525476,0.8544323979574808,0.8372186316005411,5306,7304,0,37566
to_label_879.jpg,ALLOCARIDARA_ATTACK,0.4,0.24944196428571427,0.42382359990074436,0.5953316126102831,0.4238574624446799,0.9998115340934827,0.5953315707902302,0.8562659438758445,0.8392912859352812,5305,7211,1,37659
to_label_879.jpg,ALLOCARIDARA_ATTACK,0.5,0.24760841836734693,0.4269617706203061,0.5984207557777866,0.4269961365065438,0.9998115340934827,0.5984207138331796,0.8580994897942081,0.8413416536642716,5305,7119,1,37751
to_label_879.jpg,ALLOCARIDARA_ATTACK,0.6,0.24595424107142858,0.42983309025741506,0.6012353374477178,0.42986791993817464,0.9998115340934827,0.6012352953904578,0.8597536670901232,0.8431914419415129,5305,7036,1,37834
to_label_879.jpg,ALLOCARIDARA_ATTACK,0.7,0.24396125637755103,0.43334422479632945,0.6046617655405216,0.43337962584402107,0.9998115340934827,0.6046617233471892,0.8617466517839968,0.8454201025165022,5305,6936,1,37934
to_label_879.jpg,ALLOCARIDARA_ATTACK,0.8,0.24152981505102042,0.43735049079899896,0.6085509325646568,0.43749484280520257,0.9992461364304703,0.6085508902048246,0.8640585140288902,0.8480722086007397,5302,6817,4,38053
to_label_879.jpg,ALLOCARIDARA_ATTACK,0.9,0.23710538903061223,0.4453873298567855,0.6162878567655857,0.44557451457976316,0.9990576705427996,0.6162878141014686,0.8684430803554121,0.8529975484714665,5301,6596,5,38274
to_label_884.jpg,ALLOCARIDARA_ATTACK,0.1,0.5131736288265306,0.3094259115581481,0.47261308765449356,0.3097984387731182,0.996128871116432,0.47261305146324983,0.6451889349476937,0.5785429709718779,7977,17772,31,24396
to_label_884.jpg,ALLOCARIDARA_ATTACK,0.2,0.48184390943877553,0.3253036854011723,0.49091191548705637,0.3267568350071276,0.9865134865011674,0.4909118781046605,0.6734494579068211,0.6139963953694413,7900,16277,108,25891
to_label_884.jpg,ALLOCARIDARA_ATTACK,0.3,0.4749282525510204,0.3283544726288036,0.4943777875479164,0.3302559798559368,0.9827672327549605,0.4943777498944969,0.6791693239782383,0.6215139442216336,7870,15960,138,26208
to_label_884.jpg,ALLOCARIDARA_ATTACK,0.4,0.47010522959183676,0.3301898707517779,0.4964552474981122,0.3324995760542119,0.9793956043833743,0.4964552096539437,0.6829161352027205,0.6266125972286412,7843,15745,165,26423
to_label_884.jpg,ALLOCARIDARA_ATTACK,0.5,0.46584024234693877,0.3316642620710699,0.4981199413660757,0.33438863694560456,0.9760239760117879,0.4981199033520411,0.6861049107129183,0.6310472396114801,7816,15558,192,26610
to_label_884.jpg,ALLOCARIDARA_ATTACK,0.6,0.46213329081632654,0.3325929090118215,0.49916655981376085,0.33577712609825866,0.972277722265581,0.49916652165118275,0.688616071427199,0.6347467273747042,7786,15402,222,26766
to_label_884.jpg,ALLOCARIDARA_ATTACK,0.7,0.4559749681122449,0.33449989198386476,0.5013112312607203,0.33838891559797896,0.9667832167711441,0.5013111928495128,0.6930205676006597,0.6410311136391552,7742,15137,266,27031
to_label_884.jpg,ALLOCARIDARA_ATTACK,0.8,0.4489198022959184,0.33559336861757755,0.5025382373153554,0.3405993340717398,0.9580419580299945,0.5025381986164801,0.6972855548455491,0.6477660785414348,7672,14853,336,27315
to_label_884.jpg,ALLOCARIDARA_ATTACK,0.9,0.41928411989795916,0.3491569510876067,0.517592783858302,0.357305827548449,0.9386863136745919,0.5175927439185661,0.7207429846924411,0.6793540125197322,7517,13521,491,28647
to_label_885.jpg,ALLOCARIDARA_ATTACK,0.1,0.4602000956632653,0.06621627473878906,0.12420796100680663,0.06621627473878906,0.9999999999345978,0.124207949356888,0.5702726403049859,0.5567660904052526,1529,21562,0,27085
to_label_885.jpg,ALLOCARIDARA_ATTACK,0.2,0.2578125,0.1181972789106509,0.21140684410500235,0.1181972789106509,0.9999999999345978,0.21140682519750081,0.7726602359678478,0.7655148313343773,1529,11407,0,37240
to_label_885.jpg,ALLOCARIDARA_ATTACK,0.3,0.21552136479591838,0.141390789715726,0.24775176213037547,0.141390789715726,0.9999999999345978,0.24775174042224074,0.8149513711718452,0.8091351984689515,1529,9285,0,39362
to_label_885.jpg,ALLOCARIDARA_ATTACK,0.4,0.20888472576530612,0.145883026427384,0.2546211490403445,0.145883026427384,0.9999999999345978,0.25462112681770793,0.8215880102024442,0.8159804304462434,1529,8952,0,39695
to_label_885.jpg,ALLOCARIDARA_ATTACK,0.5,0.20549665178571427,0.14828823586317244,0.2582770270248456,0.14828823586317244,0.9999999999345978,0.2582770045303146,0.8249760841820293,0.8194749933175335,1529,8782,0,39865
to_label_885.jpg,ALLOCARIDARA_ATTACK,0.6,0.20210857780612246,0.15077408539443077,0.26203941730709474,0.15077408539443077,0.9999999999345978,0.2620393945341424,0.8283641581616144,0.8229695561888236,1529,8612,0,40035
to_label_885.jpg,ALLOCARIDARA_ATTACK,0.7,0.19868064413265307,0.1533754639366699,0.2659592972667772,0.1533754639366699,0.9999999999345978,0.2659592742052537,0.831792091835077,0.8265052315644819,1529,8440,0,40207
to_label_885.jpg,ALLOCARIDARA_ATTACK,0.8,0.19316007653061223,0.15775897647381593,0.27252473041375525,0.15775897647381593,0.9999999999345978,0.27252470687234187,0.8373126594371068,0.8321993134194664,1529,8163,0,40484
to_label_885.jpg,ALLOCARIDARA_ATTACK,0.9,0.17771444515306123,0.16286318601622105,0.2801072180712224,0.16406863294646104,0.9568345323115216,0.28010719307912146,0.8501275510187138,0.8467736962179646,1463,7454,66,41193
to_label_892.jpg,ALLOCARIDARA_ATTACK,0.1,0.2800143494897959,0.18601427680237012,0.3136796587371374,0.1910320284683912,0.8762650995469715,0.3136796293452104,0.7659239477025551,0.7587502387859852,2684,11366,379,35747
to_label_892.jpg,ALLOCARIDARA_ATTACK,0.2,0.2385204081632653,0.2166909502977441,0.35619719246652787,0.2236798128323556,0.8739797583782574,0.35619716001355417,0.8071388711718608,0.8027932842298244,2677,9291,386,37822
to_label_892.jpg,ALLOCARIDARA_ATTACK,0.3,0.21336894132653061,0.2413451135932082,0.3888445057710157,0.2500467027811503,0.8739797583782574,0.3888444711743022,0.8322903380085453,0.8295799460853064,2677,8029,386,39084
to_label_892.jpg,ALLOCARIDARA_ATTACK,0.4,0.20469945790816327,0.2511963967321836,0.40152992350081346,0.2606367442287933,0.8739797583782574,0.4015298881087621,0.8409598214268954,0.8388130664554606,2677,7594,386,39519
to_label_892.jpg,ALLOCARIDARA_ATTACK,0.5,0.20069355867346939,0.25602524865860726,0.4076753217055686,0.2658391261145398,0.8739797583782574,0.40767528593579194,0.8449657206615813,0.843079404833394,2677,7393,386,39720
to_label_892.jpg,ALLOCARIDARA_ATTACK,0.6,0.19682716836734693,0.2606196414627765,0.4134786304937516,0.2708586472228548,0.8733268037586247,0.41347859435318035,0.8487523915799411,0.8471547131347035,2675,7201,388,39912
to_label_892.jpg,ALLOCARIDARA_ATTACK,0.7,0.1927216198979592,0.26482566802160695,0.4187544176516237,0.27569803515743846,0.8703885079702779,0.4187543811105723,0.8524992028044234,0.8513361492563595,2666,7004,397,40109
to_label_892.jpg,ALLOCARIDARA_ATTACK,0.8,0.18688217474489796,0.271073873502901,0.4265273311862819,0.2829263090510512,0.8661443029426659,0.4265272940635248,0.8578204719370659,0.8572793071957692,2653,6724,410,40389
to_label_892.jpg,ALLOCARIDARA_ATTACK,0.9,0.17759486607142858,0.27872703972363594,0.4359445465138137,0.29289642015157785,0.8521057786205647,0.4359445084364898,0.8653938137737854,0.8662577207970915,2610,6301,453,40812
to_label_2757.jpg,LEAF_BLIGHT,0.1,0.3858219068877551,0.061588414162440916,0.11603068258997945,0.06172839506140953,0.9644874898333746,0.11603067128276293,0.6371173469375058,0.6288289024651514,1195,18164,44,30773
to_label_2757.jpg,LEAF_BLIGHT,0.2,0.277523118622449,0.07530846688359588,0.14006858348628284,0.0762657091556462,0.8571428570736769,0.14006856847922214,0.7401147959168923,0.73715184829324,1062,12863,177,36074
to_label_2757.jpg,LEAF_BLIGHT,0.3,0.24876434948979592,0.07844061935016551,0.14547044675937998,0.07995513539432819,0.8054882969487095,0.1454704303292149,0.7663225446413299,0.7653309356912656,998,11484,241,37453
to_label_2757.jpg,LEAF_BLIGHT,0.4,0.23130580357142858,0.07274093869991029,0.13561697158321823,0.07504738928075953,0.7029862792007274,0.13561695415143166,0.7787189094372235,0.7806363283389243,871,10735,368,38202
to_label_2757.jpg,LEAF_BLIGHT,0.5,0.2194874043367347,0.06557662202065075,0.12308194580376197,0.06846454190439967,0.6085552864722715,0.12308192762279835,0.7858737244882297,0.7903631199280905,754,10259,485,38678
to_label_2757.jpg,LEAF_BLIGHT,0.6,0.21189413265306123,0.05679693759408175,0.1074888383446425,0.06000752445391264,0.5149313962457682,0.10748881964804331,0.7888432716821013,0.7957782454976893,638,9994,601,38943
to_label_2757.jpg,LEAF_BLIGHT,0.7,0.20455994897959184,0.051558643385578584,0.09806137529254923,0.05494933748972185,0.4552058111012747,0.09806135606982742,0.7932278380086232,0.8017859697145273,564,9700,675,39237
to_label_2757.jpg,LEAF_BLIGHT,0.8,0.1962292729591837,0.04486756527434378,0.08588182228158879,0.048344505382405596,0.3841807909294446,0.08588180242491122,0.7980508609677972,0.8085293336313862,476,9370,763,39567
to_label_2757.jpg,LEAF_BLIGHT,0.9,0.17751514668367346,0.020724346076250257,0.04060713581667053,0.02312787695045326,0.16626311540223865,0.04060711437538029,0.8060028698963528,0.8221999713901094,206,8701,1033,40236
to_label_2773.jpg,LEAF_BLIGHT,0.1,0.30333227040816324,0.0944437232241046,0.17258762825352833,0.09559789750265704,0.8866544789222026,0.17258761068190734,0.721958705355704,0.7163902338503835,1455,13765,186,34770
to_label_2773.jpg,LEAF_BLIGHT,0.2,0.27931680484693877,0.09781922726247935,0.17820643842502423,0.09953621120157305,0.8500914076264416,0.17820641965795958,0.7435825892842324,0.7399814566792212,1395,12620,246,35915
to_label_2773.jpg,LEAF_BLIGHT,0.3,0.26582429846938777,0.09848929304709234,0.17931771146151734,0.10068975858374052,0.8184034125034488,0.1793176919500358,0.7550023915801279,0.7528587617167964,1343,11995,298,36540
to_label_2773.jpg,LEAF_BLIGHT,0.4,0.25155452806122447,0.09926782273526576,0.18060716539170857,0.1020440500704956,0.784887263815668,0.18060714502729328,0.7670798788250018,0.766477799524536,1288,11334,353,37201
to_label_2773.jpg,LEAF_BLIGHT,0.5,0.23869977678571427,0.09681056700952954,0.17653106182863465,0.10035902145695617,0.7324801949584107,0.17653104063104538,0.7765066964270239,0.7779952611501432,1202,10775,439,37760
to_label_2773.jpg,LEAF_BLIGHT,0.6,0.22702088647959184,0.0775591202242636,0.14395334560969955,0.08234571152592093,0.5716026812570626,0.14395332359564636,0.7776626275494706,0.7846296487055019,938,10453,703,38082
to_label_2773.jpg,LEAF_BLIGHT,0.7,0.20818718112244897,0.019913931313645144,0.03905021924349259,0.022592379858102696,0.14381474709665967,0.03905019577650887,0.7685148278045908,0.7896363449041112,236,10210,1405,38325
to_label_2773.jpg,LEAF_BLIGHT,0.8,0.19772401147959184,0.001212331139580773,0.002421726344902078,0.0014111480697368093,0.008531383302344217,0.002421701987884939,0.7701291454066284,0.7958792623863277,14,9907,1627,38628
to_label_2773.jpg,LEAF_BLIGHT,0.9,0.17191485969387754,0.0,0.0,0.0,0.0,0.0,0.7953802614780067,0.8222725867913417,0,8626,1641,39909
to_label_2776.jpg,LEAF_BLIGHT,0.1,0.21647799744897958,0.14371475350060292,0.2513122315869945,0.14546124102241334,0.9228971962077747,0.25131220806178495,0.8123804209167482,0.8084763948481172,1580,9282,132,39182
to_label_2776.jpg,LEAF_BLIGHT,0.2,0.21071827168367346,0.13982185934180902,0.24533984533784825,0.14253286673467763,0.8802570092943774,0.24533982134853696,0.8152303890289875,0.8129333113221918,1507,9066,205,39398
to_label_2776.jpg,LEAF_BLIGHT,0.3,0.20752949617346939,0.1378566066053129,0.242309278348517,0.14107365792623572,0.858060747613431,0.24230925409460088,0.8169044961718412,0.8154506437751414,1469,8944,243,39520
to_label_2776.jpg,LEAF_BLIGHT,0.4,0.20549665178571427,0.13617463617334932,0.23970722781136397,0.13975366113723445,0.8417056074274705,0.2397072033858194,0.8178212691310232,0.8169775503449633,1441,8870,271,39594
to_label_2776.jpg,LEAF_BLIGHT,0.5,0.20286591198979592,0.13279984757423263,0.23446303927142825,0.13694861970589498,0.8142523364010367,0.23446301462029975,0.8185786033146951,0.8187314295130019,1394,8785,318,39679
to_label_2776.jpg,LEAF_BLIGHT,0.6,0.19965720663265307,0.1292962356779696,0.22898550724442465,0.1340586943488315,0.7844626167766084,0.22898548231267726,0.8197544642840805,0.8210011554951696,1343,8675,369,39789
to_label_2776.jpg,LEAF_BLIGHT,0.7,0.19602997448979592,0.12018624502744993,0.21458261170579682,0.12596583977098447,0.7237149532287549,0.21458258644944445,0.8192362882636733,0.8226105975552521,1239,8597,473,39867
to_label_2776.jpg,LEAF_BLIGHT,0.8,0.18869579081632654,0.09554140127294912,0.17441860464960268,0.10297845373782236,0.5695093457611268,0.17441857871172392,0.8160475127534756,0.8247565203020288,975,8493,737,39971
to_label_2776.jpg,LEAF_BLIGHT,0.9,0.16589604591836735,0.012510088781149009,0.02471104025483548,0.014896684286221807,0.07242990653782536,0.02471101195735273,0.8049266581616611,0.8308022449636208,124,8200,1588,40264
to_label_2777.jpg,LEAF_BLIGHT,0.1,0.45920360331632654,0.14180341455270262,0.24838498947431087,0.14851785946726045,0.7582539330654054,0.24838496208118524,0.5872528698967888,0.570352364057179,3422,19619,1091,26044
to_label_2777.jpg,LEAF_BLIGHT,0.2,0.42612005739795916,0.11978896384656725,0.21394917741479128,0.12955427716136028,0.6137824063679641,0.21394914863169806,0.5943478954069787,0.5924271291842577,2770,18611,1743,27052
to_label_2777.jpg,LEAF_BLIGHT,0.3,0.4064891581632653,0.10168067226845784,0.18459191456829022,0.11271818003474839,0.5094172390757941,0.18459188489685702,0.5952048788253443,0.6036835074335815,2299,18097,2214,27566
to_label_2777.jpg,LEAF_BLIGHT,0.4,0.3812779017857143,0.07978261862319139,0.14777533412219684,0.09131775652035273,0.38710392199452465,0.14777530323348506,0.5984135841824808,0.619297899830017,1747,17384,2766,28279
to_label_2777.jpg,LEAF_BLIGHT,0.5,0.3505261479591837,0.06964475849351638,0.13022035201968138,0.08181714805502718,0.3188566363767149,0.13022031951875782,0.6168885522946889,0.6463438670244042,1439,16149,3074,29514
to_label_2777.jpg,LEAF_BLIGHT,0.6,0.3274473852040816,0.06174904942934474,0.11631571408052181,0.07413268411397363,0.2698869931249748,0.11631568026920269,0.6311583227028237,0.6668637627824128,1218,15212,3295,30451
to_label_2777.jpg,LEAF_BLIGHT,0.7,0.3010801977040816,0.04673495518541008,0.08929663608517177,0.057986363936863794,0.19410591623766663,0.08929660066252894,0.6438934948966759,0.6883472395578732,876,14231,3637,31432
to_label_2777.jpg,LEAF_BLIGHT,0.8,0.26967075892857145,0.035523672883583796,0.06861006428691747,0.045746803635756804,0.1371593175241046,0.06861002677547619,0.6650589923456133,0.7172327705128502,619,12912,3894,32751
to_label_2777.jpg,LEAF_BLIGHT,0.9,0.21781329719387754,0.03001600853768666,0.05828260587968992,0.04117485588762764,0.09971194327277394,0.05828256451094805,0.7101801658149112,0.7705144208642215,450,10479,4063,35184
to_label_2778.jpg,LEAF_BLIGHT,0.1,0.3703762755102041,0.19803942575424233,0.3306058573649425,0.19893456736870999,0.9777836550918333,0.3306058292678826,0.7016302614781935,0.6791249056995816,3697,14887,84,31508
to_label_2778.jpg,LEAF_BLIGHT,0.2,0.35507015306122447,0.19810274048486573,0.330694077879656,0.20043780871014572,0.9444591377692553,0.3306940489939488,0.7119140624985811,0.6929626037273565,3571,14245,210,32150
to_label_2778.jpg,LEAF_BLIGHT,0.3,0.3470982142857143,0.19090960166194218,0.3206114072731018,0.19510794671454346,0.8987040465247632,0.3206113779602103,0.7129902742332729,0.6978553723446538,3398,14018,383,32377
to_label_2778.jpg,LEAF_BLIGHT,0.4,0.3408801020408163,0.1807440072355227,0.3061527412003536,0.18691534143950586,0.8455435069863649,0.30615271154611146,0.7111965880087867,0.7002478715363719,3197,13907,584,32488
to_label_2778.jpg,LEAF_BLIGHT,0.5,0.3327686543367347,0.16610671373972946,0.2848911026453516,0.17470204228199854,0.7714890240473026,0.2848910725347063,0.7081473214271601,0.7029852354764458,2917,13780,864,32615
to_label_2778.jpg,LEAF_BLIGHT,0.6,0.313297193877551,0.11753581661823762,0.2103481872713689,0.13047073791265604,0.5424490875286314,0.21034815601126833,0.6931002869884145,0.7053777346681639,2051,13669,1730,32726
to_label_2778.jpg,LEAF_BLIGHT,0.7,0.2858338647959184,0.05103520269065107,0.09711416432104444,0.0613582485004786,0.23274266066562438,0.09711413129982477,0.6738879145394733,0.7098394223500165,880,13462,2901,32933
to_label_2778.jpg,LEAF_BLIGHT,0.8,0.26939174107142855,0.020470768686092437,0.040120245114810264,0.025671376784599603,0.09177466278519507,0.04012021095403013,0.6690848214272379,0.7161332040075091,347,13170,3434,33225
to_label_2778.jpg,LEAF_BLIGHT,0.9,0.24639269770408162,0.0008059016799900446,0.0016105054509315503,0.0010515247108221991,0.003438243850742178,0.0016104695811532542,0.6787707270394635,0.7338075223607419,13,12350,3768,34045
to_label_2779.jpg,LEAF_BLIGHT,0.1,0.311702806122449,0.1420678304817371,0.24879053010679983,0.15453964194274591,0.6377308706955744,0.24879049870330328,0.7091039540802194,0.7149355408944187,2417,13223,1373,33163
to_label_2779.jpg,LEAF_BLIGHT,0.2,0.26891342474489793,0.15289173504000472,0.26523173060079136,0.16986585636871068,0.6047493403534367,0.26523169635881094,0.7469108737230012,0.7585262794792426,2292,11201,1498,35185
to_label_2779.jpg,LEAF_BLIGHT,0.3,0.2594467474489796,0.15178510244533827,0.26356496906078314,0.17014902442640842,0.5844327176626799,0.2635649341306024,0.7533083545903354,0.7671064545320417,2215,10803,1575,35583
to_label_2779.jpg,LEAF_BLIGHT,0.4,0.2516541772959184,0.1502942825101577,0.2613144910747316,0.1698740793524204,0.5659630606710828,0.26131445556060034,0.758310746171958,0.7740266459690983,2145,10482,1645,35904
to_label_2779.jpg,LEAF_BLIGHT,0.5,0.2409717793367347,0.15021365973672618,0.2611926201104389,0.171532544866665,0.5472295514367486,0.2611925837695681,0.7661631058658199,0.7840512223498813,2074,10017,1716,36369
to_label_2779.jpg,LEAF_BLIGHT,0.6,0.22833625637755103,0.14742624924633183,0.25696858398204914,0.17098716941458508,0.5168865435219819,0.2569685466234272,0.7742147640290692,0.7952399430845616,1959,9498,1831,36888
to_label_2779.jpg,LEAF_BLIGHT,0.7,0.20828683035714285,0.13864236027713567,0.2435222245611718,0.16591713711447786,0.45751978890613404,0.24352218549822316,0.7852957589270063,0.8120769197585218,1734,8717,2056,37669
to_label_2779.jpg,LEAF_BLIGHT,0.8,0.18614477040816327,0.13610798650050956,0.23960396039421472,0.16841541755708334,0.4150395778254607,0.23960391932599723,0.8010204081616689,0.8325572370956053,1573,7767,2217,38619
to_label_2779.jpg,LEAF_BLIGHT,0.9,0.1466438137755102,0.10081959119086778,0.1831718693919701,0.13876053275157976,0.2693931398345807,0.18317182451217529,0.8185188137738789,0.8633855042451097,1021,6337,2769,40049
to_label_2780.jpg,LEAF_BLIGHT,0.1,0.4377989477040816,0.14730226176184083,0.2567802168116323,0.15149997723789546,0.841679312067737,0.2567801909562775,0.616051498723262,0.5967504651451759,3328,18639,626,27583
to_label_2780.jpg,LEAF_BLIGHT,0.2,0.39590640943877553,0.15794846864288795,0.27280742264464164,0.16355398942782,0.8216995447440137,0.2728073949544411,0.6547951211721644,0.640517502486607,3249,16616,705,29606
to_label_2780.jpg,LEAF_BLIGHT,0.3,0.36593191964285715,0.1656393648131757,0.2842034505924974,0.1727030118175878,0.8019726858674261,0.2842034214324562,0.6816605548455802,0.6713686123476453,3171,15190,783,31032
to_label_2780.jpg,LEAF_BLIGHT,0.4,0.3502869897959184,0.16693766937578894,0.28611240129918203,0.1752389622202137,0.7789580171780739,0.28611237131322964,0.6936782525496379,0.6863831076096093,3080,14496,874,31726
to_label_2780.jpg,LEAF_BLIGHT,0.5,0.3352000956632653,0.16538569424872154,0.28382997159638074,0.17527795944957916,0.7455741021561565,0.2838299407724803,0.7035036670904347,0.699904807233136,2948,13871,1006,32351
to_label_2780.jpg,LEAF_BLIGHT,0.6,0.31955516581632654,0.16473398985977078,0.28286972183168463,0.17631283522404695,0.7149721800527321,0.2828696900929817,0.7143255739781682,0.7142702609131706,2827,13207,1127,33015
to_label_2780.jpg,LEAF_BLIGHT,0.7,0.30490672831632654,0.15487973126894078,0.268217940059896,0.16876920060024334,0.6530096105044763,0.2682179074198045,0.7192083864781584,0.7248712734180155,2582,12717,1372,33505
to_label_2780.jpg,LEAF_BLIGHT,0.8,0.2811902104591837,0.1373968893637844,0.24159884847344515,0.15465305833046528,0.551846231650181,0.2415988142754966,0.7269810267842655,0.7419627017421532,2182,11927,1772,34295
to_label_2780.jpg,LEAF_BLIGHT,0.9,0.23704559948979592,0.09796314257934069,0.1784452296808528,0.11888347065647482,0.35761254424993394,0.17844519223026523,0.740513392855667,0.773268140710542,1414,10480,2540,35742
to_label_2781.jpg,LEAF_BLIGHT,0.1,0.18528778698979592,0.16671844257878513,0.2857903612293797,0.17317414219454474,0.8172588832072457,0.285790332371754,0.8396245216820001,0.8405385221739191,1610,7687,360,40519
to_label_2781.jpg,LEAF_BLIGHT,0.2,0.17289142219387754,0.17145372509990695,0.2927195866576541,0.1795965417846732,0.7908629441222912,0.29271955649191855,0.8499481823962652,0.8523627764161051,1558,7117,412,41089
to_label_2781.jpg,LEAF_BLIGHT,0.3,0.16906489158163265,0.1696318675151658,0.2900602697762359,0.17871036189816442,0.7695431471690587,0.2900602391845693,0.8521006058656487,0.8554744222693119,1516,6967,454,41239
to_label_2781.jpg,LEAF_BLIGHT,0.4,0.1665935905612245,0.16791044775929542,0.2875399360994526,0.17765282928367443,0.7538071065607205,0.28753990522685957,0.8533362563758503,0.8574036426983002,1485,6874,485,41332
to_label_2781.jpg,LEAF_BLIGHT,0.5,0.16466039540816327,0.16630571070139852,0.2851837372919743,0.1765916243019052,0.7406091370182432,0.28518370619635364,0.8542330994880935,0.8588764884021515,1459,6803,511,41403
to_label_2781.jpg,LEAF_BLIGHT,0.6,0.16258769132653061,0.16320202136024803,0.2806082148471504,0.17418484922561675,0.7213197969176994,0.2806081835091785,0.854791135202378,0.8602456125775625,1421,6737,549,41469
to_label_2781.jpg,LEAF_BLIGHT,0.7,0.15985730229591838,0.15864548300871337,0.2738464618128931,0.17055230020981732,0.6944162436195728,0.273846430150454,0.8554089604574788,0.8619881342553583,1368,6653,602,41553
to_label_2781.jpg,LEAF_BLIGHT,0.8,0.15595105229591838,0.14735855686836874,0.25686574782790333,0.16076677316088478,0.6385786801706305,0.2568657156907746,0.8549306441309492,0.8637721445445302,1258,6567,712,41639
to_label_2781.jpg,LEAF_BLIGHT,0.9,0.14391342474489796,0.09900753318068865,0.18017625938221982,0.11466555878528369,0.4203045685065835,0.1801762257005797,0.8498286033146328,0.8673816537342501,828,6393,1142,41813
to_label_2784.jpg,LEAF_BLIGHT,0.1,0.33260921556122447,0.07775497753825214,0.14429063963287042,0.08400743004323802,0.510932944587794,0.14429061537917395,0.6685865752537695,0.677707033225085,1402,15287,1342,32145
to_label_2784.jpg,LEAF_BLIGHT,0.2,0.30050223214285715,0.08097288772923532,0.1498148355956132,0.08853959411003753,0.4865160349676926,0.14981480954254356,0.6980229591822823,0.7102588969457112,1335,13743,1409,33689
to_label_2784.jpg,LEAF_BLIGHT,0.3,0.2792171556122449,0.08440129449783558,0.15566431896767538,0.09307637401789381,0.47521865887480985,0.15566429157528894,0.7180723852026505,0.7321217743280231,1304,12706,1440,34726
to_label_2784.jpg,LEAF_BLIGHT,0.4,0.26719945790816324,0.08585451122706834,0.1581326233659951,0.0952487506519337,0.46537900872939586,0.15813259515867187,0.7290138711720164,0.7442654747833861,1277,12130,1467,35302
to_label_2784.jpg,LEAF_BLIGHT,0.5,0.2627750318877551,0.08559940025839569,0.15769979282969615,0.09525976488361577,0.4577259475051849,0.15769976431083293,0.7326012436209889,0.7485031202547889,1256,11929,1488,35503
to_label_2784.jpg,LEAF_BLIGHT,0.6,0.2582310267857143,0.08454790357059785,0.15591363607314238,0.09446631164548532,0.446064139925435,0.15591360722759365,0.7358697385189416,0.7526353516597389,1224,11733,1520,35699
to_label_2784.jpg,LEAF_BLIGHT,0.7,0.25001992984693877,0.07950293016960035,0.14729544116588858,0.08975687524838774,0.41034985421245085,0.14729541171212981,0.7401745854577085,0.759255355032975,1126,11419,1618,36013
to_label_2784.jpg,LEAF_BLIGHT,0.8,0.22735969387755103,0.04736530491379984,0.09044657998805507,0.05610098176668915,0.2332361515949987,0.0904465487274986,0.7434630102025999,0.7729802664851303,640,10768,2104,36664
to_label_2784.jpg,LEAF_BLIGHT,0.9,0.19517299107142858,0.0003989786147430659,0.0007976389885874001,0.0005105687736085921,0.0018221574343359273,0.0007976047966216941,0.7503388073964637,0.7936414235098801,5,9788,2739,37644
to_label_2804.jpg,LEAF_BLIGHT,0.1,0.6120854591836735,0.05289240743033009,0.10047067878363437,0.05525527481096882,0.5529488432534068,0.10047066226410284,0.39439174107064257,0.3840618167143226,1697,29015,1372,18092
to_label_2804.jpg,LEAF_BLIGHT,0.2,0.5728435905612245,0.05508938343651922,0.10442600276592347,0.057787983160916434,0.5412186379751965,0.10442598533240138,0.43219866071342433,0.4250960579098115,1661,27082,1408,20025
to_label_2804.jpg,LEAF_BLIGHT,0.3,0.5571189413265306,0.055814586665569155,0.1057280082516013,0.058667811404240294,0.5343760182295739,0.10572799042323748,0.44708625637666,0.44139936739668967,1640,26314,1429,20793
to_label_2804.jpg,LEAF_BLIGHT,0.4,0.5443837691326531,0.05617352613996046,0.10637177461787002,0.059161632802272886,0.5265558813774338,0.10637175645658845,0.45886479591745283,0.4544547519467288,1616,25699,1453,21408
to_label_2804.jpg,LEAF_BLIGHT,0.5,0.53125,0.0565507926350446,0.10704793944455156,0.059686374549596015,0.5184099054897879,0.1070479209268744,0.4710020727031429,0.46791347358042773,1591,25065,1478,22042
to_label_2804.jpg,LEAF_BLIGHT,0.6,0.5104033801020408,0.055500349637276875,0.10516405732380779,0.05888324873073454,0.49136526554280335,0.10516403821134257,0.4885403380092304,0.48835629524170854,1508,24102,1561,23005
to_label_2804.jpg,LEAF_BLIGHT,0.7,0.47891422193877553,0.051979813664394484,0.09882283479058702,0.055722014148748555,0.4362984685423168,0.09882281470512057,0.5132932079071403,0.518309380770335,1339,22691,1730,24416
to_label_2804.jpg,LEAF_BLIGHT,0.8,0.4243263711734694,0.048373213978101334,0.09228243021308587,0.05279225963997561,0.36624307590856164,0.09228240819012318,0.5593112244886812,0.5718895280943981,1124,20167,1945,26940
to_label_2804.jpg,LEAF_BLIGHT,0.9,0.3448461415816326,0.015907844212756653,0.03131749460027824,0.018436109345093706,0.10394265232636225,0.031317469009516645,0.6067044005089949,0.6394591037411861,319,16984,2750,30123
to_label_2810.jpg,LEAF_BLIGHT,0.1,0.6866430165816326,0.1638533429182923,0.28157042966846646,0.16538472701893772,0.946511627891254,0.28157040434433095,0.4204998405603864,0.3487861219305445,5698,28755,322,15401
to_label_2810.jpg,LEAF_BLIGHT,0.2,0.620735012755102,0.16870538662253165,0.2887047301289116,0.17225325884488457,0.8911960132742327,0.28870470298018236,0.47313456632558765,0.4161382371582205,5365,25781,655,18375
to_label_2810.jpg,LEAF_BLIGHT,0.3,0.5647520727040817,0.17725466008711194,0.30113222923916194,0.1825528461016249,0.8593023255671213,0.30113220033482474,0.521464445152022,0.47540538092110834,5173,23164,847,20992
to_label_2810.jpg,LEAF_BLIGHT,0.4,0.5357940051020408,0.1793125694413128,0.3040967663496715,0.18609581907385025,0.831063122909783,0.30409673645206897,0.5436463647948349,0.5044614548407816,5003,21881,1017,22275
to_label_2810.jpg,LEAF_BLIGHT,0.5,0.5078125,0.17951022242125547,0.3043809523799861,0.18814756671825686,0.7963455149369378,0.3043809214614921,0.5632971938764284,0.531524594617874,4794,20686,1226,23470
to_label_2810.jpg,LEAF_BLIGHT,0.6,0.4795519770408163,0.1741608118650501,0.29665580745862424,0.18543761948223159,0.7411960132767244,0.29665577544328364,0.5783242984682352,0.5561192136956333,4462,19600,1558,24556
to_label_2810.jpg,LEAF_BLIGHT,0.7,0.45081313775510207,0.14927768860293228,0.25977653631194214,0.1644562334210236,0.6179401993252834,0.2597765031083654,0.5774872448968082,0.5719720989207084,3720,18900,2300,25256
to_label_2810.jpg,LEAF_BLIGHT,0.8,0.4026426977040816,0.09650846748862008,0.176028677114838,0.11424045933715665,0.38338870431256833,0.17602864174070904,0.5693757971927428,0.5947323127081376,2308,17895,3712,26261
to_label_2810.jpg,LEAF_BLIGHT,0.9,0.26779735331632654,0.0020084457719538136,0.004008840006146842,0.0029024335789022667,0.006478405315507004,0.004008797272237326,0.6137794961722461,0.6965757767897985,39,13398,5981,30758
to_label_2827.jpg,LEAF_BLIGHT,0.1,0.6040138711734694,0.17798549556751656,0.30218622595479194,0.1822021315201696,0.8849358974217157,0.3021861976365226,0.49172911351942816,0.43588401310898606,5522,24785,718,19151
to_label_2827.jpg,LEAF_BLIGHT,0.2,0.5219427614795918,0.1621214836045077,0.27900952850757343,0.1727442819497776,0.7249999999883814,0.27900949742776293,0.5340202487234255,0.506896394754855,4524,21665,1716,22271
to_label_2827.jpg,LEAF_BLIGHT,0.3,0.48228236607142855,0.16126201739599702,0.2777357994668756,0.17467663952983728,0.6774038461429903,0.27773576687094764,0.5618423150499007,0.545429715949232,4227,19972,2013,23964
to_label_2827.jpg,LEAF_BLIGHT,0.4,0.45448022959183676,0.16338874424128425,0.28088417573240293,0.17887212769611088,0.6536858974254217,0.2808841419939505,0.5837452168355712,0.5738119082288469,4079,18725,2161,25211
to_label_2827.jpg,LEAF_BLIGHT,0.5,0.42932876275510207,0.16379021447652567,0.2814772154622364,0.181505895459189,0.6266025640925225,0.2814771806296141,0.6021603954069632,0.5986890021836337,3910,17632,2330,26304
to_label_2827.jpg,LEAF_BLIGHT,0.6,0.38863201530612246,0.15415657788470022,0.2671328671318293,0.17630769230678817,0.550961538452709,0.26713283039985075,0.6240433673456951,0.6344227967938947,3438,16062,2802,27874
to_label_2827.jpg,LEAF_BLIGHT,0.7,0.3067203443877551,0.10616753605346134,0.1919556171974482,0.13489278752348996,0.3326923076869761,0.1919555761440169,0.6516661352027828,0.6969683175512177,2076,13314,4164,30622
to_label_2827.jpg,LEAF_BLIGHT,0.8,0.16523836096938777,0.010992833785493683,0.02174661069422788,0.019056808587395283,0.025320512820107045,0.021746561690305574,0.7166972257638777,0.814889839765079,158,8133,6082,35803
to_label_2827.jpg,LEAF_BLIGHT,0.9,0.04009885204081633,0.0,0.0,0.0,0.0,0.0,0.8355389030595592,0.9542061179876316,0,2012,6240,41924
to_label_2899.jpg,LEAF_BLIGHT,0.1,0.6833346619897959,0.02097842462826977,0.04109474622033829,0.021524192842705618,0.4527607361685423,0.04109473755565643,0.3135961415810077,0.30892349524099016,738,33549,892,14997
to_label_2899.jpg,LEAF_BLIGHT,0.2,0.4971500318877551,0.02483513940833429,0.04846660395089947,0.02581679695319376,0.3950920245156385,0.048466592435968535,0.4960339604581951,0.4994232274533444,644,24301,986,24245
to_label_2899.jpg,LEAF_BLIGHT,0.3,0.36912069515306123,0.030583542167285923,0.05935189320599795,0.032287673451583135,0.36687116562166433,0.059351878336465276,0.62222975127427,0.6308037737390706,598,17923,1032,30623
to_label_2899.jpg,LEAF_BLIGHT,0.4,0.30739795918367346,0.03357575757555408,0.06497009499199619,0.03591804979229825,0.33987730059264554,0.06497007770292933,0.6821986607129261,0.693692580231752,554,14870,1076,33676
to_label_2899.jpg,LEAF_BLIGHT,0.5,0.27517139668367346,0.032989828693569395,0.0638725140891114,0.03570652567512344,0.3024539877115059,0.06387249520047956,0.7119937818863361,0.7257446545529482,493,13314,1137,35232
to_label_2899.jpg,LEAF_BLIGHT,0.6,0.2595264668367347,0.030887215928861695,0.05992355992315094,0.033712179388467885,0.2693251533577101,0.059923540148432444,0.7254862882638602,0.7408025377976748,439,12583,1191,35963
to_label_2899.jpg,LEAF_BLIGHT,0.7,0.2425263073979592,0.026482184036104424,0.05159794187947244,0.029254663488953447,0.21840490796206105,0.05159792104488615,0.7391780931107718,0.7566637828023799,356,11813,1274,36733
to_label_2899.jpg,LEAF_BLIGHT,0.8,0.21749441964285715,0.014970059880118384,0.029498525073511132,0.016952258773783997,0.11349693250837442,0.02949850246025538,0.7573939732127762,0.7790137189453734,185,10728,1445,37818
to_label_2899.jpg,LEAF_BLIGHT,0.9,0.17047991071428573,0.0017706079086979086,0.0035349567949377945,0.002104278699998781,0.011042944784598592,0.0035349299076298,0.7977519132637162,0.8241667696600664,18,8536,1612,40010
to_label_2904.jpg,LEAF_BLIGHT,0.1,0.31758211096938777,0.04354858778123959,0.08346250148990424,0.04392845936589941,0.834326579161582,0.08346249198618855,0.6935985331618829,0.6912053833822664,700,15235,139,34102
to_label_2904.jpg,LEAF_BLIGHT,0.2,0.30721859056122447,0.041389031265752246,0.07948812599926487,0.041907233214129695,0.7699642430548315,0.07948811620804928,0.7018096301006421,0.7006506273168197,646,14769,193,34568
to_label_2904.jpg,LEAF_BLIGHT,0.3,0.3040298150510204,0.03979842356867942,0.07655026717984,0.04038020321179692,0.7342073896621922,0.07655025729665284,0.7038026147945157,0.7032855666118668,616,14639,223,34698
to_label_2904.jpg,LEAF_BLIGHT,0.4,0.3015983737244898,0.037614500097202526,0.07250187828654832,0.0382607546419199,0.6901072704779372,0.07250186833207858,0.704759247447575,0.7050084115355514,579,14554,260,34783
to_label_2904.jpg,LEAF_BLIGHT,0.5,0.29934630102040816,0.035385519357345525,0.06835235512914842,0.03608521970681701,0.6460071512936821,0.06835234510773669,0.7055365114781857,0.7065488375849636,542,14478,297,34859
to_label_2904.jpg,LEAF_BLIGHT,0.6,0.297054368622449,0.033884948778343284,0.06554878048738853,0.03461925528322966,0.6150178783533948,0.06554877039691315,0.7067920918353261,0.7083527575638804,516,14389,323,34948
to_label_2904.jpg,LEAF_BLIGHT,0.7,0.29392538265306123,0.031227257690828795,0.06056328992069953,0.03200433957125031,0.562574493377524,0.06056327973439849,0.7081672512740989,0.7106431278741905,472,14276,367,35061
to_label_2904.jpg,LEAF_BLIGHT,0.8,0.2857142857142857,0.016341839126539803,0.032158154859755136,0.017020089285595563,0.2908224075934658,0.03215814441324528,0.7072903380087945,0.7143725804148725,244,14092,595,35245
to_label_2904.jpg,LEAF_BLIGHT,0.9,0.2753109056122449,0.005696636925149645,0.011328738142282612,0.006008397278080147,0.09892729438630188,0.011328727346329113,0.7112763073965416,0.72168960414958,83,13731,756,35606
to_label_2980.jpg,LEAF_BLIGHT,0.1,0.4074856505102041,0.21935830969275477,0.35979302875793273,0.21935830969275477,0.9999999999777035,0.35979299924974023,0.6818997130088451,0.6506751876722973,4485,15961,0,29730
to_label_2980.jpg,LEAF_BLIGHT,0.2,0.33846859056122447,0.26401318888210074,0.41773802869192406,0.26402873461541526,0.9997770345373517,0.417737995636007,0.7508769132638097,0.7264450329370632,4484,12499,1,33192
to_label_2980.jpg,LEAF_BLIGHT,0.3,0.28846460459183676,0.3072467765268755,0.4700669866529349,0.3078623739097149,0.9935340022075021,0.4700669505302573,0.7997648278045285,0.7807445667619864,4456,10018,29,35673
to_label_2980.jpg,LEAF_BLIGHT,0.4,0.2606823979591837,0.330681818179313,0.49701110161971523,0.33371559632772385,0.9732441471354907,0.4970110635888541,0.8239198022942763,0.8092622179404931,4365,8715,120,36976
to_label_2980.jpg,LEAF_BLIGHT,0.5,0.23899872448979592,0.33590076211824305,0.5028828063330528,0.3454803202105947,0.923745819377397,0.5028827667087898,0.8367546237228222,0.828215622330813,4143,7849,342,37842
to_label_2980.jpg,LEAF_BLIGHT,0.6,0.22668207908163265,0.30130466890702134,0.46308090043216416,0.3228415684866991,0.8187290969717117,0.46308085986400593,0.8302973533146717,0.8314328861245509,3672,7702,813,37989
to_label_2980.jpg,LEAF_BLIGHT,0.7,0.20665258290816327,0.24052112911106963,0.38777433687634455,0.27775098852080476,0.6421404682131072,0.3877742947193807,0.8187579719371437,0.8360946357032324,2880,7489,1605,38202
to_label_2980.jpg,LEAF_BLIGHT,0.8,0.15955835459183673,0.0709019204383496,0.13241533904305167,0.1032975268535686,0.18439241917091656,0.13241529301490762,0.7840202487229272,0.8428793416628156,827,7179,3658,38512
to_label_2980.jpg,LEAF_BLIGHT,0.9,0.13129783163265307,0.0,0.0,0.0,0.0,0.0,0.7793168048453856,0.8558140552825374,0,6588,4485,39103
to_label_3020.jpg,LEAF_BLIGHT,0.1,0.6778140943877551,0.027462371270054096,0.05345669493688153,0.027521317259548598,0.9276511396503815,0.05345668934018043,0.33938536351973175,0.32731303516519755,936,33074,73,16093
to_label_3020.jpg,LEAF_BLIGHT,0.2,0.6587213010204082,0.026181007471601046,0.05102610023178701,0.026291903666869502,0.8612487610642965,0.05102609448248153,0.35580755739725006,0.345434946203052,869,32183,140,16984
to_label_3020.jpg,LEAF_BLIGHT,0.3,0.632453762755102,0.021526846160978608,0.042146412973636665,0.021743240688152317,0.6838453914089351,0.042146407000281466,0.3749402104584364,0.3686008908406683,690,31044,319,18123
to_label_3020.jpg,LEAF_BLIGHT,0.4,0.5663265306122449,0.016512937437328522,0.03248937977898899,0.01682150900894981,0.4737363725992333,0.032489373155934705,0.4326171874991378,0.4317733439086546,478,27938,531,21229
to_label_3020.jpg,LEAF_BLIGHT,0.5,0.5028698979591837,0.013048681619839212,0.0257612133682948,0.013395688015165679,0.3349851337626378,0.025761205973643207,0.4904934630092265,0.49368478857670045,338,24894,671,24273
to_label_3020.jpg,LEAF_BLIGHT,0.6,0.4106943558673469,0.010376741142327863,0.020540340488431993,0.010773038287908123,0.22001982158374433,0.0205403315884379,0.5780452806110928,0.5853926414046303,222,20385,787,28782
to_label_3020.jpg,LEAF_BLIGHT,0.7,0.30490672831632654,0.009220867627890211,0.018273240127432713,0.009739198640370355,0.1476709613332338,0.018273228518649074,0.680923150508847,0.6918664958189601,149,15150,860,34017
to_label_3020.jpg,LEAF_BLIGHT,0.8,0.2438018176020408,0.007072781200037472,0.01404621658349157,0.007602386985959271,0.0921704657985956,0.014046202505204795,0.7397959183658726,0.7530864197515548,93,12140,916,37027
to_label_3020.jpg,LEAF_BLIGHT,0.9,0.13056042729591838,0.007060077261128812,0.014021164020978557,0.008090367882642491,0.05252725470242545,0.014021140890323283,0.8514429209166704,0.867838184146139,53,6498,956,42669
to_label_3097.jpg,LEAF_BLIGHT,0.1,0.8283840880102041,0.011910717263365228,0.023541043809827113,0.012029351617918852,0.5470459518001044,0.023541039599061717,0.17332987882618517,0.1663960050339686,500,41065,414,8197
to_label_3097.jpg,LEAF_BLIGHT,0.2,0.697624362244898,0.012316451058278187,0.02433320340769438,0.012484287509963192,0.47811816187329126,0.024333198447765856,0.30157844387695,0.2983029515644953,437,34567,477,14695
to_label_3097.jpg,LEAF_BLIGHT,0.3,0.5663663903061225,0.012216163986430339,0.024137460793590148,0.01245689351814886,0.3873085338744739,0.024137454755603353,0.42952806122363374,0.430311396207157,354,28064,560,21198
to_label_3097.jpg,LEAF_BLIGHT,0.4,0.5117984693877551,0.011101817352250392,0.021959840565458525,0.011370716510859148,0.31947483585126096,0.02195983392788792,0.4816246811214891,0.4846331858217599,292,25388,622,23874
to_label_3097.jpg,LEAF_BLIGHT,0.5,0.46615911989795916,0.010099330867336772,0.019996708360681383,0.010389055151729845,0.26586433257485076,0.019996701122063032,0.525310905611198,0.5301246396806257,243,23147,671,26115
to_label_3097.jpg,LEAF_BLIGHT,0.6,0.4232700892857143,0.009110787171970159,0.01805706031049992,0.009417082587769954,0.21881838072004176,0.01805705239882915,0.5664859693866261,0.57293654337913,200,21038,714,28224
to_label_3097.jpg,LEAF_BLIGHT,0.7,0.32541454081632654,0.008422037665174745,0.01670339867755073,0.008819206271381557,0.15754923411843008,0.016703388637455522,0.6621093749986804,0.671470910639699,144,16184,770,33078
to_label_3097.jpg,LEAF_BLIGHT,0.8,0.19258211096938777,0.009544716999049872,0.01890895338925112,0.010348752975159383,0.10940919036002088,0.01890893759977514,0.7931879783147457,0.8058747107287445,100,9563,814,39699
to_label_3097.jpg,LEAF_BLIGHT,0.9,0.0450813137755102,0.0,0.0,0.0,0.0,0.0,0.9367028061205821,0.9540822540681375,0,2262,914,47000
to_label_3098.jpg,LEAF_BLIGHT,0.1,0.26646205357142855,0.15331501967367053,0.26586841766276637,0.1544502617789495,0.95425138627753,0.26586839368089804,0.772720025508664,0.7645380321570346,2065,11305,99,36707
to_label_3098.jpg,LEAF_BLIGHT,0.2,0.24553571428571427,0.16048393558079893,0.27658105495528457,0.16258116882984916,0.9256007393287616,0.27658102953657404,0.7911750637739334,0.7851162209431285,2003,10317,161,37695
to_label_3098.jpg,LEAF_BLIGHT,0.3,0.2382214604591837,0.16055573824267874,0.2766876815167763,0.1633899439457593,0.9024953788862063,0.2766876555563338,0.7964963329065758,0.791718736980772,1953,10000,211,38012
to_label_3098.jpg,LEAF_BLIGHT,0.4,0.2336375956632653,0.16015037593851167,0.2760855476324902,0.1635246950425358,0.8858595193675666,0.27608552132121345,0.7996452487228961,0.7957593934833047,1917,9806,247,38206
to_label_3098.jpg,LEAF_BLIGHT,0.5,0.2295519770408163,0.15939327175528012,0.2749598011966455,0.16330960236010322,0.8692236598489269,0.2749597745650071,0.802295918365748,0.7992793468282944,1881,9637,283,38375
to_label_3098.jpg,LEAF_BLIGHT,0.6,0.22490832270408162,0.15730143705225624,0.27184177262047854,0.16198493575399214,0.8447319777798183,0.2718417456156581,0.8048270089269675,0.803028409562603,1828,9457,336,38555
to_label_3098.jpg,LEAF_BLIGHT,0.7,0.2206234056122449,0.15028248587439996,0.26129666011590374,0.15618789521087453,0.7989833641035591,0.2612966327579311,0.8051658163249259,0.8054444722136019,1729,9341,435,38671
to_label_3098.jpg,LEAF_BLIGHT,0.8,0.20954241071428573,0.11641423036177866,0.2085502445164178,0.12573711242033728,0.6109057301011597,0.20855021620387318,0.8000239158147321,0.8085478630325573,1322,9192,842,38820
to_label_3098.jpg,LEAF_BLIGHT,0.9,0.19684709821428573,0.08477477477401103,0.15629931068718295,0.09527184367626534,0.434842883528889,0.15629928120183684,0.7975326849473902,0.8138798633657963,941,8936,1223,39076
to_label_3214.jpg,LEAF_BLIGHT,0.1,0.5229990433673469,0.0055184757075002104,0.010976378536689374,0.005639814038542642,0.20413793100632582,0.010976373304266514,0.46845105229498474,0.4723261410275377,148,26094,577,23357
to_label_3214.jpg,LEAF_BLIGHT,0.2,0.4855907206632653,0.004765528012475409,0.009485850936590332,0.004884054996901768,0.16413793101184304,0.009485845324356413,0.5047034438765452,0.5096964672089347,119,24246,606,25205
to_label_3214.jpg,LEAF_BLIGHT,0.3,0.4646045918367347,0.003297437181720939,0.006573199650511406,0.00338881262867455,0.10896551722634959,0.006573193800069743,0.524095184947935,0.5301813916795814,79,23233,646,26218
to_label_3214.jpg,LEAF_BLIGHT,0.4,0.43632413903061223,0.0021267168808058188,0.004244407109363142,0.0021924816151181084,0.06620689654259215,0.0042444009040234825,0.5511399872437995,0.5582495803915831,48,21845,677,27606
to_label_3214.jpg,LEAF_BLIGHT,0.5,0.38113839285714285,0.001665320952757038,0.003325104539254748,0.0017255804224967288,0.045517241373032105,0.003325097500925349,0.6057278380089969,0.6139410729800935,33,19091,692,30360
to_label_3214.jpg,LEAF_BLIGHT,0.6,0.3323301977040816,0.0015541357278446202,0.003103448275844233,0.0016191904047878909,0.037241379305208086,0.0031034402897358354,0.6542968749986959,0.6633435117577736,27,16648,698,32803
to_label_3214.jpg,LEAF_BLIGHT,0.7,0.2912747130102041,0.0016323865491241762,0.003259452411973537,0.0017105713308127911,0.03448275861593342,0.0032594434063056375,0.6952726403047368,0.7049604659143294,25,14590,700,34861
to_label_3214.jpg,LEAF_BLIGHT,0.8,0.23716517857142858,0.0019046107451638392,0.003801980197989687,0.0020168067226721273,0.033103448271296076,0.003801969372385062,0.749342315049527,0.759843076983762,24,11876,701,37575
to_label_3214.jpg,LEAF_BLIGHT,0.9,0.2167171556122449,0.002073434125252065,0.004138287783393928,0.0022070995033823147,0.033103448271296076,0.004138276063698476,0.7697903380086699,0.780590887948109,24,10850,701,38601
to_label_3578.jpg,LEAF_BLIGHT,0.1,0.5640146683673469,0.07830966158134908,0.1452452192007765,0.07890459363929715,0.9121732025771172,0.1452452045450263,0.476203762754153,0.45384260811168736,2233,26067,215,21661
to_label_3578.jpg,LEAF_BLIGHT,0.2,0.5149673150510204,0.08180357962336773,0.15123554989871235,0.08278184140221068,0.8737745097682282,0.15123553408776216,0.5215043048458994,0.5034361381149358,2139,23700,309,24028
to_label_3578.jpg,LEAF_BLIGHT,0.3,0.4907326211734694,0.0808512337296141,0.14960659007739055,0.08224018194337716,0.8272058823191502,0.14960657362654145,0.5411949936213704,0.5265253100894097,2025,22598,423,25130
to_label_3578.jpg,LEAF_BLIGHT,0.4,0.4793726084183674,0.07710128434369573,0.14316440888969034,0.07886750093510636,0.7749183006219397,0.14316439212096402,0.5474529655601335,0.5357861213532187,1897,22156,551,25572
to_label_3578.jpg,LEAF_BLIGHT,0.5,0.45960220025510207,0.07131157868182221,0.1331294837111093,0.07363080525530709,0.6936274509520577,0.13312946635926334,0.5592912946417424,0.5524011062676994,1698,21363,750,26365
to_label_3578.jpg,LEAF_BLIGHT,0.6,0.41890545280612246,0.06513253449498396,0.12229939915574083,0.06827156382288277,0.5861928104335706,0.1222993804682773,0.5895049426008659,0.5896748240014463,1435,19584,1013,28144
to_label_3578.jpg,LEAF_BLIGHT,0.7,0.37258848852040816,0.026010578929363756,0.050702360118948575,0.02867076758476239,0.21895424835706886,0.050702339643257426,0.5999880420906409,0.619531511899473,536,18159,1912,29569
to_label_3578.jpg,LEAF_BLIGHT,0.8,0.3350805165816326,0.0011435105774668978,0.0022844089091828856,0.0013085112710324836,0.00898692810420805,0.002284386720834641,0.6170081313763214,0.6481939322815785,22,16791,2426,30937
to_label_3578.jpg,LEAF_BLIGHT,0.9,0.24772799744897958,0.0,0.0,0.0,0.0,0.0,0.7034837372434959,0.7395658732803814,0,12430,2448,35298
to_label_3690.jpg,PHOMOPSIS_LEAF_SPOT,0.1,0.3368542729591837,0.02680156194517334,0.05220397579918062,0.02680156194517334,0.9999999997792494,0.05220397071474548,0.672173947702742,0.669187297627518,453,16449,0,33274
to_label_3690.jpg,PHOMOPSIS_LEAF_SPOT,0.2,0.32716836734693877,0.027595029239597984,0.053707985061036766,0.027595029239597984,0.9999999997792494,0.05370797983414777,0.6818598533149676,0.6789614464117633,453,15963,0,33760
to_label_3690.jpg,PHOMOPSIS_LEAF_SPOT,0.3,0.3184390943877551,0.028351483289345652,0.05513967500422896,0.028351483289345652,0.9999999997792494,0.05513966964194558,0.6905891262741338,0.6877702471679348,453,15525,0,34198
to_label_3690.jpg,PHOMOPSIS_LEAF_SPOT,0.4,0.31212133290816324,0.02892535597963779,0.0562244011415153,0.02892535597963779,0.9999999997792494,0.05622439567678596,0.6969068877537131,0.6941455664366708,453,15208,0,34515
to_label_3690.jpg,PHOMOPSIS_LEAF_SPOT,0.5,0.30361128826530615,0.029736116581136035,0.05775482883879802,0.029736116581136035,0.9999999997792494,0.05775482322972852,0.7054169323965533,0.7027331416030755,453,14781,0,34942
to_label_3690.jpg,PHOMOPSIS_LEAF_SPOT,0.6,0.29683514030612246,0.030414932187253826,0.05903433895836949,0.030414932187253826,0.9999999997792494,0.05903433322880414,0.7121930803557235,0.7095710234685969,453,14441,0,35282
to_label_3690.jpg,PHOMOPSIS_LEAF_SPOT,0.7,0.29390545280612246,0.030718112158196798,0.05960526315750259,0.030718112158196798,0.9999999997792494,0.05960525737422406,0.7151227678557176,0.7125274018045723,453,14294,0,35429
to_label_3690.jpg,PHOMOPSIS_LEAF_SPOT,0.8,0.2900390625,0.03112760255596009,0.060375849659733596,0.03112760255596009,0.9999999997792494,0.06037584380400902,0.7189891581618324,0.7164290167513697,453,14100,0,35623
to_label_3690.jpg,PHOMOPSIS_LEAF_SPOT,0.9,0.28226642219387754,0.0319847489936314,0.06198686371057754,0.0319847489936314,0.9999999997792494,0.06198685770358621,0.7267617984679393,0.7242724694794677,453,13710,0,36013
to_label_3714.jpg,PHOMOPSIS_LEAF_SPOT,0.1,0.3292211415816326,0.11247654216288833,0.20220928334220922,0.11247654216288833,0.9999999999461786,0.20220926516461188,0.7078085140292015,0.6965727058224749,1858,14661,0,33657
to_label_3714.jpg,PHOMOPSIS_LEAF_SPOT,0.2,0.31253985969387754,0.11847978574085907,0.2118586088927488,0.11847978574085907,0.9999999999461786,0.21185858994988524,0.7244897959169234,0.7138954426906869,1858,13824,0,34494
to_label_3714.jpg,PHOMOPSIS_LEAF_SPOT,0.3,0.3095105229591837,0.11963940759742665,0.21371060501372377,0.11963940759742665,0.9999999999461786,0.213710585925047,0.7275191326516113,0.7170412682629309,1858,13672,0,34646
to_label_3714.jpg,PHOMOPSIS_LEAF_SPOT,0.4,0.30727838010204084,0.12050849656167785,0.2150960870559441,0.12050849656167785,0.9999999999461786,0.21509606785840837,0.7297512755087497,0.7193592450003738,1858,13560,0,34758
to_label_3714.jpg,PHOMOPSIS_LEAF_SPOT,0.5,0.30546476403061223,0.12122398381861274,0.2162350887389221,0.12122398381861274,0.9999999999461786,0.21623506945203735,0.7315648915801747,0.7212426010995462,1858,13469,0,34849
to_label_3714.jpg,PHOMOPSIS_LEAF_SPOT,0.6,0.30369100765306123,0.12193201207427527,0.21736078614753532,0.12193201207427527,0.9999999999461786,0.21736076677247254,0.7333386479577221,0.7230845647569786,1858,13380,0,34938
to_label_3714.jpg,PHOMOPSIS_LEAF_SPOT,0.7,0.3013193558673469,0.12289172564241754,0.21888437297391244,0.12289172564241754,0.9999999999461786,0.218884353479706,0.7357102997434317,0.7255474150405117,1858,13261,0,35057
to_label_3714.jpg,PHOMOPSIS_LEAF_SPOT,0.8,0.29821029974489793,0.124172959967091,0.2209143332725705,0.124172959967091,0.9999999999461786,0.2209143136199827,0.7388193558658744,0.7287760254962358,1858,13105,0,35213
to_label_3714.jpg,PHOMOPSIS_LEAF_SPOT,0.9,0.29245057397959184,0.12661850892649162,0.22477619162699747,0.12661850892649162,0.9999999999461786,0.22477617167423725,0.7445790816311691,0.7347572333276734,1858,12816,0,35502
to_label_3715.jpg,PHOMOPSIS_LEAF_SPOT,0.1,0.5152064732142857,0.00576157147826549,0.011457131872312737,0.005763800239813687,0.9371069176496183,0.011457130657135961,0.48756377550923236,0.486134714196201,149,25702,10,24315
to_label_3715.jpg,PHOMOPSIS_LEAF_SPOT,0.2,0.4445950255102041,0.006405662067701103,0.012729781457191749,0.006410256410227675,0.8993710686167478,0.012729780051742894,0.5579360650499084,0.5568506707708242,143,22165,16,27852
to_label_3715.jpg,PHOMOPSIS_LEAF_SPOT,0.3,0.4110730229591837,0.006781302978896676,0.013471253307608991,0.006787549694527356,0.8805031441003125,0.013471251789298594,0.5913384885192297,0.5904192574512858,140,20486,19,29531
to_label_3715.jpg,PHOMOPSIS_LEAF_SPOT,0.4,0.3991151147959184,0.006833599361498236,0.01357443646265259,0.006841106561435928,0.8616352195838772,0.013574434899568081,0.6031768176008386,0.6023551992310567,137,19889,22,30128
to_label_3715.jpg,PHOMOPSIS_LEAF_SPOT,0.5,0.3889110331632653,0.00685807871433104,0.013622731662615652,0.006866864814969422,0.842767295067442,0.013622730059182193,0.613261320151839,0.6125317392074444,134,19380,25,30637
to_label_3715.jpg,PHOMOPSIS_LEAF_SPOT,0.6,0.37948421556122447,0.006869788662190624,0.013645833333262261,0.006879890762003677,0.8238993705510067,0.013645831690657207,0.6225685586722286,0.6219285442936963,131,18910,28,31107
to_label_3715.jpg,PHOMOPSIS_LEAF_SPOT,0.7,0.3635403380102041,0.0070603688905530055,0.014021739130358576,0.007071980702773576,0.8113207542067166,0.01402173741695614,0.6384327168354623,0.6378831197380133,129,18112,30,31905
to_label_3715.jpg,PHOMOPSIS_LEAF_SPOT,0.8,0.34022241709183676,0.007307804735414745,0.014509576320287234,0.0073223595571008,0.7861635215181362,0.014509574491616675,0.6615911989782732,0.6611951936328424,125,16946,34,33071
to_label_3715.jpg,PHOMOPSIS_LEAF_SPOT,0.9,0.31417410714285715,0.006065584128349873,0.012058029265766136,0.0060898249174949895,0.6037735845259286,0.0120580272885219,0.6864835778047543,0.6867465061865231,96,15668,63,34349
to_label_3726.jpg,PHOMOPSIS_LEAF_SPOT,0.1,0.49734933035714285,0.1355640152268661,0.23876067471155776,0.1355640152268661,0.9999999999704405,0.23876065368498256,0.5700733418355985,0.5389908747023294,3383,21572,0,25221
to_label_3726.jpg,PHOMOPSIS_LEAF_SPOT,0.2,0.46227279974489793,0.14585039879221448,0.25457145007052984,0.14585039879221448,0.9999999999704405,0.2545714278527601,0.6051498724477735,0.5766033381048947,3383,19812,0,26981
to_label_3726.jpg,PHOMOPSIS_LEAF_SPOT,0.3,0.4188855229591837,0.16095727471614352,0.27728371787927836,0.16095727471614352,0.9999999999704405,0.2772836939940853,0.6485371492334013,0.623127390847727,3383,17635,0,29158
to_label_3726.jpg,PHOMOPSIS_LEAF_SPOT,0.4,0.39124282525510207,0.17232947888455846,0.29399495958853744,0.17232947888455846,0.9999999999704405,0.29399493450941794,0.6761798469374278,0.6527685764950895,3383,16248,0,30545
to_label_3726.jpg,PHOMOPSIS_LEAF_SPOT,0.5,0.38143734056122447,0.1767594963154984,0.30041736968164273,0.1767594963154984,0.9999999999704405,0.3004173441511039,0.6859853316312859,0.6632829696735338,3383,15756,0,31037
to_label_3726.jpg,PHOMOPSIS_LEAF_SPOT,0.6,0.3733657525510204,0.1805807622494898,0.3059185242107613,0.1805807622494898,0.9999999999704405,0.3059184982968351,0.6940569196414739,0.6719381103996924,3383,15351,0,31442
to_label_3726.jpg,PHOMOPSIS_LEAF_SPOT,0.7,0.36607142857142855,0.1841790069676384,0.3110661578763686,0.1841790069676384,0.9999999999704405,0.31106613160643265,0.7013512436210512,0.6797597931299986,3383,14985,0,31808
to_label_3726.jpg,PHOMOPSIS_LEAF_SPOT,0.8,0.35365513392857145,0.19064525218263936,0.3202385460037853,0.19064525218263936,0.9999999999704405,0.32023851910605355,0.7137675382638836,0.693073750345793,3383,14362,0,32431
to_label_3726.jpg,PHOMOPSIS_LEAF_SPOT,0.9,0.32310267857142855,0.2086725882049798,0.3452921663672095,0.2086725882049798,0.9999999999704405,0.34529213779756707,0.7443199936209656,0.7258350607981411,3383,12829,0,33964
to_label_3730.jpg,PHOMOPSIS_LEAF_SPOT,0.1,0.6990792410714286,0.006870598967965132,0.013647431904372707,0.006870598967965132,0.9999999995850622,0.01364743054890363,0.305723852040207,0.3023730850099081,241,34836,0,15099
to_label_3730.jpg,PHOMOPSIS_LEAF_SPOT,0.2,0.5113400829081632,0.009393148068716555,0.0186114757895644,0.009393148068716555,0.9999999995850622,0.01861147394566449,0.4934630102030982,0.49101832381998395,241,25416,0,24519
to_label_3730.jpg,PHOMOPSIS_LEAF_SPOT,0.3,0.4346500318877551,0.01105048374519212,0.021859410430739867,0.01105048374519212,0.9999999995850622,0.021859408268591594,0.5701530612233535,0.5680785020515309,241,21568,0,28367
to_label_3730.jpg,PHOMOPSIS_LEAF_SPOT,0.4,0.38496492346938777,0.012476703251126129,0.024645906836300833,0.012476703251126129,0.9999999995850622,0.024645904401955403,0.6198381696416218,0.6180034044245158,241,19075,0,30860
to_label_3730.jpg,PHOMOPSIS_LEAF_SPOT,0.5,0.36389907525510207,0.013198970370703767,0.02605405405391322,0.013198970370703767,0.9999999995850622,0.02605405148230792,0.6409040178558655,0.6391709221975785,241,18018,0,31917
to_label_3730.jpg,PHOMOPSIS_LEAF_SPOT,0.6,0.35489078443877553,0.013534003481700824,0.026706560283539967,0.013534003481700824,0.9999999995850622,0.02670655764839824,0.6499123086721741,0.6482226894950471,241,17566,0,32369
to_label_3730.jpg,PHOMOPSIS_LEAF_SPOT,0.7,0.3445671237244898,0.01347054402489755,0.026583000570299012,0.01347677714145713,0.9668049788519482,0.026582997858376218,0.6599170918354195,0.6584359667554652,233,17056,8,32879
to_label_3730.jpg,PHOMOPSIS_LEAF_SPOT,0.8,0.3308952487244898,0.012320451950163349,0.02434101163604642,0.012347166174713322,0.8506224062860488,0.024341008815291592,0.672472895406823,0.671613097024789,205,16398,36,33537
to_label_3730.jpg,PHOMOPSIS_LEAF_SPOT,0.9,0.2932278380102041,0.009450519778524027,0.01872408720062375,0.009515394548973592,0.5809128628294967,0.01872408402922688,0.7075494260189981,0.7081606087900106,140,14573,101,35362
to_label_3731.jpg,PHOMOPSIS_LEAF_SPOT,0.1,0.500358737244898,0.016898608349833404,0.033235581622548444,0.016928224328778267,0.9061833686767199,0.033235578022032766,0.5072345344377646,0.5034703361689431,425,24681,44,25026
to_label_3731.jpg,PHOMOPSIS_LEAF_SPOT,0.2,0.38853236607142855,0.020341408565775623,0.03987176918433244,0.020415491151472606,0.8486140723137283,0.03987176459605354,0.6179846938763194,0.6158086386210879,398,19097,71,30610
to_label_3731.jpg,PHOMOPSIS_LEAF_SPOT,0.3,0.3331273915816326,0.022857142857006803,0.044692737429907516,0.02297337720596486,0.8187633260514363,0.044692732120061675,0.6728316326517203,0.671454724685313,384,16331,85,33376
to_label_3731.jpg,PHOMOPSIS_LEAF_SPOT,0.4,0.32864317602040816,0.022427202025547554,0.04387051123271495,0.02255912674334409,0.793176972112329,0.04387050585442949,0.6768375318864062,0.6757398354342935,372,16118,97,33589
to_label_3731.jpg,PHOMOPSIS_LEAF_SPOT,0.5,0.32455755739795916,0.02146079746359309,0.04201981616305348,0.021614983113161713,0.7505330488804833,0.04201981072086551,0.6801259566312976,0.679461645239746,352,15933,117,33774
to_label_3731.jpg,PHOMOPSIS_LEAF_SPOT,0.6,0.32101004464285715,0.020878241054253382,0.04090250965226289,0.021046749860178512,0.7228144987797837,0.04090250415334226,0.6831552933659855,0.6827810972283929,339,15768,130,33939
to_label_3731.jpg,PHOMOPSIS_LEAF_SPOT,0.7,0.3169044961734694,0.02006480558312522,0.039340256566650335,0.02025029872322338,0.6865671640327149,0.03934025100058106,0.686583227039448,0.6865833785972064,322,15579,147,34128
to_label_3731.jpg,PHOMOPSIS_LEAF_SPOT,0.8,0.31090561224489793,0.018507954617363834,0.03634326964940977,0.01871794871782873,0.6226012791849463,0.03634326398222986,0.6913863201516833,0.6920353270149233,292,15308,177,34399
to_label_3731.jpg,PHOMOPSIS_LEAF_SPOT,0.9,0.29910714285714285,0.01541792415683363,0.0303676423077446,0.01565831556492765,0.5010660979741863,0.030367636430598196,0.700912786988399,0.7027983986144752,235,14773,234,34934
to_label_3733.jpg,PHOMOPSIS_LEAF_SPOT,0.1,0.8222456951530612,0.025038175339881626,0.048853156774535694,0.025038175339881626,0.9999999999031945,0.04885315200843651,0.1983418367342986,0.1814907514800043,1033,40224,0,8919
to_label_3733.jpg,PHOMOPSIS_LEAF_SPOT,0.2,0.7134486607142857,0.028856360690460763,0.05609405120671148,0.028856360690460763,0.9999999999031945,0.056094045754481715,0.30713887117285726,0.29257473088681485,1033,34765,0,14378
to_label_3733.jpg,PHOMOPSIS_LEAF_SPOT,0.3,0.6893534757653061,0.02986498597811482,0.0579978664868396,0.02986498597811482,0.9999999999031945,0.057997860855078305,0.33123405612178886,0.317176403556321,1033,33556,0,15587
to_label_3733.jpg,PHOMOPSIS_LEAF_SPOT,0.4,0.655632174744898,0.031150281112198298,0.06041850869419269,0.03115785633938913,0.9922555662156577,0.060418502790388434,0.36463647959111,0.3514437458023494,1025,31872,8,17271
to_label_3733.jpg,PHOMOPSIS_LEAF_SPOT,0.5,0.6251793686224489,0.03184510540719749,0.061724584901976035,0.031878606267232365,0.9680542109421051,0.06172457872891295,0.3940927933665615,0.3820279592202714,1000,30369,33,18774
to_label_3733.jpg,PHOMOPSIS_LEAF_SPOT,0.6,0.6001474808673469,0.032213163650718454,0.062415719514344006,0.03227841795891383,0.9409486930357261,0.06241571310087045,0.4180086096930445,0.4070162586728384,972,29141,61,20002
to_label_3733.jpg,PHOMOPSIS_LEAF_SPOT,0.7,0.5806361607142857,0.031597305337921565,0.06125899161314927,0.031715521383841164,0.894482090910505,0.06125898499891653,0.4356066645399482,0.42596097104282205,924,28210,109,20933
to_label_3733.jpg,PHOMOPSIS_LEAF_SPOT,0.8,0.5267458545918368,0.033726051115919274,0.06525142919540745,0.03390087022310291,0.8673765730041261,0.06525142195528802,0.4883808992337205,0.4804143011202401,896,25534,137,23609
to_label_3733.jpg,PHOMOPSIS_LEAF_SPOT,0.9,0.39768016581632654,0.03988702804459475,0.07671415638215698,0.04034278841314853,0.7792836398083945,0.07671414702214366,0.6138193558661236,0.6103412490067551,805,19149,228,29994
to_label_3788.jpg,PHOMOPSIS_LEAF_SPOT,0.1,0.6614317602040817,0.006357719657688448,0.012635108835556049,0.006357719657688448,0.9999999995260663,0.012635107579989757,0.3427734374993169,0.33999799859833885,211,32977,0,16988
to_label_3788.jpg,PHOMOPSIS_LEAF_SPOT,0.2,0.6293048469387755,0.0066822903470779,0.013275867492958518,0.0066822903470779,0.9999999995260663,0.013275866174142566,0.37490035076455897,0.3722605824069403,211,31365,0,18600
to_label_3788.jpg,PHOMOPSIS_LEAF_SPOT,0.3,0.6134805484693877,0.006854655318020744,0.013615977801395103,0.006854655318020744,0.9999999995260663,0.013615976449023265,0.39072464923391514,0.3881517061935592,211,30571,0,19394
to_label_3788.jpg,PHOMOPSIS_LEAF_SPOT,0.4,0.5990513392857143,0.00701976179384184,0.013941656480181235,0.00701976179384184,0.9999999995260663,0.013941655095688154,0.40515385841755985,0.4026418492937003,211,29847,0,20118
to_label_3788.jpg,PHOMOPSIS_LEAF_SPOT,0.5,0.5783840880102041,0.007270597153760137,0.014436234263771086,0.007270597153760137,0.9999999995260663,0.014436232830518656,0.4258211096930289,0.42339637746337755,211,28810,0,21155
to_label_3788.jpg,PHOMOPSIS_LEAF_SPOT,0.6,0.5431680484693877,0.007741982828180297,0.015365010012687547,0.007741982828180297,0.9999999995260663,0.01536500848793493,0.46103714923377503,0.4587611327920369,211,27043,0,22922
to_label_3788.jpg,PHOMOPSIS_LEAF_SPOT,0.7,0.49623325892857145,0.008474235913054844,0.01680605336512622,0.008474235913054844,0.9999999995260663,0.016806051698576286,0.5079719387744979,0.5058941258871091,211,24688,0,25277
to_label_3788.jpg,PHOMOPSIS_LEAF_SPOT,0.8,0.4287109375,0.009292816652684263,0.01841451063429512,0.009297568685745444,0.9478672981289729,0.018414508710350688,0.5750558035702825,0.5734814370047564,200,21311,11,28654
to_label_3788.jpg,PHOMOPSIS_LEAF_SPOT,0.9,0.24216757015306123,0.012117242508497484,0.023944345574955957,0.012180067484057443,0.7014218006154399,0.023944342219341927,0.759526466835221,0.7597718402866811,148,12003,63,37962
to_label_3798.jpg,PHOMOPSIS_LEAF_SPOT,0.1,0.6963089923469388,0.02421432251409865,0.04728370221314754,0.02421432251409865,0.9999999998817968,0.047283697596433055,0.32055165816262643,0.3088992499486947,846,34092,0,15238
to_label_3798.jpg,PHOMOPSIS_LEAF_SPOT,0.2,0.568977200255102,0.029633262110653147,0.05756080966131124,0.029633262110653147,0.9999999998817968,0.05756080407069734,0.4478834502542094,0.43841475775301353,846,27703,0,21627
to_label_3798.jpg,PHOMOPSIS_LEAF_SPOT,0.3,0.47353316326530615,0.031179280864842934,0.06047305535210732,0.03131313131299952,0.8794326240095234,0.0604730487119131,0.539261798468313,0.5334279343188051,744,23016,102,26314
to_label_3798.jpg,PHOMOPSIS_LEAF_SPOT,0.4,0.414241868622449,0.03373954599744927,0.06527668623704277,0.033966802982756956,0.8345153663316176,0.06527667872056152,0.597038424743708,0.5929657409272391,706,20079,140,29251
to_label_3798.jpg,PHOMOPSIS_LEAF_SPOT,0.5,0.3720703125,0.03692879914964437,0.07122726108085459,0.03722748942076583,0.8215130022669607,0.07122725278610341,0.6387715242334208,0.6356375430759464,695,17974,151,31356
to_label_3798.jpg,PHOMOPSIS_LEAF_SPOT,0.6,0.350406568877551,0.03919246602357642,0.07542869546301591,0.03952906381504078,0.8215130022669607,0.0754286867024438,0.6604352678558266,0.6576728157294593,695,16887,151,32443
to_label_3798.jpg,PHOMOPSIS_LEAF_SPOT,0.7,0.3245376275510204,0.042287800425662984,0.08114419147646734,0.042679931220568165,0.8215130022669607,0.08114418208640263,0.6863042091823056,0.683985404417831,695,15589,151,33741
to_label_3798.jpg,PHOMOPSIS_LEAF_SPOT,0.8,0.31594786352040816,0.04342664333889386,0.08323851727598515,0.04384028259607746,0.8215130022669607,0.08323850765646647,0.6948939732129008,0.6927224812473287,695,15158,151,34172
to_label_3798.jpg,PHOMOPSIS_LEAF_SPOT,0.9,0.30165816326530615,0.04546346568950439,0.08697284444946206,0.04591701902718078,0.8215130022669607,0.0869728344224221,0.7091836734679744,0.7072572471098576,695,14441,151,34889
to_label_3847.jpg,PHOMOPSIS_LEAF_SPOT,0.1,0.6013632015306123,0.009724473257666375,0.019261637239102233,0.009743487770896323,0.8328611895657616,0.019261634953075688,0.4033203124991962,0.40027698051020555,294,29880,59,19943
to_label_3847.jpg,PHOMOPSIS_LEAF_SPOT,0.2,0.5245336415816326,0.011145651679387573,0.02204559088174098,0.01117063718222132,0.8328611895657616,0.022045588269720296,0.48014987244802265,0.47765088412886086,294,26025,59,23798
to_label_3847.jpg,PHOMOPSIS_LEAF_SPOT,0.3,0.5089285714285714,0.01148661848012703,0.022712348873951436,0.011513157894691756,0.8328611895657616,0.02271234618402048,0.4957549426010528,0.4933665174708601,294,25242,59,24581
to_label_3847.jpg,PHOMOPSIS_LEAF_SPOT,0.4,0.498226243622449,0.011732779950467983,0.02319343641518147,0.011760470418769708,0.8328611895657616,0.023193433669075437,0.5064572704071539,0.5041446721383614,294,24705,59,25118
to_label_3847.jpg,PHOMOPSIS_LEAF_SPOT,0.5,0.48294005102040816,0.012103248116536564,0.023917022574643412,0.012132717068289316,0.8328611895657616,0.02391701974410918,0.5217434630091643,0.5195391686560031,294,23938,59,25885
to_label_3847.jpg,PHOMOPSIS_LEAF_SPOT,0.6,0.4702048788265306,0.012430238457583162,0.024555249310847092,0.012461323273799596,0.8328611895657616,0.024555246405906925,0.5344786352030164,0.5323645705787842,294,23299,59,26524
to_label_3847.jpg,PHOMOPSIS_LEAF_SPOT,0.7,0.44541214923469385,0.013120314173450909,0.025900801691366836,0.013154951004460355,0.8328611895657616,0.025900798629751032,0.5592713647948038,0.5573329586725863,294,22055,59,27768
to_label_3847.jpg,PHOMOPSIS_LEAF_SPOT,0.8,0.41013632015306123,0.014245566430786677,0.028090961207586036,0.01428640847458921,0.8328611895657616,0.02809095789150572,0.5945471938763661,0.592858719867144,294,20285,59,29538
to_label_3847.jpg,PHOMOPSIS_LEAF_SPOT,0.9,0.3641980229591837,0.016036655211825467,0.03156708004492636,0.01608843165143872,0.8328611895657616,0.03156707632638827,0.6404854910701521,0.6391224936261584,294,17980,59,31843
to_label_3887.jpg,PHOMOPSIS_LEAF_SPOT,0.1,0.4935825892857143,0.007066139061588201,0.014033118158798631,0.007066139061588201,0.9999999994285714,0.014033116765277109,0.5099051339275552,0.5081898362022595,175,24591,0,25410
to_label_3887.jpg,PHOMOPSIS_LEAF_SPOT,0.2,0.44911910076530615,0.007765697803382446,0.015411712901737509,0.007765697803382446,0.9999999994285714,0.015411711372374548,0.5543686224478748,0.552808943820018,175,22360,0,27641
to_label_3887.jpg,PHOMOPSIS_LEAF_SPOT,0.3,0.4119897959183674,0.008465557275500843,0.016788986424824726,0.008465557275500843,0.9999999994285714,0.016788984759939212,0.5914979272947395,0.5900681986348472,175,20497,0,29504
to_label_3887.jpg,PHOMOPSIS_LEAF_SPOT,0.4,0.388492506377551,0.008977581695947378,0.01779540370135349,0.008977581695947378,0.9999999994285714,0.017795401937556632,0.6149952168355091,0.6136477270442318,175,19318,0,30683
to_label_3887.jpg,PHOMOPSIS_LEAF_SPOT,0.5,0.3726283482142857,0.009359790340646308,0.018545994065183626,0.009359790340646308,0.9999999994285714,0.018545992227683824,0.6308593749987427,0.6295674086505678,175,18522,0,31479
to_label_3887.jpg,PHOMOPSIS_LEAF_SPOT,0.6,0.35752152423469385,0.009755281788228131,0.019322071325939483,0.009755281788228131,0.9999999994285714,0.019322069412292985,0.6459661989783044,0.6447271054566014,175,17764,0,32237
to_label_3887.jpg,PHOMOPSIS_LEAF_SPOT,0.7,0.3317920918367347,0.010511773185905142,0.020804850502164865,0.010511773185905142,0.9999999994285714,0.020804848443198434,0.6716956313762124,0.6705465890668776,175,16473,0,33528
to_label_3887.jpg,PHOMOPSIS_LEAF_SPOT,0.8,0.3038305165816326,0.011479173499432737,0.02269779507118873,0.011479173499432737,0.9999999994285714,0.02269779282702174,0.6996572066312586,0.6986060278780453,175,15070,0,34931
to_label_3887.jpg,PHOMOPSIS_LEAF_SPOT,0.9,0.2217394770408163,0.010732492621315334,0.021237058667186646,0.01078554736643191,0.685714285322449,0.02123705561788735,0.7795559630086504,0.779884402310394,120,11006,55,38995
to_label_3895.jpg,PHOMOPSIS_LEAF_SPOT,0.1,0.6534797512755102,0.013259130857849773,0.02617125363898625,0.013297142334278882,0.8226415092787469,0.026171250508145602,0.35333625637684685,0.3483261491351804,436,32353,94,17293
to_label_3895.jpg,PHOMOPSIS_LEAF_SPOT,0.2,0.5610849808673469,0.014609126282226355,0.028797545584392157,0.014669839803876426,0.7792452828718406,0.02879754195700956,0.4448142538256441,0.44124400757273247,413,27740,117,21906
to_label_3895.jpg,PHOMOPSIS_LEAF_SPOT,0.3,0.5203683035714286,0.01539868882445724,0.030330330330216478,0.015472998850955676,0.7622641507995729,0.030330326430285517,0.48517219387658406,0.4822140756546706,404,25706,126,23940
to_label_3895.jpg,PHOMOPSIS_LEAF_SPOT,0.4,0.4984853316326531,0.016030868371788732,0.03155586876504755,0.016112266112201692,0.7603773583470986,0.03155586470101075,0.5070153061214385,0.5043105184697573,403,24609,127,25037
to_label_3895.jpg,PHOMOPSIS_LEAF_SPOT,0.5,0.4789540816326531,0.016512850225483124,0.032489210976172585,0.01660286284946487,0.7528301885372018,0.03248920675355381,0.5263871173458897,0.5239697055139911,399,23633,131,26013
to_label_3895.jpg,PHOMOPSIS_LEAF_SPOT,0.6,0.4675342793367347,0.016827738216273196,0.03309850348062404,0.01692314250387091,0.7490566036322536,0.03309849915941892,0.5377272002540303,0.535471135639255,397,23062,133,26584
to_label_3895.jpg,PHOMOPSIS_LEAF_SPOT,0.7,0.4585060586734694,0.01706927099080822,0.03356560163140055,0.017169434060605192,0.7452830187273052,0.033565597228937885,0.5466757015295227,0.5445554526033426,395,22611,135,27035
to_label_3895.jpg,PHOMOPSIS_LEAF_SPOT,0.8,0.4503148915816326,0.017154167582946318,0.03372972972958387,0.017260455852988445,0.7358490564649341,0.03372972525071019,0.5546675701519558,0.552733352131989,390,22205,140,27441
to_label_3895.jpg,PHOMOPSIS_LEAF_SPOT,0.9,0.4296875,0.0175503247500228,0.03449524671781577,0.017671614100103563,0.7188679243926664,0.03449524203423935,0.5749362244886501,0.5733996696600463,381,21179,149,28467
to_label_3906.jpg,PHOMOPSIS_LEAF_SPOT,0.1,0.49449936224489793,0.08317580340231197,0.1535776614304943,0.08334676769271583,0.9759320433706498,0.15357764693160258,0.5456991390295247,0.526728676362389,2068,22744,51,25313
to_label_3906.jpg,PHOMOPSIS_LEAF_SPOT,0.2,0.3995336415816326,0.10179938363603837,0.1847875124055545,0.10215992417767167,0.9664936290247054,0.18478749511310236,0.6398676658150513,0.6254655929404135,2048,17999,71,30058
to_label_3906.jpg,PHOMOPSIS_LEAF_SPOT,0.3,0.366390306122449,0.11049125277522347,0.198995268984056,0.11096605744064966,0.9627182632863277,0.19899525044921598,0.6726921237231491,0.6599038641599353,2040,16344,79,31713
to_label_3906.jpg,PHOMOPSIS_LEAF_SPOT,0.4,0.34939014668367346,0.1150834184535519,0.20641221373940757,0.11568079402135827,0.957055214678761,0.20641219449669906,0.6892139668353611,0.6774039161814566,2028,15503,91,32554
to_label_3906.jpg,PHOMOPSIS_LEAF_SPOT,0.5,0.33579799107142855,0.11905604719693771,0.2127794179659807,0.11976971927046251,0.9523360075057888,0.21277939811799187,0.7024075255088041,0.6913873109001989,2018,14831,101,33226
to_label_3906.jpg,PHOMOPSIS_LEAF_SPOT,0.6,0.32118941326530615,0.12298312599998162,0.21902933918168888,0.12391412261030085,0.9424256724425473,0.2190293186401947,0.7161790497434706,0.706203050542676,1997,14119,122,33938
to_label_3906.jpg,PHOMOPSIS_LEAF_SPOT,0.7,0.3014987244897959,0.12873036649130412,0.22809764016798226,0.13002379693198027,0.9282680509236306,0.22809761861328395,0.7346739477026174,0.7261377114661212,1967,13161,152,34896
to_label_3906.jpg,PHOMOPSIS_LEAF_SPOT,0.8,0.2886439732142857,0.13000272256922132,0.23009275990705882,0.13187875440080177,0.9013685700376891,0.2300927376367802,0.7452566964270861,0.7383731818450208,1910,12573,209,35484
to_label_3906.jpg,PHOMOPSIS_LEAF_SPOT,0.9,0.27333785076530615,0.1212292876354537,0.21624352658698848,0.12482683193492652,0.8079282680128397,0.21624350340231313,0.7526705994882958,0.7502340970082397,1712,12003,407,36054
to_label_3954.jpg,PHOMOPSIS_LEAF_SPOT,0.1,0.22692123724489796,0.33743607523327174,0.5046014257906377,0.3419111189149665,0.9626607319247611,0.5046013871079043,0.8476562499983106,0.8375747853966063,3893,7493,151,38639
to_label_3954.jpg,PHOMOPSIS_LEAF_SPOT,0.2,0.2210419323979592,0.34139856420862,0.5090188305219093,0.34730862861466677,0.9525222551693244,0.5090187913581602,0.8519013073962614,0.8430807248746139,3852,7239,192,38893
to_label_3954.jpg,PHOMOPSIS_LEAF_SPOT,0.3,0.2178332270408163,0.3429596412525295,0.5107519700780636,0.34986276303431046,0.9455984173851237,0.5107519306483898,0.8539939413248286,0.8459637561760904,3824,7106,220,39026
to_label_3954.jpg,PHOMOPSIS_LEAF_SPOT,0.4,0.21303013392857142,0.34781813191521527,0.5161202742108456,0.35569276826311447,0.9401582591261088,0.516120234378672,0.8579201211717595,0.8507110032063411,3802,6887,242,39245
to_label_3954.jpg,PHOMOPSIS_LEAF_SPOT,0.5,0.20912388392857142,0.3519017948446768,0.5206026002578207,0.3606213666219325,0.9357072205505513,0.5206025600944709,0.8611088966819572,0.8545694962263622,3784,6709,260,39423
to_label_3954.jpg,PHOMOPSIS_LEAF_SPOT,0.6,0.2058155293367347,0.35383890720344946,0.5227193653849925,0.3637067880278521,0.9287833827663506,0.5227193249385467,0.8633011798452183,0.8575609121632325,3756,6571,288,39561
to_label_3954.jpg,PHOMOPSIS_LEAF_SPOT,0.7,0.20216836734693877,0.3565350415875654,0.5256554835034842,0.3676064668733477,0.9221068249030142,0.5256554427422369,0.8658721301003152,0.8609425127875207,3729,6415,315,39717
to_label_3954.jpg,PHOMOPSIS_LEAF_SPOT,0.8,0.1972058354591837,0.3600351253745728,0.529449745315091,0.3729156139426688,0.9124629079893061,0.5294497041211145,0.869280133926839,0.8654946674740625,3690,6205,354,39927
to_label_3954.jpg,PHOMOPSIS_LEAF_SPOT,0.9,0.18913424744897958,0.3630778527509006,0.5327323777114472,0.37987355110242493,0.8914441147158397,0.5327323358035596,0.8739636479574419,0.872431284139269,3605,5885,439,40247
to_label_4067.jpg,PHOMOPSIS_LEAF_SPOT,0.1,0.3596938775510204,0.049977836879155704,0.09519788918155568,0.049977836879155704,0.9999999998891352,0.09519788011439714,0.6582828443864431,0.6520274384043268,902,17146,0,32128
to_label_4067.jpg,PHOMOPSIS_LEAF_SPOT,0.2,0.35122369260204084,0.0511831129770687,0.09738191632875907,0.0511831129770687,0.9999999998891352,0.09738190706420452,0.6667530293354058,0.6606526768667844,902,16721,0,32553
to_label_4067.jpg,PHOMOPSIS_LEAF_SPOT,0.3,0.3464205994897959,0.05189276262770744,0.09866549989007511,0.05189276262770744,0.9999999998891352,0.09866549050973043,0.6715561224476412,0.6655436944419663,902,16480,0,32794
to_label_4067.jpg,PHOMOPSIS_LEAF_SPOT,0.4,0.34287308673469385,0.05242966751887683,0.09963547995084704,0.05242966751887683,0.9999999998891352,0.0996354704831111,0.6751036352027362,0.6691561472568308,902,16302,0,32972
to_label_4067.jpg,PHOMOPSIS_LEAF_SPOT,0.5,0.3395846619897959,0.05293737895385329,0.10055180870575468,0.05293737895385329,0.9999999998891352,0.10055179915554756,0.6783920599476275,0.672504769248138,902,16137,0,33137
to_label_4067.jpg,PHOMOPSIS_LEAF_SPOT,0.6,0.3362364477040816,0.05346452492410963,0.10150227873683958,0.05346452492410963,0.9999999998891352,0.10150226910117713,0.6817402742333352,0.6759142752756506,902,15969,0,33305
to_label_4067.jpg,PHOMOPSIS_LEAF_SPOT,0.7,0.33189174107142855,0.05416441481982727,0.10276274565592274,0.05416441481982727,0.9999999998891352,0.1027627359070728,0.6860849808659796,0.680338515239923,902,15751,0,33523
to_label_4067.jpg,PHOMOPSIS_LEAF_SPOT,0.8,0.3228236607142857,0.05568588714621752,0.10549707602277486,0.05568588714621752,0.9999999998891352,0.10549706602893293,0.6951530612231044,0.6895725940644365,902,15296,0,33978
to_label_4067.jpg,PHOMOPSIS_LEAF_SPOT,0.9,0.2960578762755102,0.060720296196158055,0.11448879862845408,0.060720296196158055,0.9999999998891352,0.1144887878342329,0.7219188456618265,0.7168283476058026,902,13953,0,35321
to_label_4087.jpg,PHOMOPSIS_LEAF_SPOT,0.1,0.427913743622449,0.010386102184293297,0.02055867981921011,0.010386102184293297,0.9999999995515695,0.020558677784380527,0.5765306122437489,0.5746401617508966,223,21248,0,28705
to_label_4087.jpg,PHOMOPSIS_LEAF_SPOT,0.2,0.4134048150510204,0.010750614665136429,0.021272536487545204,0.010750614665136429,0.9999999995515695,0.021272534382816337,0.5910395408151485,0.5892138610281881,223,20520,0,29433
to_label_4087.jpg,PHOMOPSIS_LEAF_SPOT,0.3,0.39540816326530615,0.011239919354782057,0.02222997557682186,0.011239919354782057,0.9999999995515695,0.02222997337842231,0.609036192600827,0.6072908534009823,223,19617,0,30336
to_label_4087.jpg,PHOMOPSIS_LEAF_SPOT,0.4,0.3654934630102041,0.012159877855869132,0.024027583234435795,0.012159877855869132,0.9999999995515695,0.0240275808604145,0.6389508928558695,0.6373390987515518,223,18116,0,31837
to_label_4087.jpg,PHOMOPSIS_LEAF_SPOT,0.5,0.3331273915816326,0.013341310200338968,0.026331326012360778,0.013341310200338968,0.9999999995515695,0.02633132341373991,0.6713169642843764,0.6698496586778174,223,16492,0,33461
to_label_4087.jpg,PHOMOPSIS_LEAF_SPOT,0.6,0.29739317602040816,0.014944377429198871,0.02944866292486333,0.014944377429198871,0.9999999995515695,0.02944866002316406,0.7070511798455297,0.7057433987934544,223,14699,0,35254
to_label_4087.jpg,PHOMOPSIS_LEAF_SPOT,0.7,0.2853954081632653,0.015572625698215273,0.030667675169974092,0.015572625698215273,0.9999999995515695,0.030667672150021308,0.7190489477026486,0.7177947270419839,223,14097,0,35856
to_label_4087.jpg,PHOMOPSIS_LEAF_SPOT,0.8,0.2756895727040816,0.016120870382302314,0.03173022196904005,0.016120870382302314,0.9999999995515695,0.03173021884613277,0.7287547831618129,0.7275438912563258,223,13610,0,36343
to_label_4087.jpg,PHOMOPSIS_LEAF_SPOT,0.9,0.2653260522959184,0.01675054458035942,0.032949172576588734,0.01675054458035942,0.9999999995515695,0.032949169335710765,0.7391183035699556,0.7379536764543912,223,13090,0,36863
to_label_4117.jpg,PHOMOPSIS_LEAF_SPOT,0.1,0.45591517857142855,0.015869565217322305,0.031243312646988045,0.015955586640951407,0.7464212677410181,0.031243308548709374,0.5488879145397224,0.5469438686164451,365,22511,124,27176
to_label_4117.jpg,PHOMOPSIS_LEAF_SPOT,0.2,0.41858657525510207,0.017276470866581736,0.03396612693079301,0.017378469742335007,0.7464212677410181,0.03396612248364176,0.5862165178559745,0.5846398454312303,365,20638,124,29049
to_label_4117.jpg,PHOMOPSIS_LEAF_SPOT,0.3,0.40872130102040816,0.017690965490414448,0.034766871457661726,0.017797932514054038,0.7464212677410181,0.03476686690816438,0.5960817920906487,0.5946022098323613,365,20143,124,29544
to_label_4117.jpg,PHOMOPSIS_LEAF_SPOT,0.4,0.40132732780612246,0.01801490548335218,0.035392223407178354,0.018125838009543992,0.7464212677410181,0.03539221877783238,0.6034757653049198,0.6020689516360375,365,19772,124,29915
to_label_4117.jpg,PHOMOPSIS_LEAF_SPOT,0.5,0.39473054846938777,0.018314099347625117,0.03596945060341971,0.018428758961837682,0.7464212677410181,0.03596944590043217,0.6100725446416413,0.6087306538921474,365,19441,124,30246
to_label_4117.jpg,PHOMOPSIS_LEAF_SPOT,0.6,0.38807397959183676,0.01862625025505906,0.03657131406223851,0.01874486442061039,0.7464212677410181,0.03657130928252994,0.616729113519179,0.6154527341143248,365,19107,124,30580
to_label_4117.jpg,PHOMOPSIS_LEAF_SPOT,0.7,0.3793447066326531,0.019052093120268024,0.03739179429371822,0.019176210990757715,0.7464212677410181,0.037391789409525575,0.6254583864783453,0.6242679171601742,365,18669,124,31018
to_label_4117.jpg,PHOMOPSIS_LEAF_SPOT,0.8,0.36684869260204084,0.019696724407642887,0.03863251481774644,0.01982941272331271,0.7464212677410181,0.03863250977578337,0.6379544005089326,0.6368869120682736,365,18042,124,31645
to_label_4117.jpg,PHOMOPSIS_LEAF_SPOT,0.9,0.34255420918367346,0.021083641404684127,0.04129660010159361,0.021235745869087528,0.7464212677410181,0.04129659472179674,0.6622488839272516,0.6614204922803522,365,16823,124,32864
to_label_4199.jpg,PHOMOPSIS_LEAF_SPOT,0.1,0.5479910714285714,0.04160605178919986,0.07988826815614564,0.04160605178919986,0.9999999999125874,0.07988826048614737,0.47480867346844147,0.4625550660783518,1144,26352,0,22680
to_label_4199.jpg,PHOMOPSIS_LEAF_SPOT,0.2,0.42685746173469385,0.05277401894427337,0.100257069408296,0.05280605098490612,0.9886363635499443,0.10025705978110142,0.5954241071416705,0.5862497960503625,1131,20287,13,28745
to_label_4199.jpg,PHOMOPSIS_LEAF_SPOT,0.3,0.36104910714285715,0.061566444358366494,0.1159916926266044,0.061658202693411025,0.9763986013132518,0.11599168145207785,0.6606744260190914,0.6533080437252136,1117,16999,27,32033
to_label_4199.jpg,PHOMOPSIS_LEAF_SPOT,0.4,0.30367107780612246,0.07212513907931065,0.1345461205046423,0.07232394828330824,0.9632867132025098,0.1345461075118624,0.7174545599475497,0.7117188774663246,1102,14135,42,34897
to_label_4199.jpg,PHOMOPSIS_LEAF_SPOT,0.5,0.2409717793367347,0.08983860342482017,0.16486588590733006,0.0902324042668908,0.9536713285879658,0.16486587011287807,0.7797154017841603,0.7756567139811232,1091,11000,53,38032
to_label_4199.jpg,PHOMOPSIS_LEAF_SPOT,0.6,0.22233737244897958,0.09654987964610368,0.17609756097417806,0.09707780566424275,0.94667832159557,0.17609754410122438,0.7980309311208585,0.7945627345390875,1083,10073,61,38959
to_label_4199.jpg,PHOMOPSIS_LEAF_SPOT,0.7,0.21219308035714285,0.0994964565451371,0.18098549741174635,0.1002160232920051,0.9326923076107786,0.1809854798882809,0.8075374681106354,0.8046173927214786,1067,9580,77,39452
to_label_4199.jpg,PHOMOPSIS_LEAF_SPOT,0.8,0.1985809948979592,0.10417495029717519,0.18869283399181946,0.10517864311415918,0.9160839160038388,0.18869281551369527,0.8203922193861201,0.8181595692592222,1048,8916,96,40116
to_label_4199.jpg,PHOMOPSIS_LEAF_SPOT,0.9,0.1813018176020408,0.10474649406575245,0.18962991895137554,0.10673848521373266,0.84877622370203,0.1896298991036861,0.8346022002534387,0.8342714961640678,971,8126,173,40906
to_label_4319.jpg,PHOMOPSIS_LEAF_SPOT,0.1,0.4535435267857143,0.02197126158974394,0.042997807111652415,0.02197126158974394,0.9999999998,0.0429978029041278,0.5564213966825645,0.5519566792806346,500,22257,0,27419
to_label_4319.jpg,PHOMOPSIS_LEAF_SPOT,0.2,0.41703204719387754,0.023650262780584564,0.046207701283331584,0.02365591397838157,0.9899999998019999,0.04620769672459697,0.5927335778049412,0.5887350028170771,495,20430,5,29246
to_label_4319.jpg,PHOMOPSIS_LEAF_SPOT,0.3,0.37948421556122447,0.023035443170394035,0.045033519266951365,0.023108030040317692,0.879999999824,0.045033514280217325,0.6280891262742584,0.6255535872440906,440,18601,60,31075
to_label_4319.jpg,PHOMOPSIS_LEAF_SPOT,0.4,0.3423349808673469,0.02552648372671853,0.04978220286219504,0.025615648832592326,0.879999999824,0.04978219736485763,0.6652383609680619,0.6630767372560933,440,16737,60,32939
to_label_4319.jpg,PHOMOPSIS_LEAF_SPOT,0.5,0.3331672512755102,0.026226381355270747,0.05111227275337682,0.026320512053440683,0.879999999824,0.05111226711354444,0.6744060905598804,0.6723367420873816,440,16277,60,33399
to_label_4319.jpg,PHOMOPSIS_LEAF_SPOT,0.6,0.32686941964285715,0.02672984630322137,0.05206792497454548,0.026827632461271705,0.879999999824,0.05206791923247157,0.680703922192521,0.6786979627975709,440,15961,60,33715
to_label_4319.jpg,PHOMOPSIS_LEAF_SPOT,0.7,0.3187779017857143,0.027405792587808123,0.05334949984811549,0.027508596436214387,0.879999999824,0.05334949396911563,0.6887954400496477,0.686870923583447,440,15555,60,34121
to_label_4319.jpg,PHOMOPSIS_LEAF_SPOT,0.8,0.3081752232142857,0.028345036397420954,0.055127482302479935,0.028455021664434747,0.879999999824,0.0551274762338676,0.699398118621055,0.6975803204752846,440,15023,60,34653
to_label_4319.jpg,PHOMOPSIS_LEAF_SPOT,0.9,0.2900390625,0.03011017587059392,0.05846010761935521,0.03023431594839391,0.879999999824,0.05846010119643365,0.7175342793353047,0.7158990256850071,440,14113,60,35563
to_label_4408.jpg,PHOMOPSIS_LEAF_SPOT,0.1,0.22233737244897958,0.044909643943058596,0.08595890410885308,0.044998207242335976,0.9580152669927452,0.08595889553805325,0.7872289540800637,0.7854265689180991,502,10654,22,38998
to_label_4408.jpg,PHOMOPSIS_LEAF_SPOT,0.2,0.19573102678571427,0.05100071116477699,0.09705171580379843,0.05111495774309016,0.9580152669927452,0.09705170618549833,0.813835299743276,0.8123137033738574,502,9319,22,40333
to_label_4408.jpg,PHOMOPSIS_LEAF_SPOT,0.3,0.19150589923469388,0.05212335167633554,0.09908220665055677,0.05224268914504898,0.9580152669927452,0.09908219684196531,0.818060427294288,0.816583420605783,502,9107,22,40545
to_label_4408.jpg,PHOMOPSIS_LEAF_SPOT,0.4,0.18829719387755103,0.053009503695321966,0.10068190934515962,0.053132938187413915,0.9580152669927452,0.10068189938696478,0.8212691326514244,0.8198259888809719,502,8946,22,40706
to_label_4408.jpg,PHOMOPSIS_LEAF_SPOT,0.5,0.18574617346938777,0.053735816741021875,0.10199106054345802,0.05386266094362808,0.9580152669927452,0.10199105046303908,0.8238201530595827,0.8224039313606252,502,8818,22,40834
to_label_4408.jpg,PHOMOPSIS_LEAF_SPOT,0.6,0.18307557397959184,0.05451781059888664,0.10339855818637075,0.0546483779658758,0.9580152669927452,0.10339854797475388,0.8264907525493732,0.8251027148940121,502,8684,22,40968
to_label_4408.jpg,PHOMOPSIS_LEAF_SPOT,0.7,0.17859135841836735,0.05576580587649414,0.10564048497516457,0.05590893873389232,0.9561068700465446,0.1056404745354318,0.8309351084167113,0.8296141142334053,501,8460,23,41192
to_label_4408.jpg,PHOMOPSIS_LEAF_SPOT,0.8,0.17091836734693877,0.05666511843872892,0.10725274725156864,0.056902985073963346,0.9312977097459356,0.1072527363970546,0.8380899234677175,0.8371062595648975,488,8088,36,41564
to_label_4408.jpg,PHOMOPSIS_LEAF_SPOT,0.9,0.15465561224489796,0.05515220990886317,0.10453887010979551,0.05579896907144589,0.8263358777048978,0.10453885825786714,0.8521603954064649,0.8524329332134608,433,7327,91,42325
