filename,class_name,stem,raw_split,threshold,pred_area,iou,dice,precision,recall,f1,specificity,pixel_accuracy,tp,fp,fn,tn
to_label_134.jpg,ALGAL_LEAF_SPOT,to_label_134,test,0.1,0.0878109056122449,0.03406055209185083,0.06587728740439447,0.03472537448854459,0.6401673637488839,0.06587727764182842,0.9148326891865454,0.9135243941308324,153,4253,86,45684
to_label_134.jpg,ALGAL_LEAF_SPOT,to_label_134,test,0.2,0.08189174107142858,0.03647199046396968,0.0703771849109849,0.03723533706407312,0.6401673637488839,0.07037717452009938,0.9207801830287747,0.919443558671637,153,3956,86,45981
to_label_134.jpg,ALGAL_LEAF_SPOT,to_label_134,test,0.3,0.07828443877551021,0.03811659192730153,0.07343412526821613,0.03895112016194117,0.6401673637488839,0.07343411445330178,0.9244047499831299,0.9230508609675481,153,3775,86,46162
to_label_134.jpg,ALGAL_LEAF_SPOT,to_label_134,test,0.4,0.07555404974489796,0.03946350270726171,0.07593052108992729,0.04035874439355424,0.6401673637488839,0.07593050993042422,0.9271482067386364,0.9257812499981549,153,3638,86,46299
to_label_134.jpg,ALGAL_LEAF_SPOT,to_label_134,test,0.5,0.07284359056122448,0.040898155572282865,0.07858243451261987,0.04186046511513378,0.6401673637488839,0.07858242298872258,0.9298716382623508,0.928491709181823,153,3502,86,46435
to_label_134.jpg,ALGAL_LEAF_SPOT,to_label_134,test,0.6,0.0703125,0.04233536247807595,0.08123174940055132,0.04336734693754628,0.6401673637488839,0.08123173751432579,0.9324148426999371,0.9310227997430425,153,3375,86,46562
to_label_134.jpg,ALGAL_LEAF_SPOT,to_label_134,test,0.7,0.0670639349489796,0.04433497536817343,0.08490566037500262,0.04546805349047643,0.6401673637488839,0.08490564798914878,0.935678955482036,0.9342713647940564,153,3212,86,46725
to_label_134.jpg,ALGAL_LEAF_SPOT,to_label_134,test,0.8,0.0625797193877551,0.0474271543692676,0.09055933707929685,0.048726114648129745,0.6401673637488839,0.09055932393099607,0.94018463263524,0.938755580355272,153,2987,86,46950
to_label_134.jpg,ALGAL_LEAF_SPOT,to_label_134,test,0.9,0.054408482142857144,0.05433238636170695,0.10306500504873477,0.056043956041903153,0.6401673637488839,0.10306499024156986,0.9483949776699674,0.9469268176001536,153,2577,86,47360
to_label_177.jpg,ALGAL_LEAF_SPOT,to_label_177,test,0.1,0.0813735650510204,0.07974683544135555,0.14771395075913024,0.09257898603740929,0.3652173912690611,0.1477139184899515,0.9246047088970013,0.9130660076512415,378,3705,657,45436
to_label_177.jpg,ALGAL_LEAF_SPOT,to_label_177,test,0.2,0.07037228954081633,0.08585017835705469,0.15812527375913,0.10223732653349654,0.34879227049770123,0.15812523869693906,0.9354917482327679,0.9233896683655066,361,3170,674,45971
to_label_177.jpg,ALGAL_LEAF_SPOT,to_label_177,test,0.3,0.06505102040816327,0.08725341426182971,0.16050244242473827,0.10569852940852639,0.3333333333011272,0.1605024058627457,0.9405994993977725,0.9280731823961096,345,2919,690,46222
to_label_177.jpg,ALGAL_LEAF_SPOT,to_label_177,test,0.4,0.060845822704081634,0.08868175765409636,0.16291585126803043,0.10907304290504183,0.32173913040369667,0.1629158134480726,0.944649071038553,0.9318000637736531,333,2720,702,46421
to_label_177.jpg,ALGAL_LEAF_SPOT,to_label_177,test,0.5,0.05697943239795918,0.08831749580524546,0.16230097585612993,0.11052815669428023,0.3053140096323368,0.16230093682250557,0.9482509513421619,0.9349888392838509,316,2543,719,46598
to_label_177.jpg,ALGAL_LEAF_SPOT,to_label_177,test,0.6,0.0528938137755102,0.08787968150728753,0.16156139874867007,0.112283345888761,0.287922705286191,0.16156135837474642,0.9520563277081214,0.9383569834164972,298,2356,737,46785
to_label_177.jpg,ALGAL_LEAF_SPOT,to_label_177,test,0.7,0.0478515625,0.08768597657208972,0.1612339930104414,0.11536859641335409,0.2676328502156876,0.1612339509082706,0.9567774363546595,0.9425621811205704,277,2124,758,47017
to_label_177.jpg,ALGAL_LEAF_SPOT,to_label_177,test,0.8,0.04021843112244898,0.0857041251747616,0.15787749753822872,0.11942517343313055,0.2328502415233961,0.1578774527165741,0.9638387497182316,0.9487603635185173,241,1777,794,47364
to_label_177.jpg,ALGAL_LEAF_SPOT,to_label_177,test,0.9,0.023875956632653062,0.0704697986543399,0.13166144200037344,0.12270450750227842,0.14202898549352375,0.1316613922609166,0.9786125638448981,0.9613560267837983,147,1051,888,48090
to_label_19.jpg,ALGAL_LEAF_SPOT,to_label_19,train,0.1,0.1278499681122449,0.11264402668113033,0.20247990189123205,0.11582229150248134,0.804112554025529,0.20247987987823177,0.88483716397124,0.8833506058655864,743,5672,181,43580
to_label_19.jpg,ALGAL_LEAF_SPOT,to_label_19,train,0.2,0.11760602678571429,0.11775302980481898,0.21069597069288357,0.1218437552936478,0.778138528054314,0.21069594727867483,0.8947859985363137,0.8926379145390373,719,5182,205,44070
to_label_19.jpg,ALGAL_LEAF_SPOT,to_label_19,train,0.3,0.11176658163265306,0.11887632750738479,0.21249234537335437,0.12375178316469772,0.7510822510009652,0.21249232108065746,0.9002274019310886,0.8974808673451501,694,4914,230,44338
to_label_19.jpg,ALGAL_LEAF_SPOT,to_label_19,train,0.4,0.10674426020408163,0.12002853575673215,0.2143312101876699,0.12565347273850536,0.728354978276152,0.21433118508717688,0.9049175667974805,0.9016661352022846,673,4683,251,44569
to_label_19.jpg,ALGAL_LEAF_SPOT,to_label_19,train,0.5,0.10271843112244898,0.1211953514089431,0.21618953602803243,0.12747380674956396,0.7110389609620088,0.21618951024198077,0.9086940631834064,0.9050542091818697,657,4497,267,44755
to_label_19.jpg,ALGAL_LEAF_SPOT,to_label_19,train,0.6,0.09817442602040816,0.12284069097652897,0.21880341879967857,0.12992285830024516,0.6926406925657316,0.21880339219575748,0.9129781531695911,0.9089205994879844,640,4286,284,44966
to_label_19.jpg,ALGAL_LEAF_SPOT,to_label_19,train,0.7,0.09329161352040816,0.12618042997536308,0.22408563781937405,0.13415936765361763,0.6796536795801241,0.22408561028010732,0.9177089255240036,0.913325095661445,628,4053,296,45199
to_label_19.jpg,ALGAL_LEAF_SPOT,to_label_19,train,0.8,0.08629623724489796,0.1301355130107521,0.2303007232540864,0.13972286373811263,0.6547619046910431,0.23030069426227584,0.9243685535593998,0.9194036989777594,605,3725,319,45527
to_label_19.jpg,ALGAL_LEAF_SPOT,to_label_19,train,0.9,0.07224569515306123,0.13924367643027188,0.2444493295175984,0.15337931034059643,0.6017316016664793,0.24444929713959,0.9376878096301923,0.9315011160695721,556,3069,368,46183
to_label_197.jpg,ALGAL_LEAF_SPOT,to_label_197,test,0.1,0.18339445153061223,0.04175185623542718,0.08015700857266649,0.04216474679371696,0.8100208766576157,0.08015699916578929,0.8226452300927165,0.8225247130085648,388,8814,91,40883
to_label_197.jpg,ALGAL_LEAF_SPOT,to_label_197,test,0.2,0.16454081632653061,0.04236276849591452,0.08128219805287598,0.04299903100723111,0.7411273484882823,0.08128218768599044,0.8410165603540636,0.8400629783146523,355,7901,124,41796
to_label_197.jpg,ALGAL_LEAF_SPOT,to_label_197,test,0.3,0.15302136479591838,0.04202861522685196,0.08066691185385967,0.04284970044226557,0.6868475990215349,0.08066690079802638,0.8521238706544618,0.8505460778044273,329,7349,150,42348
to_label_197.jpg,ALGAL_LEAF_SPOT,to_label_197,test,0.4,0.14353475765306123,0.03951820273325865,0.07603176669605478,0.04054429325131152,0.6096033401650097,0.07603175500052801,0.8609574018535103,0.8585578762737991,292,6910,187,42787
to_label_197.jpg,ALGAL_LEAF_SPOT,to_label_197,test,0.5,0.1346061862244898,0.037137940922897364,0.07161620351069244,0.03834764583893474,0.5407098119956765,0.0716161911419847,0.869308006517759,0.8661710778043962,259,6495,220,43202
to_label_197.jpg,ALGAL_LEAF_SPOT,to_label_197,test,0.6,0.1257374043367347,0.03570338724388612,0.06894519740617347,0.037089871611394994,0.48851774520072694,0.06894518428792315,0.8777592208767576,0.8740433673451968,234,6075,245,43622
to_label_197.jpg,ALGAL_LEAF_SPOT,to_label_197,test,0.7,0.11352040816326531,0.03642161799200366,0.07028340080857841,0.03809691011169072,0.45302713978016135,0.07028338649672046,0.8897518964909557,0.8855827487227248,217,5479,262,44218
to_label_197.jpg,ALGAL_LEAF_SPOT,to_label_197,test,0.8,0.09669961734693877,0.04222873900210697,0.0810354530091721,0.04451772464871151,0.45093945710836336,0.08103543665196285,0.9067146910258029,0.9023636798451403,216,4636,263,45061
to_label_197.jpg,ALGAL_LEAF_SPOT,to_label_197,test,0.9,0.06716358418367346,0.059454995869544315,0.1122369446580349,0.06409495548771232,0.45093945710836336,0.11223692286299781,0.9365354045496981,0.9318997130083468,216,3154,263,46543
to_label_199.jpg,ALGAL_LEAF_SPOT,to_label_199,test,0.1,0.1380341198979592,0.023955355927263437,0.046789844476315436,0.025411492924842457,0.2948073701348732,0.04678982986386536,0.8638536477120073,0.8570830676003327,176,6750,421,42829
to_label_199.jpg,ALGAL_LEAF_SPOT,to_label_199,test,0.2,0.1221500318877551,0.02608695652134116,0.05084745762636266,0.027900146842422906,0.28643216075604155,0.05084744144927347,0.8798281530468952,0.8727678571411177,171,5958,426,43621
to_label_199.jpg,ALGAL_LEAF_SPOT,to_label_199,test,0.3,0.11150749362244898,0.028400597906852672,0.05523255813864288,0.030563002680418894,0.28643216075604155,0.055232540713970636,0.8905988422499634,0.8834103954064026,171,5424,426,44155
to_label_199.jpg,ALGAL_LEAF_SPOT,to_label_199,test,0.4,0.10078523596938775,0.031187306218654252,0.06048814998124358,0.03381451453364021,0.28643216075604155,0.06048813109219278,0.901450210772905,0.8941326530594425,171,4886,426,44693
to_label_199.jpg,ALGAL_LEAF_SPOT,to_label_199,test,0.5,0.09227519132653061,0.03382120253097664,0.06542950066834839,0.036933045355573804,0.28643216075604155,0.06542948043316943,0.910062728169366,0.9026426977022827,171,4459,426,45120
to_label_199.jpg,ALGAL_LEAF_SPOT,to_label_199,test,0.6,0.08446269132653061,0.036663807889436885,0.07073422957454531,0.04034922132986434,0.28643216075604155,0.07073420792735471,0.9179693015169367,0.9104551977022671,171,4067,426,45512
to_label_199.jpg,ALGAL_LEAF_SPOT,to_label_199,test,0.7,0.07489636479591837,0.0408699808785643,0.0785304247972783,0.045502927087666234,0.28643216075604155,0.07853040113711413,0.9276508199017172,0.9200215242328603,171,3587,426,45992
to_label_199.jpg,ALGAL_LEAF_SPOT,to_label_199,test,0.8,0.06178252551020408,0.04849688031626498,0.09250743846111692,0.05516129032080125,0.28643216075604155,0.09250741137747157,0.9409225680208537,0.9331353635185484,171,2929,426,46650
to_label_199.jpg,ALGAL_LEAF_SPOT,to_label_199,test,0.9,0.03766741071428571,0.0738341968880037,0.1375150784021908,0.09047619047140337,0.28643216075604155,0.13751504191165348,0.9653280622824879,0.9572504783144188,171,1719,426,47860
to_label_20.jpg,ALGAL_LEAF_SPOT,to_label_20,train,0.1,0.1605548469387755,0.20837348752319976,0.3448825875024822,0.24155908639223486,0.6026633632516983,0.34488254664733237,0.8698532387567472,0.8526586415799333,1946,6110,1283,40837
to_label_20.jpg,ALGAL_LEAF_SPOT,to_label_20,train,0.2,0.1513073979591837,0.21135116981740343,0.34895111357223035,0.2486828240220142,0.5847011458474852,0.34895107169742134,0.8785012886853718,0.8595942283146134,1888,5704,1341,41243
to_label_20.jpg,ALGAL_LEAF_SPOT,to_label_20,train,0.3,0.14580676020408162,0.21137277426523407,0.3489805595035658,0.2515035538511276,0.5698358624784814,0.3489805170110601,0.8833578290393777,0.8631816007635859,1840,5476,1389,41471
to_label_20.jpg,ALGAL_LEAF_SPOT,to_label_20,train,0.4,0.1409638073979592,0.2107180632246948,0.3480877499480869,0.2534992223914393,0.5552802725129985,0.34808770690606666,0.8875327496945757,0.8661511479574574,1793,5280,1436,41667
to_label_20.jpg,ALGAL_LEAF_SPOT,to_label_20,train,0.5,0.1369579081632653,0.21042540443127108,0.34768834768490553,0.25552968567730605,0.5438216165827247,0.34768830418515556,0.891026050650966,0.8686822385186769,1756,5116,1473,41831
to_label_20.jpg,ALGAL_LEAF_SPOT,to_label_20,train,0.6,0.13251355229591838,0.20787478600870782,0.34419923060999996,0.2556775454917179,0.5264787859855535,0.3441991866000717,0.8945832534541194,0.8708944515288766,1700,4949,1529,41998
to_label_20.jpg,ALGAL_LEAF_SPOT,to_label_20,train,0.7,0.12749123086734693,0.20520846375103033,0.34053604819924643,0.25621385023829585,0.5075874883707777,0.34053600361134023,0.8986516710313787,0.8734853316309122,1639,4758,1590,42189
to_label_20.jpg,ALGAL_LEAF_SPOT,to_label_20,train,0.8,0.12083466198979592,0.20098229287577896,0.3346965131259718,0.2564736928870778,0.481573242475021,0.3346964677734291,0.903976824928315,0.8767936862227423,1555,4508,1674,42439
to_label_20.jpg,ALGAL_LEAF_SPOT,to_label_20,train,0.9,0.10724250637755102,0.1918604651136232,0.32195121950845584,0.25757294182758644,0.42923505727998656,0.3219511726282718,0.9149040407248282,0.8836495535696675,1386,3995,1843,42952
to_label_21.jpg,ALGAL_LEAF_SPOT,to_label_21,train,0.1,0.12103396045918367,0.10381387129872163,0.1881003201682484,0.11608760085433743,0.49543218548872575,0.18810028940626186,0.8898939552419546,0.878706951528861,705,5368,718,43385
to_label_21.jpg,ALGAL_LEAF_SPOT,to_label_21,train,0.2,0.11007254464285714,0.10675589547312371,0.1929167866370153,0.12131088176495906,0.4708362613864486,0.19291675405504605,0.9004574077474197,0.8882732780594541,670,4853,753,43900
to_label_21.jpg,ALGAL_LEAF_SPOT,to_label_21,train,0.3,0.10323660714285714,0.10844384757246192,0.19566863546576302,0.12471042470801717,0.4539704848591728,0.1956686016499335,0.9070005948333292,0.8941525829063812,646,4534,777,44219
to_label_21.jpg,ALGAL_LEAF_SPOT,to_label_21,train,0.4,0.09769610969387756,0.10848229933213316,0.19573122529334813,0.12627498979750562,0.4349964862659876,0.1957311904174338,0.912148995957352,0.898616868620658,619,4283,804,44470
to_label_21.jpg,ALGAL_LEAF_SPOT,to_label_21,train,0.5,0.0927734375,0.10670065549696467,0.19282658769014765,0.1258861439285524,0.4118060435409834,0.19282655182509056,0.9165384694256424,0.9022241709165693,586,4069,837,44684
to_label_21.jpg,ALGAL_LEAF_SPOT,to_label_21,train,0.6,0.08791055484693877,0.10912547528309648,0.19677751113821088,0.130129222395599,0.4033731552773455,0.19677747425075226,0.9212971509426675,0.9066087372430911,574,3837,849,44916
to_label_21.jpg,ALGAL_LEAF_SPOT,to_label_21,train,0.7,0.08240991709183673,0.11182236447065769,0.20115149333930998,0.13518742442236548,0.39283204494779816,0.20115145524022907,0.9266506676493207,0.9115114795900201,559,3576,864,45177
to_label_21.jpg,ALGAL_LEAF_SPOT,to_label_21,train,0.8,0.07417889030612244,0.11581001951603101,0.20758017492307912,0.143471252011191,0.37526352773188587,0.20758013490242275,0.93460915225538,0.9187460140287812,534,3188,889,45565
to_label_21.jpg,ALGAL_LEAF_SPOT,to_label_21,train,0.9,0.05919164540816327,0.12209450829828622,0.21761893921653497,0.160942760937342,0.3359100491682424,0.21761889541211163,0.9488851968064552,0.9315011160695721,478,2492,945,46261
to_label_221.jpg,ALGAL_LEAF_SPOT,to_label_221,test,0.1,0.09950972576530612,0.041844894922041194,0.08032845412209338,0.04506308832275059,0.3694581280181514,0.08032843474205312,0.9038069683440518,0.8973214285696403,225,4768,384,44799
to_label_221.jpg,ALGAL_LEAF_SPOT,to_label_221,test,0.2,0.09223533163265306,0.04053248559426719,0.07790719877643866,0.0440795159886759,0.33497536940312395,0.07790717822194375,0.9107470696210972,0.9037587691308518,204,4424,405,45143
to_label_221.jpg,ALGAL_LEAF_SPOT,to_label_221,test,0.3,0.08769132653061225,0.040939318369889045,0.07865841485169378,0.044772727271709716,0.3234811165314481,0.07865839349029385,0.9152056811973385,0.9080237563757413,197,4203,412,45364
to_label_221.jpg,ALGAL_LEAF_SPOT,to_label_221,test,0.4,0.08418367346938775,0.04024967714076088,0.07738464721544829,0.04427083333228526,0.3070607552861969,0.07738462518775334,0.9185546835577731,0.9111328124981841,187,4037,422,45530
to_label_221.jpg,ALGAL_LEAF_SPOT,to_label_221,test,0.5,0.08117426658163265,0.03952042628686678,0.07603588210004195,0.04370243063973232,0.2922824301654709,0.07603585946767819,0.9214194928058559,0.913783482141036,178,3895,431,45672
to_label_221.jpg,ALGAL_LEAF_SPOT,to_label_221,test,0.6,0.07774633290816327,0.03821362799175383,0.07361419068572918,0.04255319148827088,0.2725779966711695,0.0736141673242487,0.9246474468882026,0.9167330994879689,166,3735,443,45832
to_label_221.jpg,ALGAL_LEAF_SPOT,to_label_221,test,0.7,0.07387994260204081,0.0365033621509005,0.0704355885062457,0.04100350687777169,0.24958949092781782,0.07043556426605162,0.9282788952308425,0.920041454079799,152,3555,457,46012
to_label_221.jpg,ALGAL_LEAF_SPOT,to_label_221,test,0.8,0.068359375,0.03325658736164604,0.06437236939677217,0.03790087463446353,0.21346469618826525,0.06437234378612479,0.9334234470495826,0.9246851084165244,130,3300,479,46267
to_label_221.jpg,ALGAL_LEAF_SPOT,to_label_221,test,0.9,0.057298309948979595,0.025309005296488846,0.04936854190443833,0.029913043477220416,0.1412151067091601,0.04936851305416566,0.9437327254000772,0.933992346936914,86,2789,523,46778
to_label_24.jpg,ALGAL_LEAF_SPOT,to_label_24,train,0.1,0.10979352678571429,0.0794901895005955,0.14727357464428656,0.08604102377770846,0.510775862013925,0.14727354996549344,0.8977623456771894,0.8906050701512862,474,5035,454,44213
to_label_24.jpg,ALGAL_LEAF_SPOT,to_label_24,train,0.2,0.10100446428571429,0.08367973974184566,0.15443629085799807,0.09135753748833154,0.49892241373934026,0.15443626469219862,0.9064936647155083,0.8989556760186166,463,4605,465,44643
to_label_24.jpg,ALGAL_LEAF_SPOT,to_label_24,train,0.3,0.09540417729591837,0.08670849971312591,0.15958005249064602,0.09525799038865139,0.49137931029187726,0.15958002528535142,0.9120573424282975,0.904276945151259,456,4331,472,44917
to_label_24.jpg,ALGAL_LEAF_SPOT,to_label_24,train,0.4,0.09107940051020408,0.08957590170254506,0.1644234266976278,0.09890590809411584,0.48706896546475553,0.16442339863483363,0.9163823911612321,0.9084422831614548,452,4118,476,45130
to_label_24.jpg,ALGAL_LEAF_SPOT,to_label_24,train,0.5,0.08685427295918367,0.09214876032867461,0.1687476352597664,0.10234052317342036,0.4806034482240729,0.1687476063090912,0.9205653021423803,0.9124282525492019,446,3912,482,45336
to_label_24.jpg,ALGAL_LEAF_SPOT,to_label_24,train,0.6,0.08270886479591837,0.0936894249387532,0.17132729420694512,0.10481927710590798,0.4687499999494882,0.1713272643332014,0.924565464585517,0.9161352040798068,435,3715,493,45533
to_label_24.jpg,ALGAL_LEAF_SPOT,to_label_24,train,0.7,0.07724808673469388,0.09480401093676381,0.17318900915542904,0.10732714138009992,0.44827586202065994,0.17318897798047014,0.9297433398291712,0.9208386479573485,416,3460,512,45788
to_label_24.jpg,ALGAL_LEAF_SPOT,to_label_24,train,0.8,0.06891741071428571,0.09540459540221267,0.17419060647117668,0.11046847888633694,0.41163793099012524,0.17419057310416466,0.937540610784321,0.927814094385906,382,3076,546,46172
to_label_24.jpg,ALGAL_LEAF_SPOT,to_label_24,train,0.9,0.05177774234693878,0.10429063576247133,0.18888258649492676,0.12817551962555138,0.35883620685788403,0.18888254770558643,0.9540082845984527,0.9430006377532226,333,2265,595,46983
to_label_26.jpg,ALGAL_LEAF_SPOT,to_label_26,train,0.1,0.1475207270408163,0.07325519445826778,0.13651030032096662,0.07430424209572678,0.8384146340185344,0.13651028536282878,0.8616316639724119,0.8613281249982834,550,6852,106,42668
to_label_26.jpg,ALGAL_LEAF_SPOT,to_label_26,train,0.2,0.1395886479591837,0.07675007028286829,0.14255874673443136,0.07795545402515769,0.8323170730438542,0.14255873107146586,0.8695880452324928,0.8691007653043903,546,6458,110,43062
to_label_26.jpg,ALGAL_LEAF_SPOT,to_label_26,train,0.3,0.13474569515306123,0.0793073341082755,0.14695968720308805,0.08060937730985639,0.830792682800184,0.1469596710765358,0.8744749596105119,0.8739038584166257,545,6216,111,43304
to_label_26.jpg,ALGAL_LEAF_SPOT,to_label_26,train,0.4,0.1307796556122449,0.0816724112081272,0.15101136048557756,0.08305394696612231,0.830792682800184,0.15101134395868365,0.8784935379626848,0.8778698979574341,545,6017,111,43503
to_label_26.jpg,ALGAL_LEAF_SPOT,to_label_26,train,0.5,0.12723214285714285,0.08391070053758413,0.15482954545234617,0.08536967418412642,0.830792682800184,0.15482952855035537,0.8820880452324675,0.8814174107125291,545,5839,111,43681
to_label_26.jpg,ALGAL_LEAF_SPOT,to_label_26,train,0.6,0.12348533163265306,0.08641192325849989,0.1590776415621851,0.08795997417546869,0.830792682800184,0.1590776242453422,0.8858844911129121,0.8851642219370114,545,5651,111,43869
to_label_26.jpg,ALGAL_LEAF_SPOT,to_label_26,train,0.7,0.11931999362244898,0.08883789542552306,0.1631792864645013,0.09052948053966044,0.8262195120691739,0.16317926866226873,0.8900444264925483,0.8892099808655748,542,5445,114,44075
to_label_26.jpg,ALGAL_LEAF_SPOT,to_label_26,train,0.8,0.11356026785714286,0.09250343878795558,0.16934214667659203,0.09441909441743737,0.8201219510944936,0.1693421281573028,0.8957996768964139,0.8948102678553596,538,5160,118,44360
to_label_26.jpg,ALGAL_LEAF_SPOT,to_label_26,train,0.9,0.10237962372448979,0.09819905213083983,0.17883652683965412,0.10083706443253189,0.7896341462210924,0.1788365067532106,0.9067245557332255,0.9051937181104408,518,4619,138,44901
to_label_32.jpg,ALGAL_LEAF_SPOT,to_label_32,train,0.1,0.1747249681122449,0.10544985488438728,0.1907817969643059,0.11189688604868372,0.6466710612625793,0.1907817718121959,0.8399884913359502,0.8341438137738477,981,7786,536,40873
to_label_32.jpg,ALGAL_LEAF_SPOT,to_label_32,train,0.2,0.16015625,0.10171837158226596,0.18465403537962258,0.1097560975596098,0.5814106789333282,0.18465400866141582,0.8529768388153209,0.8447664221921939,882,7154,635,41505
to_label_32.jpg,ALGAL_LEAF_SPOT,to_label_32,train,0.3,0.1504504145408163,0.09797747365752721,0.17846900507193392,0.1071665121193911,0.5332893869127693,0.17846897720403782,0.8614850284616176,0.8515624999983028,809,6740,708,41919
to_label_32.jpg,ALGAL_LEAF_SPOT,to_label_32,train,0.4,0.14289700255102042,0.09050966607970738,0.16599516518745255,0.10055788005438553,0.47528015817565716,0.1659951363588361,0.8674654226332899,0.8556082589268662,721,6449,796,42210
to_label_32.jpg,ALGAL_LEAF_SPOT,to_label_32,train,0.5,0.1357421875,0.08197999220369001,0.1515369836677289,0.09264425194402226,0.41595253787633796,0.15153695387080304,0.8729936907851107,0.8591757015288999,631,6180,886,42479
to_label_32.jpg,ALGAL_LEAF_SPOT,to_label_32,train,0.6,0.1285076530612245,0.077224776845047,0.14337727557886532,0.08855459056934624,0.3764007910101252,0.14337724474029026,0.8792206991494292,0.8640186543350127,571,5877,946,42782
to_label_32.jpg,ALGAL_LEAF_SPOT,to_label_32,train,0.7,0.11977838010204081,0.07636207636098438,0.14188919888213247,0.08885191347605904,0.35201054710929397,0.1418891666957955,0.8874617234203591,0.8712731186207125,534,5476,983,43183
to_label_32.jpg,ALGAL_LEAF_SPOT,to_label_32,train,0.8,0.10526945153061225,0.07290516016927719,0.13590233857720396,0.08746686860871891,0.30454845086983856,0.13590230390760483,0.9009432992850224,0.8829121492329343,462,4820,1055,43839
to_label_32.jpg,ALGAL_LEAF_SPOT,to_label_32,train,0.9,0.07788584183673469,0.058743169397760676,0.11096774193343839,0.07702149436855114,0.19841793011216757,0.11096770164387709,0.9258718839250172,0.9038783482124843,301,3607,1216,45052
to_label_33.jpg,ALGAL_LEAF_SPOT,to_label_33,train,0.1,0.1536591198979592,0.10983323749154877,0.1979274611378453,0.12386511024482666,0.4922680412117387,0.19792742901166194,0.859959366446513,0.845742984692192,955,6755,985,41481
to_label_33.jpg,ALGAL_LEAF_SPOT,to_label_33,train,0.2,0.14122289540816327,0.11487154150055742,0.20607134943268254,0.1312447078728303,0.4793814432742587,0.2060713156828577,0.8723774774009612,0.8571827168350263,930,6156,1010,42080
to_label_33.jpg,ALGAL_LEAF_SPOT,to_label_33,train,0.3,0.1331513073979592,0.11699922259501168,0.20948845841306704,0.13515940727233708,0.4654639175017802,0.20948842353213423,0.8802139480867397,0.8641780931105226,903,5778,1037,42458
to_label_33.jpg,ALGAL_LEAF_SPOT,to_label_33,train,0.4,0.12713249362244897,0.11799489315793583,0.2110830628655958,0.1376391283878721,0.45257731956430014,0.21108302709939453,0.8859565469755246,0.869200414539084,878,5501,1062,42735
to_label_33.jpg,ALGAL_LEAF_SPOT,to_label_33,train,0.5,0.12147241709183673,0.11861339273119012,0.21207218419151125,0.13978671041608226,0.43917525770932087,0.21207214755915196,0.8913052491896274,0.8738241390288707,852,5243,1088,42993
to_label_33.jpg,ALGAL_LEAF_SPOT,to_label_33,train,0.6,0.11599170918367346,0.11863918120053858,0.21211340205912224,0.14140893470547408,0.42422680410184394,0.2121133645563955,0.8964051745565627,0.8781489158145763,823,4997,1117,43239
to_label_33.jpg,ALGAL_LEAF_SPOT,to_label_33,train,0.7,0.10973373724489796,0.1173469387737493,0.2100456620976357,0.14202687976494685,0.40309278348437666,0.21004562356279374,0.902064847829625,0.8827726403043631,782,4724,1158,43512
to_label_33.jpg,ALGAL_LEAF_SPOT,to_label_33,train,0.8,0.1009048150510204,0.11548263778089388,0.20705411966004492,0.14319573375186262,0.3737113401869221,0.20705407960074354,0.9100671697468486,0.8893295599472072,725,4338,1215,43898
to_label_33.jpg,ALGAL_LEAF_SPOT,to_label_33,train,0.9,0.08408402423469388,0.11414616497622745,0.2049033934046939,0.14956150746267927,0.32525773194199703,0.2049033502473974,0.9256157226948221,0.9024035395390179,631,3588,1309,44648
to_label_339.jpg,ALGAL_LEAF_SPOT,to_label_339,test,0.1,0.14475047831632654,0.08522142121414494,0.15705812573953667,0.09114690898952021,0.5672664952384519,0.157058101883648,0.865310453180303,0.8583785076513505,662,6601,505,42408
to_label_339.jpg,ALGAL_LEAF_SPOT,to_label_339,test,0.2,0.12922512755102042,0.09050741162926872,0.16599137367447403,0.09793337445869936,0.544130248453802,0.16599134781951644,0.8806545736479409,0.8728276466819339,635,5849,532,43160
to_label_339.jpg,ALGAL_LEAF_SPOT,to_label_339,test,0.3,0.11965880102040816,0.09414098260460572,0.1720819969296879,0.10276482344932104,0.5287060839307021,0.1720819696763147,0.8900814136160907,0.8816764987227326,617,5387,550,43622
to_label_339.jpg,ALGAL_LEAF_SPOT,to_label_339,test,0.4,0.11178651147959184,0.09484569397164573,0.17325855961963904,0.10465323586905592,0.502999143058869,0.1732585311043111,0.8975290252792395,0.8883529974472091,587,5022,580,43987
to_label_339.jpg,ALGAL_LEAF_SPOT,to_label_339,test,0.5,0.10483099489795919,0.09395744680691137,0.17177532285402558,0.10494296577747257,0.47300771204173025,0.17177529312990786,0.903936011751099,0.8939134247431164,552,4708,615,44301
to_label_339.jpg,ALGAL_LEAF_SPOT,to_label_339,test,0.6,0.09743702168367346,0.0909745991696816,0.1667767503274971,0.10329310697272871,0.4327335046758583,0.16677671921122836,0.9105470423781131,0.8994339923451462,505,4384,662,44625
to_label_339.jpg,ALGAL_LEAF_SPOT,to_label_339,test,0.7,0.08743223852040816,0.08476562499834442,0.15628375944983286,0.09892865283567522,0.3718937446125198,0.15628372625324416,0.9193413454652832,0.9066087372430911,434,3953,733,45056
to_label_339.jpg,ALGAL_LEAF_SPOT,to_label_339,test,0.8,0.07166772959183673,0.06769782559812379,0.1268108335056307,0.08398220244482808,0.2587832047764539,0.12681079650658714,0.9327878552899819,0.9171117665798049,302,3294,865,45715
to_label_339.jpg,ALGAL_LEAF_SPOT,to_label_339,test,0.9,0.04127471301020408,0.04857512953210573,0.09264978381430977,0.07242877836444091,0.12853470435916584,0.09264973770867571,0.9608031177927303,0.9414461096920013,150,1921,1017,47088
to_label_36.jpg,ALGAL_LEAF_SPOT,to_label_36,train,0.1,0.12326610331632654,0.08098012849124488,0.14982722874706528,0.08763136620715228,0.5161904761413152,0.14982720393184698,0.8851321092682385,0.8774115114778431,542,5643,508,43483
to_label_36.jpg,ALGAL_LEAF_SPOT,to_label_36,train,0.2,0.11459661989795919,0.08626198082929294,0.15882352940942907,0.0939130434766276,0.5142857142367346,0.15882350329334338,0.8939461792108172,0.8860012755084383,540,5210,510,43916
to_label_36.jpg,ALGAL_LEAF_SPOT,to_label_36,train,0.3,0.10897640306122448,0.08905597326501159,0.16354710033501768,0.09747622530911712,0.5076190475707029,0.16354707330419074,0.8995440296362425,0.8913424744880195,533,4935,517,44191
to_label_36.jpg,ALGAL_LEAF_SPOT,to_label_36,train,0.4,0.10445232780612244,0.09086179989438423,0.1665871880437675,0.09998091966991068,0.49904761900009065,0.16658716023156625,0.903981598337125,0.8955078124982152,524,4717,526,44409
to_label_36.jpg,ALGAL_LEAF_SPOT,to_label_36,train,0.5,0.10044642857142858,0.09296482411893459,0.17011494252594228,0.10277777777573854,0.49333333328634915,0.17011491398569833,0.9079509831842447,0.8992745535696364,518,4522,532,44604
to_label_36.jpg,ALGAL_LEAF_SPOT,to_label_36,train,0.6,0.09642059948979592,0.09442379181980626,0.17255434782315635,0.10500206696765188,0.48380952376344666,0.17255431851470235,0.9118593005721779,0.9029017857124862,508,4330,542,44796
to_label_36.jpg,ALGAL_LEAF_SPOT,to_label_36,train,0.7,0.09139827806122448,0.09543245869590997,0.17423704754836344,0.10706498037271991,0.46761904757451245,0.17423701722652132,0.9166429182084505,0.9072464923451307,491,4095,559,45031
to_label_36.jpg,ALGAL_LEAF_SPOT,to_label_36,train,0.8,0.08440290178571429,0.09647302904364165,0.17596972563527022,0.10979929161488078,0.44285714281496597,0.1759696937912376,0.9232585596203166,0.9132055165798126,465,3770,585,45356
to_label_36.jpg,ALGAL_LEAF_SPOT,to_label_36,train,0.9,0.07142857142857142,0.08728296574173433,0.16055243849459316,0.1037946428542468,0.35428571425197275,0.160552403442168,0.9346171070289976,0.9224728954063248,372,3212,678,45914
to_label_361.jpg,ALGAL_LEAF_SPOT,to_label_361,test,0.1,0.09528459821428571,0.03390491036566826,0.0655861289094311,0.03639405981936009,0.3314285713654422,0.06558611107728808,0.9072123421463673,0.9011878188757549,174,4607,351,45044
to_label_361.jpg,ALGAL_LEAF_SPOT,to_label_361,test,0.2,0.08822943239795919,0.036416910840594036,0.0702746365090817,0.03930426925594524,0.3314285713654422,0.0702746175520671,0.9143421079113928,0.9082429846920674,174,4253,351,45398
to_label_361.jpg,ALGAL_LEAF_SPOT,to_label_361,test,0.3,0.0839046556122449,0.03814952861131003,0.07349524815050697,0.041330166269802134,0.3314285713654422,0.0734952284323872,0.918712614044191,0.9125677614777731,174,4036,351,45615
to_label_361.jpg,ALGAL_LEAF_SPOT,to_label_361,test,0.4,0.08053651147959184,0.03890784982846626,0.07490144546485104,0.042316258350845924,0.3257142856522449,0.07490142511125171,0.9220559505328754,0.915816326528787,171,3870,354,45781
to_label_361.jpg,ALGAL_LEAF_SPOT,to_label_361,test,0.5,0.07728794642857142,0.038443396225508415,0.07404042697992186,0.04203197524388778,0.31047619041705216,0.07404040597435634,0.9251777406277312,0.9187460140287812,163,3715,362,45936
to_label_361.jpg,ALGAL_LEAF_SPOT,to_label_361,test,0.6,0.07403938137755102,0.03794369644949954,0.07311320754544545,0.041722745624718095,0.29523809518185945,0.07311318584589242,0.9282995307225871,0.9216757015287753,155,3560,370,46091
to_label_361.jpg,ALGAL_LEAF_SPOT,to_label_361,test,0.7,0.07021285076530612,0.03635432667597659,0.07015810276506526,0.04030655691057887,0.2704761904246712,0.07015808018869411,0.9319046947676142,0.9249840561206055,142,3381,383,46270
to_label_361.jpg,ALGAL_LEAF_SPOT,to_label_361,test,0.8,0.06538982780612244,0.03255561584284982,0.0630583289526259,0.03657421517718457,0.22857142852789117,0.06305830516845308,0.9363356226441837,0.9289301658144752,120,3161,405,46490
to_label_361.jpg,ALGAL_LEAF_SPOT,to_label_361,test,0.9,0.054607780612244895,0.02672955974758712,0.052067381315403755,0.031021897809086794,0.16190476187392291,0.052067354325649705,0.9465267567602937,0.9383171237226198,85,2655,440,46996
to_label_39.jpg,ALGAL_LEAF_SPOT,to_label_39,train,0.1,0.12810905612244897,0.14027700830869497,0.24604022932420522,0.19695084007160935,0.327724566390688,0.24604018242802456,0.8885410144000851,0.845364317600356,1266,5162,2597,41151
to_label_39.jpg,ALGAL_LEAF_SPOT,to_label_39,train,0.2,0.12093431122448979,0.1421506612979626,0.2489175309611427,0.2036914963710664,0.3199585814051266,0.2489174834235563,0.8956664435452342,0.8513432716819768,1236,4832,2627,41481
to_label_39.jpg,ALGAL_LEAF_SPOT,to_label_39,train,0.3,0.11643016581632654,0.14364836200632042,0.2512107161231199,0.2086614173192629,0.3155578565799752,0.25121066819961735,0.9001792153371619,0.855169802294214,1219,4623,2644,41690
to_label_39.jpg,ALGAL_LEAF_SPOT,to_label_39,train,0.4,0.11294244260204081,0.1444697970440198,0.2524658971641924,0.21228163048857807,0.31141599792100916,0.25246584895321933,0.9036123766525519,0.8580197704064533,1203,4464,2660,41849
to_label_39.jpg,ALGAL_LEAF_SPOT,to_label_39,train,0.5,0.10955436862244898,0.14509420112374488,0.2534188034160959,0.21575404765843637,0.30701527309585774,0.2534187549371783,0.9069159847107574,0.8607302295901214,1186,4311,2677,42002
to_label_39.jpg,ALGAL_LEAF_SPOT,to_label_39,train,0.6,0.1061264349489796,0.145921676226666,0.2546800174112464,0.21971830985502877,0.3028734144368917,0.25467996867445203,0.9102843693975551,0.8635204081615443,1170,4155,2693,42158
to_label_39.jpg,ALGAL_LEAF_SPOT,to_label_39,train,0.7,0.10231983418367346,0.14713757490568485,0.2565299544264029,0.2247760031121002,0.29873155577792565,0.2565299054214119,0.9140630060654372,0.8666892538248033,1154,3980,2709,42333
to_label_39.jpg,ALGAL_LEAF_SPOT,to_label_39,train,0.8,0.09691884566326531,0.14785582741189351,0.25762090304540886,0.23113304544044555,0.29096557079236435,0.2576208536991246,0.919266728562349,0.8708944515288766,1124,3739,2739,42574
to_label_39.jpg,ALGAL_LEAF_SPOT,to_label_39,train,0.9,0.08531967474489796,0.15077010032286606,0.2620333988180006,0.2492408315755842,0.27621019931979784,0.2620333489465112,0.9306026385659952,0.880221619896205,1067,3214,2796,43099
to_label_394.jpg,ALGAL_LEAF_SPOT,to_label_394,test,0.1,0.07182716836734694,0.10066290203533851,0.1829132277451949,0.11376248612336952,0.46643913532805015,0.18291319621531588,0.9352090390877027,0.9269969706614178,410,3194,469,46103
to_label_394.jpg,ALGAL_LEAF_SPOT,to_label_394,test,0.2,0.06584821428571429,0.10021041556811651,0.18216590962987889,0.11531476997229677,0.43344709892679784,0.18216587642972693,0.9407063310121494,0.9318199936205919,381,2923,498,46374
to_label_394.jpg,ALGAL_LEAF_SPOT,to_label_394,test,0.3,0.06228077168367347,0.10121012100931766,0.183816183811593,0.11775999999623168,0.4186575653676158,0.18381614953964012,0.9440736758809987,0.9348692602022184,368,2757,511,46540
to_label_394.jpg,ALGAL_LEAF_SPOT,to_label_394,test,0.4,0.05963010204081633,0.10190720181890386,0.18496512528584436,0.11965240641311323,0.40728100109132187,0.1849650901788905,0.9465687567175557,0.9371213329062956,358,2634,521,46663
to_label_394.jpg,ALGAL_LEAF_SPOT,to_label_394,test,0.5,0.05703922193877551,0.10386544703145868,0.18818497727377212,0.12299091543944826,0.4004550625255455,0.1881849413175741,0.949084122764166,0.9394730548450664,352,2510,527,46787
to_label_394.jpg,ALGAL_LEAF_SPOT,to_label_394,test,0.6,0.054368622448979595,0.10678122123023072,0.19295813695056951,0.1275659824000159,0.39590443681502796,0.19295810008390116,0.9517212000710962,0.9419842155593471,348,2380,531,46917
to_label_394.jpg,ALGAL_LEAF_SPOT,to_label_394,test,0.7,0.05117984693877551,0.11050257731602763,0.19901363503919312,0.13356697818794522,0.390216154676881,0.19901359703800042,0.954865407629359,0.9449736926001575,343,2225,536,47072
to_label_394.jpg,ALGAL_LEAF_SPOT,to_label_394,test,0.8,0.04691485969387755,0.1171389080816469,0.20971234147201634,0.1440101954059469,0.3856655289663634,0.20971230187294654,0.9591253017405539,0.949079241069537,339,2015,540,47282
to_label_394.jpg,ALGAL_LEAF_SPOT,to_label_394,test,0.9,0.038384885204081634,0.13333333332794614,0.23529411763867045,0.1713395638540322,0.3754266211176989,0.23529407459651716,0.9676248047528904,0.9572504783144188,330,1596,549,47701
to_label_40.jpg,ALGAL_LEAF_SPOT,to_label_40,train,0.1,0.10317681760204081,0.15644310474519302,0.2705591033458809,0.20050222135985124,0.41586538459872335,0.27055905944662495,0.9131921140920445,0.8884526466819028,1038,4139,1458,43541
to_label_40.jpg,ALGAL_LEAF_SPOT,to_label_40,train,0.2,0.09095982142857142,0.1461038961015243,0.2549575070785417,0.19719544258989494,0.3605769230624769,0.2549574613649818,0.9231543624141713,0.8951690051002568,900,3664,1596,44016
to_label_40.jpg,ALGAL_LEAF_SPOT,to_label_40,train,0.3,0.08412388392857142,0.1503682137326534,0.26142623194489467,0.2080075811369816,0.3517628204987275,0.2614261852386075,0.9298867449644926,0.9011280293349387,878,3343,1618,44337
to_label_40.jpg,ALGAL_LEAF_SPOT,to_label_40,train,0.4,0.07898198341836735,0.15566290928331253,0.2693915466748817,0.21953065858643628,0.3485576922937277,0.26939149925000627,0.9351300335550857,0.9059510522941128,870,3093,1626,44587
to_label_40.jpg,ALGAL_LEAF_SPOT,to_label_40,train,0.5,0.0745376275510204,0.15997023809226246,0.27581783193913056,0.22994652405802282,0.3445512820374779,0.27581778392446615,0.9395973154342709,0.9099968112226762,860,2880,1636,44800
to_label_40.jpg,ALGAL_LEAF_SPOT,to_label_40,train,0.6,0.07017299107142858,0.16428018575533515,0.2822004321043344,0.2411246804816494,0.34014423075560324,0.2822003835506203,0.9439597315416444,0.9139229910696072,849,2672,1647,45008
to_label_40.jpg,ALGAL_LEAF_SPOT,to_label_40,train,0.7,0.06536989795918367,0.16875758801762936,0.2887811634299034,0.25426829267517476,0.3341346153712286,0.288781114346099,0.9486996644275405,0.9181281887736804,834,2446,1662,45234
to_label_40.jpg,ALGAL_LEAF_SPOT,to_label_40,train,0.8,0.05815529336734694,0.17211517644139177,0.2936830439546789,0.27244688141629725,0.3185096153718546,0.29368299425304234,0.9554739932865867,0.9237882653042814,795,2123,1701,45557
to_label_40.jpg,ALGAL_LEAF_SPOT,to_label_40,train,0.9,0.04486208545918367,0.1694998768127741,0.2898672845946942,0.3056419369033478,0.27564102562998233,0.289867234721784,0.967218959729515,0.9328164859675286,688,1563,1808,46117
to_label_576.jpg,ALGAL_LEAF_SPOT,to_label_576,test,0.1,0.16183035714285715,0.02435328498728917,0.04754860524041051,0.027709359605570083,0.16741071427325813,0.04754858087102594,0.8383232306666973,0.8203523596922426,225,7895,1119,40937
to_label_576.jpg,ALGAL_LEAF_SPOT,to_label_576,test,0.2,0.1459064094387755,0.018213866039738964,0.03577611079012376,0.021171971041918154,0.11532738094380005,0.035776084580000686,0.853251965922237,0.8334861288248695,155,7166,1189,41666
to_label_576.jpg,ALGAL_LEAF_SPOT,to_label_576,test,0.3,0.1358019770408163,0.013542054913485625,0.026722235841790606,0.01599647783950695,0.08110119047015615,0.026722208320505248,0.8626924967216933,0.8417570153044448,109,6705,1235,42127
to_label_576.jpg,ALGAL_LEAF_SPOT,to_label_576,test,0.4,0.12765066964285715,0.009378663540323321,0.018583042973047064,0.01124121779841934,0.0535714285674426,0.018583014300911648,0.8703104521607341,0.8484335140289213,72,6333,1272,42499
to_label_576.jpg,ALGAL_LEAF_SPOT,to_label_576,test,0.5,0.12033641581632654,0.00654485955813274,0.013004605797710586,0.007949652202584472,0.0357142857116284,0.013004576014201455,0.877334534729527,0.854791135202378,48,5990,1296,42842
to_label_576.jpg,ALGAL_LEAF_SPOT,to_label_576,test,0.6,0.11274314413265306,0.004591763524112617,0.009141551206839857,0.005656708502639974,0.023809523807752267,0.009141520182993435,0.8848091415447149,0.8617466517839968,32,5625,1312,43207
to_label_576.jpg,ALGAL_LEAF_SPOT,to_label_576,test,0.7,0.10361527423469388,0.0018373909048868874,0.0036680421824290383,0.0023081361799902264,0.0089285714279071,0.0036680095392744184,0.8937786697229403,0.8700773278043884,12,5187,1332,43645
to_label_576.jpg,ALGAL_LEAF_SPOT,to_label_576,test,0.8,0.08840880102040816,0.00017304031839119154,0.00034602076123968825,0.00022542831379113103,0.0007440476189922583,0.000345985073388167,0.9091784075997109,0.8848453443859916,1,4435,1343,44397
to_label_576.jpg,ALGAL_LEAF_SPOT,to_label_576,test,0.9,0.05681999362244898,0.0,0.0,0.0,0.0,0.0,0.9416161533401425,0.9163942920900103,0,2851,1344,45981
to_label_726.jpg,ALGAL_LEAF_SPOT,to_label_726,test,0.1,0.1654376594387755,0.051812294056904754,0.09852003888842475,0.05493314058480986,0.4769874476488507,0.09852002036579494,0.8406135717171056,0.8336854272942569,456,7845,500,41375
to_label_726.jpg,ALGAL_LEAF_SPOT,to_label_726,test,0.2,0.14783960459183673,0.05055827374168162,0.09625029854196022,0.05432731194318782,0.4215481171107167,0.09625027831487092,0.8574766355122766,0.8491709183656545,403,7015,553,42205
to_label_726.jpg,ALGAL_LEAF_SPOT,to_label_726,test,0.3,0.13731664540816327,0.05329574439450536,0.1011980627058221,0.05761973875097794,0.4152719664837582,0.101198041304698,0.8680820804533359,0.8594547193860422,397,6493,559,42727
to_label_726.jpg,ALGAL_LEAF_SPOT,to_label_726,test,0.4,0.12864716198979592,0.05660108354638436,0.10713803805009935,0.06150271107573195,0.4152719664837582,0.10713801557723884,0.876919951237552,0.8681242028043923,397,6058,559,43162
to_label_726.jpg,ALGAL_LEAF_SPOT,to_label_726,test,0.5,0.12121332908163265,0.05978015359042644,0.11281614094753033,0.06527458072894977,0.4152719664837582,0.11281611746930098,0.8844981714732131,0.8755580357125408,397,5685,559,43535
to_label_726.jpg,ALGAL_LEAF_SPOT,to_label_726,test,0.6,0.11397879464285714,0.0632366995848481,0.11895131085964118,0.06941773037122893,0.4152719664837582,0.11895128631611893,0.891873222265559,0.8827925701513019,397,5322,559,43898
to_label_726.jpg,ALGAL_LEAF_SPOT,to_label_726,test,0.7,0.10558832908163265,0.06778214102667267,0.1269587464002725,0.07493393733342896,0.4152719664837582,0.12695872049918258,0.9004266558291336,0.8911830357125096,397,4901,559,44319
to_label_726.jpg,ALGAL_LEAF_SPOT,to_label_726,test,0.8,0.09341119260204081,0.07526676829124873,0.13999645578344858,0.08427565606818273,0.41317991627477196,0.1399964276384691,0.9127996749270362,0.9032804528043222,395,4292,561,44928
to_label_726.jpg,ALGAL_LEAF_SPOT,to_label_726,test,0.9,0.07204639668367346,0.07730379448321226,0.14351345438320906,0.09073305670565054,0.3430962342737347,0.14351342129944894,0.933218203980225,0.9219746492328564,328,3287,628,45933
to_label_1046.jpg,ALLOCARIDARA_ATTACK,to_label_1046,test,0.1,0.1289660395408163,0.1553925907174688,0.2689866491544212,0.18992427754303934,0.46081739780799336,0.2689866078160879,0.8896630112170543,0.8668686224472519,1229,5242,1438,42267
to_label_1046.jpg,ALLOCARIDARA_ATTACK,to_label_1046,test,0.2,0.12127311862244898,0.15309617918111862,0.26553930529861125,0.1909613804405758,0.43569553804140626,0.26553926292163144,0.8963775284664035,0.8718909438758133,1162,4923,1505,42586
to_label_1046.jpg,ALLOCARIDARA_ATTACK,to_label_1046,test,0.3,0.11666932397959184,0.1503982719029243,0.26147165825300467,0.19029723265817736,0.41769778776086625,0.26147161524438406,0.9002294302113278,0.8745814732125426,1114,4740,1553,42769
to_label_1046.jpg,ALLOCARIDARA_ATTACK,to_label_1046,test,0.4,0.11278300382653061,0.1474641675834142,0.2570261830379891,0.1890793426367012,0.40119985000370456,0.2570261394917546,0.9034077753669759,0.8767139668349874,1070,4589,1597,42920
to_label_1046.jpg,ALLOCARIDARA_ATTACK,to_label_1046,test,0.5,0.10959422831632654,0.14514093394832225,0.2534900808198201,0.18821603927644634,0.38807649042414416,0.2534900368303681,0.9060388557938368,0.8785076530594736,1035,4464,1632,43045
to_label_1046.jpg,ALLOCARIDARA_ATTACK,to_label_1046,test,0.6,0.1057876275510204,0.1427138558512292,0.24978056426019085,0.18764129615320949,0.3734533183212054,0.24978051974040985,0.9092382495928998,0.8807597257635508,996,4312,1671,43197
to_label_1046.jpg,ALLOCARIDARA_ATTACK,to_label_1046,test,0.7,0.10158242984693877,0.13958608542287412,0.24497681607103328,0.18658034137362017,0.3565804274331991,0.2449767709658042,0.9127323243997711,0.8831712372431378,951,4146,1716,43363
to_label_1046.jpg,ALLOCARIDARA_ATTACK,to_label_1046,test,0.8,0.09554368622448979,0.13423532988546313,0.23669749363038872,0.18418856904079708,0.3310836145357674,0.2366974476908248,0.9176787556022697,0.8864995216819067,883,3911,1784,43598
to_label_1046.jpg,ALLOCARIDARA_ATTACK,to_label_1046,test,0.9,0.08342633928571429,0.12215490420628533,0.21771486939708573,0.17821309125231216,0.27971503561005945,0.21771482185046062,0.9275926666506817,0.8931560905594444,746,3440,1921,44069
to_label_1063.jpg,ALLOCARIDARA_ATTACK,to_label_1063,test,0.1,0.12105389030612244,0.48159999999357866,0.6501079913548405,0.5946657885973878,0.7169511710854118,0.6501079417836092,0.9454561566729907,0.9225127551002023,3612,2462,1426,42676
to_label_1063.jpg,ALLOCARIDARA_ATTACK,to_label_1063,test,0.2,0.1126235650510204,0.47801438052436374,0.6468331929961003,0.6117501327090471,0.6861849940316359,0.6468331431544964,0.9513935043622859,0.9247648278042794,3457,2194,1581,42944
to_label_1063.jpg,ALLOCARIDARA_ATTACK,to_label_1063,test,0.3,0.10752152423469388,0.47567185289284764,0.6446851337041628,0.623354958283163,0.6675267963345072,0.6446850837565321,0.9549824981147703,0.9261200573961135,3363,2032,1675,43106
to_label_1063.jpg,ALLOCARIDARA_ATTACK,to_label_1063,test,0.4,0.10327646683673469,0.4745346991707613,0.6436399217158156,0.634697028162202,0.65283842793464,0.6436398717194481,0.9580619433715316,0.9274154974471313,3289,1893,1749,43245
to_label_1063.jpg,ALLOCARIDARA_ATTACK,to_label_1063,test,0.5,0.0995296556122449,0.47291146673802803,0.6421451355597871,0.6449739687496001,0.6393410083239511,0.642145085554352,0.9607204572622607,0.9284518494879456,3221,1773,1817,43365
to_label_1063.jpg,ALLOCARIDARA_ATTACK,to_label_1063,test,0.6,0.09556361607142858,0.47090501121210315,0.6402928912779386,0.6565172054086232,0.624851131388947,0.6402928413019667,0.9635118968475265,0.9295081313756985,3148,1647,1890,43491
to_label_1063.jpg,ALLOCARIDARA_ATTACK,to_label_1063,test,0.7,0.0907405931122449,0.4685346807461563,0.638098217071858,0.6720843399808459,0.6073838824809967,0.638098167193066,0.9669236563406289,0.9308235012736551,3060,1493,1978,43645
to_label_1063.jpg,ALLOCARIDARA_ATTACK,to_label_1063,test,0.8,0.08384486607142858,0.4602748380909766,0.6303948079975078,0.6926550986286509,0.5784041286109884,0.6303947583946715,0.9713545128251775,0.9318997130083468,2914,1293,2124,43845
to_label_1063.jpg,ALLOCARIDARA_ATTACK,to_label_1063,test,0.9,0.0696548150510204,0.4317114093887297,0.6030704324316996,0.7361945636413106,0.5107185390926813,0.603070384059563,0.9795737516040153,0.9324976084165089,2573,922,2465,44216
to_label_1064.jpg,ALLOCARIDARA_ATTACK,to_label_1064,test,0.1,0.09371014030612244,0.487423521407377,0.6553930530104626,0.7624415142330404,0.5747034305775136,0.6553930039901141,0.974577814190508,0.9248644770389731,3585,1117,2653,42821
to_label_1064.jpg,ALLOCARIDARA_ATTACK,to_label_1064,test,0.2,0.0875717474489796,0.4762565953835566,0.6452219714010042,0.7806099226039916,0.5498557229793226,0.645221922898988,0.978059993625158,0.9248246173450956,3430,964,2808,42974
to_label_1064.jpg,ALLOCARIDARA_ATTACK,to_label_1064,test,0.3,0.08368542729591837,0.46999999999338027,0.6394557823067983,0.7947130268922431,0.534947098420408,0.6394557342090035,0.9803814465815913,0.9250039859675442,3337,862,2901,43076
to_label_1064.jpg,ALLOCARIDARA_ATTACK,to_label_1064,test,0.4,0.08057637117346939,0.4647385667407788,0.6345686217232315,0.8068266138806128,0.5229240140987027,0.6345685739961888,0.9822249533411119,0.9251235650491766,3262,781,2976,43157
to_label_1064.jpg,ALLOCARIDARA_ATTACK,to_label_1064,test,0.5,0.07784598214285714,0.4572618876532501,0.6275630914764633,0.8149001535889683,0.5102596986131731,0.6275630441127414,0.9835449952182995,0.9247050382634632,3183,723,3055,43215
to_label_1064.jpg,ALLOCARIDARA_ATTACK,to_label_1064,test,0.6,0.07483657525510204,0.4503628446959309,0.6210347243008002,0.8263648468488318,0.4974350753366875,0.6210346773815538,0.9851609085507188,0.9245256696410146,3103,652,3135,43286
to_label_1064.jpg,ALLOCARIDARA_ATTACK,to_label_1064,test,0.7,0.07126913265306123,0.4428109379529137,0.6138169961217259,0.8422818791710771,0.48284706635968505,0.6138169497941717,0.9871637307092103,0.9244658801001984,3012,564,3226,43374
to_label_1064.jpg,ALLOCARIDARA_ATTACK,to_label_1064,test,0.8,0.06630660076530612,0.43081525803394444,0.6021955044369869,0.8656447249514384,0.46168643795348374,0.6021954590617978,0.9898265738062956,0.9241669323961174,2880,447,3358,43491
to_label_1064.jpg,ALLOCARIDARA_ATTACK,to_label_1064,test,0.9,0.056341677295918366,0.40064894931395784,0.5720904577984325,0.9172267420970207,0.41567810194909144,0.5720904148715472,0.9946743138035534,0.9226921237226509,2593,234,3645,43704
to_label_1147.jpg,ALLOCARIDARA_ATTACK,to_label_1147,test,0.1,0.16286670918367346,0.1575170099715023,0.2721636202570886,0.20680372001704841,0.3979279491312002,0.27216357524922125,0.8588691240809535,0.8198541135187742,1690,6482,2557,39447
to_label_1147.jpg,ALLOCARIDARA_ATTACK,to_label_1147,test,0.2,0.14393335459183673,0.15266331658138024,0.26488795884327415,0.21032954859858308,0.3576642335682208,0.26488791220525826,0.8758300855649462,0.8319714604575256,1519,5703,2728,40226
to_label_1147.jpg,ALLOCARIDARA_ATTACK,to_label_1147,test,0.3,0.13083944515306123,0.15438821268252842,0.26748057713404105,0.2202589489684652,0.3404756298483524,0.2674805294297596,0.8885453634938959,0.8421556122432196,1446,5119,2801,40810
to_label_1147.jpg,ALLOCARIDARA_ATTACK,to_label_1147,test,0.4,0.11967873086734694,0.15632754342255437,0.2703862660917832,0.23080766027925384,0.3263480103525701,0.2703862175594024,0.89943173158375,0.8509247448962632,1386,4619,2861,41310
to_label_1147.jpg,ALLOCARIDARA_ATTACK,to_label_1147,test,0.5,0.10865752551020408,0.16002870469848068,0.2759047324437993,0.24541452677466224,0.3150459147559443,0.27590468321273753,0.9104269633545028,0.8600326849472656,1338,4114,2909,41815
to_label_1147.jpg,ALLOCARIDARA_ATTACK,to_label_1147,test,0.6,0.09588249362244898,0.1662160422278072,0.2850518878308119,0.26834337974915107,0.3039792794842482,0.2850518380215228,0.9233599686452495,0.870934311222754,1291,3520,2956,42409
to_label_1147.jpg,ALLOCARIDARA_ATTACK,to_label_1147,test,0.7,0.0752750318877551,0.17619466431873065,0.29960119640703387,0.3182419909897209,0.2830233105655045,0.29960114657485565,0.9439352043350738,0.8879942602023119,1202,2575,3045,43354
to_label_1147.jpg,ALLOCARIDARA_ATTACK,to_label_1147,test,0.8,0.04876833545918367,0.1365025466869864,0.24021511801254533,0.3285655905055756,0.18931010124348222,0.24021507162425965,0.964227394454562,0.8986367984675968,804,1643,3443,44286
to_label_1147.jpg,ALLOCARIDARA_ATTACK,to_label_1147,test,0.9,0.027881855867346938,0.11979373264339957,0.2139567835597953,0.4317369549369737,0.14221803625754137,0.2139567462783883,0.9826906747349546,0.9115513392838975,604,795,3643,45134
to_label_1297.jpg,ALLOCARIDARA_ATTACK,to_label_1297,test,0.1,0.13548309948979592,0.6096323031738141,0.7574802046054412,0.7950867902207254,0.7232704402418939,0.7574801547119951,0.9673793410276388,0.9310227997430425,5405,1393,2068,41310
to_label_1297.jpg,ALLOCARIDARA_ATTACK,to_label_1297,test,0.2,0.12673389668367346,0.6038961038891013,0.7530364372415194,0.818996697581082,0.6969088719296547,0.753036387560396,0.9730463901810809,0.9319196428552855,5208,1151,2265,41552
to_label_1297.jpg,ALLOCARIDARA_ATTACK,to_label_1297,test,0.3,0.12131297831632654,0.5971731448692912,0.7477876106139544,0.8329226219675879,0.6784423926043297,0.7477875611308117,0.9761843430181107,0.9318399234675306,5070,1017,2403,41686
to_label_1297.jpg,ALLOCARIDARA_ATTACK,to_label_1297,test,0.4,0.11722735969387756,0.5919656693218266,0.743691501304802,0.844270656225021,0.6645256255765486,0.7436914520088513,0.9785495164251258,0.9317801339267144,4966,916,2507,41787
to_label_1297.jpg,ALLOCARIDARA_ATTACK,to_label_1297,test,0.5,0.11328125,0.5859450337441424,0.7389222467071602,0.855207600266446,0.6504750434811927,0.7389221976259835,0.9807273493642584,0.9315409757634495,4861,823,2612,41880
to_label_1297.jpg,ALLOCARIDARA_ATTACK,to_label_1297,test,0.6,0.10917570153061225,0.57746650425606,0.7321442359606815,0.8654618473737594,0.6344172353722144,0.7321441871414809,0.982741259393994,0.9308633609675325,4741,737,2732,41966
to_label_1297.jpg,ALLOCARIDARA_ATTACK,to_label_1297,test,0.7,0.10411352040816327,0.5675308641905243,0.7241080570156406,0.8799770290796329,0.6151478656414405,0.7241080085786654,0.9853171908273767,0.9301857461716155,4597,627,2876,42076
to_label_1297.jpg,ALLOCARIDARA_ATTACK,to_label_1297,test,0.8,0.09652024872448979,0.5466532713732682,0.706885352381399,0.8988230435494772,0.5824969891531848,0.706885304655701,0.9885253963398625,0.9280532525491708,4353,490,3120,42213
to_label_1297.jpg,ALLOCARIDARA_ATTACK,to_label_1297,test,0.9,0.08157286352040816,0.4875884244310278,0.6555421061675986,0.9262154898381086,0.5072929211761369,0.655542060432024,0.9929278973350983,0.9205994897940836,3791,302,3682,42401
to_label_1317.jpg,ALLOCARIDARA_ATTACK,to_label_1317,test,0.1,0.12900589923469388,0.436430843286887,0.6076600837785299,0.7843349296959009,0.4959460779476805,0.6076600363118728,0.9650466962093066,0.8693399234676552,5077,1396,5160,38543
to_label_1317.jpg,ALLOCARIDARA_ATTACK,to_label_1317,test,0.2,0.11894132653061225,0.40375952875603116,0.5752545510609364,0.7809986595043399,0.45530917260471515,0.5752545045273485,0.9672750945167198,0.8628228635186885,4661,1307,5576,38632
to_label_1317.jpg,ALLOCARIDARA_ATTACK,to_label_1317,test,0.3,0.11300223214285714,0.38478279794215386,0.5557301816775273,0.7795414461943644,0.43176711926900685,0.555730135795539,0.9687022709607934,0.8591557716819612,4420,1250,5817,38689
to_label_1317.jpg,ALLOCARIDARA_ATTACK,to_label_1317,test,0.4,0.10809948979591837,0.3687292431360887,0.5387906263933414,0.7778392330240074,0.41213246067781445,0.5387905811123046,0.9698289892061147,0.8560467155595184,4219,1205,6018,38734
to_label_1317.jpg,ALLOCARIDARA_ATTACK,to_label_1317,test,0.5,0.10365513392857142,0.3540917463349347,0.5229952066295958,0.7761968851994578,0.3943538145902671,0.5229951619467968,0.9708555547185186,0.8532366071411567,4037,1164,6200,38775
to_label_1317.jpg,ALLOCARIDARA_ATTACK,to_label_1317,test,0.6,0.09869260204081633,0.3368245027254284,0.503917308575259,0.7728190629892403,0.3738399921815586,0.5039172646253764,0.9718320438644638,0.8498286033146328,3827,1125,6410,38814
to_label_1317.jpg,ALLOCARIDARA_ATTACK,to_label_1317,test,0.7,0.09271364795918367,0.31621287128433334,0.4804889515717611,0.768916594996369,0.34941877502833424,0.48048890860388116,0.9730839530259319,0.8458426339268856,3577,1075,6660,38864
to_label_1317.jpg,ALLOCARIDARA_ATTACK,to_label_1317,test,0.8,0.08318718112244898,0.281205547650416,0.4389702310704394,0.7577862961006759,0.3089772394225947,0.43897018991767506,0.974686396752611,0.8388671874983281,3163,1011,7074,38928
to_label_1317.jpg,ALLOCARIDARA_ATTACK,to_label_1317,test,0.9,0.06311782525510204,0.20226029240109192,0.336466726347833,0.7120303125761911,0.2202793787220838,0.33646669025573867,0.9771651768923179,0.8227439413248909,2255,912,7982,39027
to_label_1334.jpg,ALLOCARIDARA_ATTACK,to_label_1334,test,0.1,0.1300422512755102,0.23948220064437872,0.3864229764975686,0.3062068965470313,0.5235849056466566,0.3864229299251711,0.9023511647952925,0.8735451211717284,1998,4527,1818,41833
to_label_1334.jpg,ALLOCARIDARA_ATTACK,to_label_1334,test,0.2,0.11188616071428571,0.2375328083958329,0.38388123011257813,0.32240826504591363,0.47431865826849273,0.3838811819262293,0.917946505606303,0.884207589283952,1810,3804,2006,42556
to_label_1334.jpg,ALLOCARIDARA_ATTACK,to_label_1334,test,0.3,0.10076530612244898,0.24484355268352964,0.39337240756995745,0.34513449366405985,0.4572851152919999,0.3933723585422502,0.9285806729919573,0.8927375637737309,1745,3311,2071,43049
to_label_1334.jpg,ALLOCARIDARA_ATTACK,to_label_1334,test,0.4,0.09530452806122448,0.2459063903746427,0.3947429634752879,0.35487243830290943,0.44470649894012826,0.3947429141018484,0.9334555651403506,0.8962850765288259,1697,3085,2119,43275
to_label_1334.jpg,ALLOCARIDARA_ATTACK,to_label_1334,test,0.5,0.09086017219387756,0.24646524780106466,0.3954626865624422,0.36323755208679015,0.43396226413957123,0.39546263695125666,0.937381363242154,0.8990951849471877,1656,2903,2160,43457
to_label_1334.jpg,ALLOCARIDARA_ATTACK,to_label_1334,test,0.6,0.08701371173469388,0.24478928951399986,0.393302371053614,0.3685295464872073,0.4216457022950303,0.39330232127474474,0.9405306298512931,0.9010682397941225,1609,2757,2207,43603
to_label_1334.jpg,ALLOCARIDARA_ATTACK,to_label_1334,test,0.7,0.08223054846938775,0.24190774041842208,0.3895744145002572,0.3749394086191241,0.4053983228405294,0.38957436457153705,0.9443701466761338,0.9033801020390159,1547,2579,2269,43781
to_label_1334.jpg,ALLOCARIDARA_ATTACK,to_label_1334,test,0.8,0.07627152423469388,0.2371317578465987,0.3833573204189015,0.38280637574123844,0.3839098532394154,0.3833572704139959,0.949050905951361,0.9060706313757452,1465,2362,2351,43998
to_label_1334.jpg,ALLOCARIDARA_ATTACK,to_label_1334,test,0.9,0.06493144132653061,0.22070750646728718,0.3616058806847384,0.39257213012914144,0.3351677148759128,0.3616058309907394,0.9573123382205407,0.9099968112226762,1279,1979,2537,44381
to_label_1667.jpg,ALLOCARIDARA_ATTACK,to_label_1667,test,0.1,0.12665417729591838,0.5648445873465718,0.7219178082142333,0.8292682926698778,0.6391752577242065,0.7219177590471838,0.9741241563497791,0.9190848214267396,5270,1085,2975,40846
to_label_1667.jpg,ALLOCARIDARA_ATTACK,to_label_1667,test,0.2,0.11894132653061225,0.5398699891599147,0.7011890522711518,0.8349530830959291,0.6043662825881823,0.7011890035495111,0.9765090267320681,0.9153579400491961,4983,985,3262,40946
to_label_1667.jpg,ALLOCARIDARA_ATTACK,to_label_1667,test,0.3,0.11409837372448979,0.5211236933741167,0.685182533996527,0.8359825327364894,0.5804730139408069,0.6851824856185909,0.9776060671079211,0.912348533161447,4786,939,3459,40992
to_label_1667.jpg,ALLOCARIDARA_ATTACK,to_label_1667,test,0.4,0.10993303571428571,0.5059093893575628,0.6718988445558324,0.8381073241327391,0.5607034566335876,0.6718987965173767,0.978703107483774,0.9100167410696149,4623,893,3622,41038
to_label_1667.jpg,ALLOCARIDARA_ATTACK,to_label_1667,test,0.5,0.10678411989795919,0.4935221782993684,0.6608836286064773,0.8389324374610129,0.545178896294176,0.6608835808537561,0.9794185685984608,0.9080636160696188,4495,863,3750,41068
to_label_1667.jpg,ALLOCARIDARA_ATTACK,to_label_1667,test,0.6,0.10299744897959184,0.47899437644195614,0.6477298143543746,0.8405572755255311,0.5268647665187766,0.6477297669808658,0.9803486680475535,0.9058314732124804,4344,824,3901,41107
to_label_1667.jpg,ALLOCARIDARA_ATTACK,to_label_1667,test,0.7,0.09897161989795919,0.46285018269889433,0.6328059949993732,0.8417237212879234,0.5069739235839057,0.6328059480748046,0.9812549187928233,0.9033203124981997,4180,786,4065,41145
to_label_1667.jpg,ALLOCARIDARA_ATTACK,to_label_1667,test,0.8,0.09327168367346939,0.4402718965852432,0.6113733075387902,0.8442307692127301,0.47919951485167733,0.6113732613379536,0.982614294910728,0.8998923788247372,3951,729,4294,41202
to_label_1667.jpg,ALLOCARIDARA_ATTACK,to_label_1667,test,0.9,0.08229033801020408,0.3955114469336245,0.5668336835254013,0.8493581980903522,0.42534869617434384,0.5668336390530576,0.9851661062197773,0.8931760204063832,3507,622,4738,41309
to_label_765.jpg,ALLOCARIDARA_ATTACK,to_label_765,test,0.1,0.14018654336734693,0.24244101570440432,0.39026563456930297,0.49815183394230667,0.3207909914829187,0.39026558691232704,0.9100705678523677,0.7817881058657888,3504,3530,7419,35723
to_label_765.jpg,ALLOCARIDARA_ATTACK,to_label_765,test,0.2,0.12912547831632654,0.22635658914569162,0.3691529709207611,0.49575551781917343,0.2940584088593421,0.36915292417941276,0.9167706926835738,0.7812101403045655,3212,3267,7711,35986
to_label_765.jpg,ALLOCARIDARA_ATTACK,to_label_765,test,0.3,0.12274792729591837,0.2165800156668572,0.35604730125069634,0.49374898521685745,0.2784033690352613,0.35604725513760127,0.92056658089593,0.7807716836719133,3041,3118,7882,36135
to_label_765.jpg,ALLOCARIDARA_ATTACK,to_label_765,test,0.4,0.11754623724489796,0.20849198936555433,0.34504488436867575,0.4920311970075953,0.265677927306915,0.3450448388287225,0.9236746235932956,0.7804328762739549,2902,2996,8021,36257
to_label_765.jpg,ALLOCARIDARA_ATTACK,to_label_765,test,0.5,0.11264349489795919,0.20082590740997736,0.3344796380070318,0.4904458598639341,0.2537764350429939,0.3344795930615077,0.9266298117317743,0.7801538584168125,2772,2880,8151,36373
to_label_765.jpg,ALLOCARIDARA_ATTACK,to_label_765,test,0.6,0.10772082270408163,0.19348000876987442,0.32422831944926367,0.48973172987068025,0.2423326924815313,0.3242282751576956,0.9297378544291398,0.7800940688759963,2647,2758,8276,36495
to_label_765.jpg,ALLOCARIDARA_ATTACK,to_label_765,test,0.7,0.10186144770408163,0.18489506355169305,0.3120868155150799,0.4895323811291424,0.22905795111023475,0.3120867720827173,0.9335337426414961,0.7801737882637513,2502,2609,8421,36644
to_label_765.jpg,ALLOCARIDARA_ATTACK,to_label_765,test,0.8,0.09339126275510204,0.17413870919080682,0.2966237427106373,0.4940247545775923,0.21193811223828674,0.2966237006918385,0.9395969734773403,0.7811902104576267,2315,2371,8608,36882
to_label_765.jpg,ALLOCARIDARA_ATTACK,to_label_765,test,0.9,0.07676977040816327,0.15052172558674254,0.2616582064280091,0.5018172377855188,0.17696603497045713,0.26165816787812146,0.9511120169134815,0.7825852997433382,1933,1919,8990,37334
to_label_855.jpg,ALLOCARIDARA_ATTACK,to_label_855,train,0.1,0.10947464923469388,0.4125332995000313,0.5841041760163079,0.5920262151721823,0.5763913505746829,0.5841041260200196,0.9496788970203671,0.9077048788247215,3252,2241,2390,42293
to_label_855.jpg,ALLOCARIDARA_ATTACK,to_label_855,train,0.2,0.10333625637755102,0.38932375208020886,0.5604507250340772,0.5851494696126297,0.5377525700011033,0.5604506751179865,0.9516998248507843,0.9051538584165634,3034,2151,2608,42383
to_label_855.jpg,ALLOCARIDARA_ATTACK,to_label_855,train,0.3,0.09974888392857142,0.3754036946082495,0.545881468953265,0.5806193806077798,0.5150655795725795,0.5458814191271182,0.952867472041692,0.9036391900492194,2906,2099,2736,42435
to_label_855.jpg,ALLOCARIDARA_ATTACK,to_label_855,train,0.4,0.09671954719387756,0.3633411275608815,0.5330157217671937,0.5763445291453463,0.4957461892857897,0.5330156720447111,0.953833026449558,0.9023238201512629,2797,2056,2845,42478
to_label_855.jpg,ALLOCARIDARA_ATTACK,to_label_855,train,0.5,0.09388950892857142,0.35227272726812603,0.521008403356312,0.5724899172028765,0.4780219780135055,0.5210083537556153,0.9547761261037526,0.9011678890288162,2697,2014,2945,42520
to_label_855.jpg,ALLOCARIDARA_ATTACK,to_label_855,train,0.6,0.09123883928571429,0.34155946442187507,0.5091976516584227,0.568370467440621,0.46118397730483546,0.5091976021953855,0.9556294067432621,0.9000318877533082,2602,1976,3040,42558
to_label_855.jpg,ALLOCARIDARA_ATTACK,to_label_855,train,0.7,0.08793048469387756,0.3270855332586182,0.4929381340710867,0.5616500453181856,0.439205955327203,0.4929380848145348,0.9565725063974568,0.8983976403043319,2478,1934,3164,42600
to_label_855.jpg,ALLOCARIDARA_ATTACK,to_label_855,train,0.8,0.08324697066326531,0.3069346466084529,0.46970159893604535,0.5520708642434267,0.40872031193887415,0.46970155004430686,0.9579871558787488,0.8962252869880097,2306,1871,3336,42663
to_label_855.jpg,ALLOCARIDARA_ATTACK,to_label_855,train,0.9,0.07427853954081633,0.268137520299565,0.4228839790754308,0.5315266970611343,0.35111662530395044,0.4228839311598392,0.9607940000876616,0.8922393176002625,1981,1746,3661,42788
to_label_864.jpg,ALLOCARIDARA_ATTACK,to_label_864,train,0.1,0.11507493622448979,0.2911808669612679,0.4510303310899394,0.3373744371261279,0.6801675977416143,0.4510302867592482,0.9191325667887235,0.9054926658145219,1948,3826,916,43486
to_label_864.jpg,ALLOCARIDARA_ATTACK,to_label_864,train,0.2,0.10837850765306123,0.29698484611315445,0.4579619368771625,0.34957705037974296,0.6637569832170477,0.4579618916780698,0.9252409536673037,0.910315688773696,1901,3537,963,43775
to_label_864.jpg,ALLOCARIDARA_ATTACK,to_label_864,train,0.3,0.10411352040816327,0.3009490107720613,0.46266073194284546,0.3581546707435269,0.6532821228822179,0.46266068619420875,0.9291300304342891,0.9133848852022612,1871,3353,993,43959
to_label_864.jpg,ALLOCARIDARA_ATTACK,to_label_864,train,0.4,0.10060586734693877,0.3034596375567799,0.4656218402367844,0.3648969888992691,0.643156424558549,0.46562179404070864,0.932237064590522,0.9157366071410321,1842,3206,1022,44106
to_label_864.jpg,ALLOCARIDARA_ATTACK,to_label_864,train,0.5,0.09743702168367346,0.3067588066693619,0.4694956790859087,0.3722642667135966,0.6354748603130072,0.46949563249084797,0.9351327358789839,0.9180285395389867,1820,3069,1044,44243
to_label_864.jpg,ALLOCARIDARA_ATTACK,to_label_864,train,0.6,0.09434789540816327,0.3086462280346427,0.4717030797516228,0.37853823404354586,0.6256983240004994,0.47170303277410786,0.9378170442996748,0.9200015943859216,1792,2942,1072,44370
to_label_864.jpg,ALLOCARIDARA_ATTACK,to_label_864,train,0.7,0.09060108418367346,0.31080842030230305,0.4742240215860429,0.38649362075700633,0.6134776536098646,0.47422397415588347,0.9410508961765703,0.9223533163246923,1757,2789,1107,44523
to_label_864.jpg,ALLOCARIDARA_ATTACK,to_label_864,train,0.8,0.08516023596938775,0.318492518006309,0.48311615524053364,0.40346360869638515,0.6019553072415519,0.4831161071825393,0.9461236050030729,0.9264787946410107,1724,2549,1140,44763
to_label_864.jpg,ALLOCARIDARA_ATTACK,to_label_864,train,0.9,0.07463727678571429,0.3359611885923598,0.5029505220078234,0.44379172228454494,0.5803072625495703,0.5029504728887035,0.9559731146411989,0.93453045280426,1662,2083,1202,45229
to_label_868.jpg,ALLOCARIDARA_ATTACK,to_label_868,train,0.1,0.15334024234693877,0.7176693983538109,0.8356315820047965,0.9333246685607834,0.7564521226086963,0.83563153254775,0.9873903104466549,0.9436981823960784,7181,513,2312,40170
to_label_868.jpg,ALLOCARIDARA_ATTACK,to_label_868,train,0.2,0.14387356505102042,0.6961331574069204,0.8208472953517182,0.9501315971609623,0.7225323922814438,0.8208472462725601,0.991151095049551,0.9403300382634321,6859,360,2634,40323
to_label_868.jpg,ALLOCARIDARA_ATTACK,to_label_868,train,0.3,0.13799426020408162,0.6793166939374047,0.8090394103623741,0.9591276718521212,0.6995681028052294,0.8090393615818131,0.9930437774967602,0.9375199298450703,6641,283,2852,40400
to_label_868.jpg,ALLOCARIDARA_ATTACK,to_label_868,train,0.4,0.13329081632653061,0.666254762633444,0.7997033557827099,0.9674043062056309,0.6815548298674649,0.799703307280307,0.994641496445703,0.9354073660695643,6470,218,3023,40465
to_label_868.jpg,ALLOCARIDARA_ATTACK,to_label_868,train,0.5,0.12904575892857142,0.6523178807879519,0.7895791583116885,0.9735907335756975,0.6640682608167695,0.7895791100928534,0.9957967701472462,0.9330357142838548,6304,171,3189,40512
to_label_868.jpg,ALLOCARIDARA_ATTACK,to_label_868,train,0.6,0.12426259566326531,0.6366285119600766,0.7779755849391023,0.9812349638976546,0.6444748762177975,0.7779755370796422,0.9971241058894449,0.9304049744879416,6118,117,3375,40566
to_label_868.jpg,ALLOCARIDARA_ATTACK,to_label_868,train,0.7,0.11866230867346939,0.6169789594827072,0.7631255259871617,0.989922740997818,0.6208785420771001,0.7631254786067018,0.9985251825062101,0.9270766900491727,5894,60,3599,40623
to_label_868.jpg,ALLOCARIDARA_ATTACK,to_label_868,train,0.8,0.11075015943877552,0.5823782988057787,0.7360797342143782,0.9967608421630959,0.5834825660951913,0.7360796876293412,0.9995575547501424,0.9208386479573485,5539,18,3954,40665
to_label_868.jpg,ALLOCARIDARA_ATTACK,to_label_868,train,0.9,0.09426817602040816,0.4982618771674048,0.6651198762520908,0.9999999999788584,0.4982618771674048,0.6651198318546523,0.999999999997542,0.9050741390288084,4730,0,4763,40683
to_label_869.jpg,ALLOCARIDARA_ATTACK,to_label_869,train,0.1,0.12061543367346939,0.719369665125156,0.8367830138177897,0.9051553205402321,0.7780144865675612,0.8367829640966902,0.9866929407650709,0.9574099170899286,5478,574,1563,42561
to_label_869.jpg,ALLOCARIDARA_ATTACK,to_label_869,train,0.2,0.11294244260204081,0.710823909521933,0.8309726156686262,0.9317098994012404,0.7498934810289747,0.8309725662465964,0.9910281673791792,0.9571906887736025,5280,387,1761,42748
to_label_869.jpg,ALLOCARIDARA_ATTACK,to_label_869,train,0.3,0.10817920918367346,0.7024849808751709,0.8252466115901416,0.9478629329228471,0.7307200681617566,0.8252465624202372,0.9934392025014641,0.9565728635185017,5145,283,1896,42852
to_label_869.jpg,ALLOCARIDARA_ATTACK,to_label_869,train,0.4,0.10483099489795919,0.6943526170703257,0.8196081619313909,0.958365018993187,0.7159494389899738,0.8196081129728653,0.9949229164228702,0.9557756696409523,5041,219,2000,42916
to_label_869.jpg,ALLOCARIDARA_ATTACK,to_label_869,train,0.5,0.10134327168367346,0.6836989724981436,0.812139205007322,0.9683382497351359,0.6993324811717181,0.8121391563016133,0.9962675321641445,0.9545998086715669,4924,161,2117,42974
to_label_869.jpg,ALLOCARIDARA_ATTACK,to_label_869,train,0.6,0.09793526785714286,0.671326716053805,0.8033458803780564,0.977207977188091,0.6820053969509728,0.803345831954066,0.997403500635221,0.9531449298450392,4802,112,2239,43023
to_label_869.jpg,ALLOCARIDARA_ATTACK,to_label_869,train,0.7,0.09355070153061225,0.6514213340747056,0.7889220281142827,0.9861525351302481,0.6574350234248341,0.7889219801075628,0.9984931030462536,0.9506337691307585,4629,65,2412,43070
to_label_869.jpg,ALLOCARIDARA_ATTACK,to_label_869,train,0.8,0.08733258928571429,0.6147865422587675,0.7614462050182838,0.9924691921270546,0.6176679448854188,0.7614461577208537,0.9992349600069567,0.9456911670899519,4349,33,2692,43102
to_label_869.jpg,ALLOCARIDARA_ATTACK,to_label_869,train,0.9,0.07573341836734694,0.5383851284158027,0.6999354303044005,0.9984210526053048,0.5388439142090776,0.6999353847667312,0.9998609018175498,0.9351682079062995,3794,6,3247,43129
to_label_874.jpg,ALLOCARIDARA_ATTACK,to_label_874,train,0.1,0.18407206632653061,0.3160723748935114,0.4803267372268734,0.45203551320428714,0.5123956799151645,0.4803266874199677,0.8795802798113649,0.8199537627534679,4175,5061,3973,36967
to_label_874.jpg,ALLOCARIDARA_ATTACK,to_label_874,train,0.2,0.17229352678571427,0.3014802759024918,0.4632882748736778,0.4499710815448239,0.47741777122634493,0.4632882249147195,0.8868611401901426,0.8203722895391813,3890,4755,4258,37273
to_label_874.jpg,ALLOCARIDARA_ATTACK,to_label_874,train,0.3,0.16505899234693877,0.29237788090700556,0.4524650030404597,0.448804636555798,0.4561855670047105,0.45246495304103723,0.891381935850168,0.8207110969371398,3717,4565,4431,37463
to_label_874.jpg,ALLOCARIDARA_ATTACK,to_label_874,train,0.4,0.15929926658163265,0.2839869540984489,0.4423517749802221,0.4466408107037828,0.4381443298915299,0.442351724982098,0.8947606357645028,0.8206114477024462,3570,4423,4578,37605
to_label_874.jpg,ALLOCARIDARA_ATTACK,to_label_874,train,0.5,0.1538982780612245,0.27623642943083043,0.43289224952468247,0.4448329448271843,0.4215758468284048,0.4328921995579881,0.8979965737106262,0.8206313775493849,3435,4287,4713,37741
to_label_874.jpg,ALLOCARIDARA_ATTACK,to_label_874,train,0.6,0.1483577806122449,0.2678484306369503,0.4225243714698401,0.4425040300854043,0.40427098674025197,0.42252432156906844,0.9012563053181183,0.8205516581616299,3294,4150,4854,37878
to_label_874.jpg,ALLOCARIDARA_ATTACK,to_label_874,train,0.7,0.14118303571428573,0.25531564199558826,0.4067752100813631,0.4373235460130248,0.3802160039226778,0.40677516032267036,0.9051584657825612,0.8199139030595904,3098,3986,5050,38042
to_label_874.jpg,ALLOCARIDARA_ATTACK,to_label_874,train,0.8,0.13068000637755103,0.23842007747820093,0.38503910234352234,0.43175232575214656,0.3474472263089415,0.3850390529262127,0.9113448177383855,0.8197743941310193,2831,3726,5317,38302
to_label_874.jpg,ALLOCARIDARA_ATTACK,to_label_874,train,0.9,0.11059072066326531,0.2034970564958835,0.3381762429704448,0.41737249954194683,0.2842415316607236,0.33817619476822786,0.923075092793083,0.8193359374983671,2316,3233,5832,38795
to_label_876.jpg,ALLOCARIDARA_ATTACK,to_label_876,train,0.1,0.14500956632653061,0.23936245908467793,0.386267080029933,0.46234194611788976,0.33169000196872717,0.3862670313814321,0.9022830593972566,0.7869499362229214,3364,3912,6778,36122
to_label_876.jpg,ALLOCARIDARA_ATTACK,to_label_876,train,0.2,0.1286670918367347,0.21348150314217368,0.3518496204340773,0.45229244113301903,0.28791165450317574,0.35184957289782803,0.9116750761829653,0.7855947066310873,2920,3536,7222,36498
to_label_876.jpg,ALLOCARIDARA_ATTACK,to_label_876,train,0.3,0.12025669642857142,0.2001780679611205,0.33358061325214156,0.44713291348281187,0.2660224807704001,0.33358056647478057,0.9166708297923848,0.7851562499984351,2698,3336,7444,36698
to_label_876.jpg,ALLOCARIDARA_ATTACK,to_label_876,train,0.4,0.11459661989795919,0.1939894815913299,0.3249433677301476,0.4490434782530601,0.2545848944956164,0.32494332154700306,0.9208672628242972,0.7861926020392495,2582,3168,7560,36866
to_label_876.jpg,ALLOCARIDARA_ATTACK,to_label_876,train,0.5,0.10943478954081633,0.18764719288773343,0.3159982089150131,0.4498269896111851,0.24354170774754935,0.3159981633386581,0.9245391417272205,0.7868901466821052,2470,3021,7672,37013
to_label_876.jpg,ALLOCARIDARA_ATTACK,to_label_876,train,0.6,0.1038345025510204,0.18055982774392063,0.30588848358320814,0.45067178502014066,0.23151252218269064,0.30588843874165605,0.928510765846709,0.7876275510188384,2348,2862,7794,37172
to_label_876.jpg,ALLOCARIDARA_ATTACK,to_label_876,train,0.7,0.09725765306122448,0.17295229171411763,0.2949008121402283,0.4538934426136497,0.21839873791936107,0.2949007682732945,0.9334315831519873,0.7889030612229175,2215,2665,7927,37369
to_label_876.jpg,ALLOCARIDARA_ATTACK,to_label_876,train,0.8,0.08687420280612244,0.15868957251171642,0.2739121439881807,0.45560908464199107,0.1958193650148312,0.27391210193837356,0.9407253834217397,0.7901586415800579,1986,2373,8156,37661
to_label_876.jpg,ALLOCARIDARA_ATTACK,to_label_876,train,0.9,0.06435347576530612,0.12333025287638973,0.2195796873815004,0.4546299163687015,0.14474462630502125,0.2195796507450606,0.9560123894665634,0.792032047192299,1468,1761,8674,38273
to_label_877.jpg,ALLOCARIDARA_ATTACK,to_label_877,train,0.1,0.1610730229591837,0.4945105515712674,0.6617692341500824,0.9307102202309984,0.5134120537812202,0.6617691883221604,0.9842364531991998,0.8467594068860675,7522,560,7129,34965
to_label_877.jpg,ALLOCARIDARA_ATTACK,to_label_877,train,0.2,0.14985251913265307,0.4663668231995081,0.6360847992754348,0.9377576805301535,0.48126407753408457,0.6360847544469842,0.9868261787445831,0.8392059948962867,7051,468,7600,35057
to_label_877.jpg,ALLOCARIDARA_ATTACK,to_label_877,train,0.3,0.1426578443877551,0.4471798274688309,0.6180017423970929,0.941464096103081,0.45996860282260615,0.6180016982964086,0.9882054890894069,0.8339644451513991,6739,419,7912,35106
to_label_877.jpg,ALLOCARIDARA_ATTACK,to_label_877,train,0.4,0.13685825892857142,0.43157474552304187,0.6029370759336233,0.9446628804289404,0.44276841170948894,0.602937032473748,0.9893033075271237,0.8297193877534484,6487,380,8164,35145
to_label_877.jpg,ALLOCARIDARA_ATTACK,to_label_877,train,0.5,0.13151705994897958,0.4171390463460011,0.5887058823501707,0.9478708895143526,0.42693331512915883,0.5887058395263327,0.9903166783927084,0.8258131377534562,6255,344,8396,35181
to_label_877.jpg,ALLOCARIDARA_ATTACK,to_label_877,train,0.6,0.12619579081632654,0.40213832275040334,0.5736072058305599,0.9504106127455716,0.41075694491563197,0.5736071636870067,0.991161154114029,0.8216876594371378,6018,314,8633,35211
to_label_877.jpg,ALLOCARIDARA_ATTACK,to_label_877,train,0.7,0.11951929209183673,0.38363599812113086,0.5545331266923937,0.9546439886450785,0.39075831001030126,0.5545330854728107,0.992343420123878,0.8166852678555152,5725,272,8926,35253
to_label_877.jpg,ALLOCARIDARA_ATTACK,to_label_877,train,0.8,0.11007254464285714,0.3572389666283824,0.526420144738146,0.9614340032416905,0.3624325984549694,0.5264201049717036,0.9940042223758085,0.8095902423453253,5310,213,9341,35312
to_label_877.jpg,ALLOCARIDARA_ATTACK,to_label_877,train,0.9,0.09060108418367346,0.30210947568132596,0.46403083814937734,0.9797624284870268,0.3040065524516824,0.46403080200098606,0.9974102744518017,0.7949418048453545,4454,92,10197,35433
to_label_879.jpg,ALLOCARIDARA_ATTACK,to_label_879,train,0.1,0.1405652104591837,0.33958378495187963,0.5069989481308601,0.4442081383745327,0.5904636260725507,0.506998899125817,0.9126365054581844,0.8785674426002898,3133,3920,2173,40950
to_label_879.jpg,ALLOCARIDARA_ATTACK,to_label_879,train,0.2,0.1317761479591837,0.32216552029817874,0.48733008893700847,0.43920145189898363,0.5473049377959422,0.48733003953333676,0.917361265877162,0.8782286352023313,2904,3708,2402,41162
to_label_879.jpg,ALLOCARIDARA_ATTACK,to_label_879,train,0.3,0.12635522959183673,0.31030603059956896,0.47363901768440975,0.435015772863801,0.5197889181960085,0.47363896807449435,0.9201693782016488,0.8778300382635567,2758,3582,2548,41288
to_label_879.jpg,ALLOCARIDARA_ATTACK,to_label_879,train,0.4,0.1220703125,0.3001592356653758,0.46172688303331527,0.43085714285010845,0.4973614775631858,0.46172683328594805,0.9223088923536387,0.8773716517839657,2639,3486,2667,41384
to_label_879.jpg,ALLOCARIDARA_ATTACK,to_label_879,train,0.5,0.11794483418367346,0.29055996320236216,0.4502851033459525,0.4270023656568604,0.4762532981440586,0.4502850534906006,0.9244261198998787,0.8770328443860071,2527,3391,2779,41479
to_label_879.jpg,ALLOCARIDARA_ATTACK,to_label_879,train,0.6,0.11381935586734694,0.28104651162463895,0.43877643641246455,0.4232183505441566,0.4555220505002729,0.43877638647605743,0.9265879206576184,0.8767737563758036,2417,3294,2889,41576
to_label_879.jpg,ALLOCARIDARA_ATTACK,to_label_879,train,0.7,0.10893654336734694,0.2696841112650909,0.42480505012602293,0.4185876326304686,0.4312099509907424,0.4248050001331164,0.9291731669246063,0.8765146683656,2288,3178,3018,41692
to_label_879.jpg,ALLOCARIDARA_ATTACK,to_label_879,train,0.8,0.10190130739795919,0.24958023506536842,0.3994625203915974,0.40700176021108936,0.3921975122428911,0.39946247040492644,0.9324270113640909,0.8752989477023372,2081,3032,3225,41838
to_label_879.jpg,ALLOCARIDARA_ATTACK,to_label_879,train,0.9,0.08771125637755102,0.21125530321673003,0.34882043885496217,0.3846852987869874,0.31907274782662887,0.3488203892859832,0.9396478716270568,0.8740234374982581,1693,2708,3613,42162
to_label_884.jpg,ALLOCARIDARA_ATTACK,to_label_884,test,0.1,0.20627391581632654,0.4722912823765154,0.6415731561137293,0.5689855072408794,0.7353896103804272,0.6415731069239922,0.8942088787685112,0.8688616071411255,5889,4461,2119,37707
to_label_884.jpg,ALLOCARIDARA_ATTACK,to_label_884,test,0.2,0.19110730229591838,0.46312463623128686,0.6330624538237594,0.5808739180250195,0.6955544455457598,0.6330624042237707,0.9046907607643125,0.87131297831459,5570,4019,2438,38149
to_label_884.jpg,ALLOCARIDARA_ATTACK,to_label_884,test,0.3,0.1810626594387755,0.4552187978847674,0.6256362253517485,0.5885525591569779,0.6677072926989547,0.6256361755465941,0.9113545816711455,0.8724689094370367,5347,3738,2661,38430
to_label_884.jpg,ALLOCARIDARA_ATTACK,to_label_884,test,0.4,0.1730110012755102,0.4485721725505722,0.6193300976654124,0.5953231194494261,0.6453546453465865,0.6193300477430145,0.9166903813296416,0.8733856823962185,5168,3513,2840,38655
to_label_884.jpg,ALLOCARIDARA_ATTACK,to_label_884,test,0.5,0.16549744897959184,0.44213597382687525,0.6131682197117878,0.6022398843858111,0.624500499492701,0.6131681697244971,0.9216704610109048,0.8742426658145842,5001,3303,3007,38865
to_label_884.jpg,ALLOCARIDARA_ATTACK,to_label_884,test,0.6,0.15768494897959184,0.43384670809300324,0.605150753765043,0.6088220424594436,0.601523476515965,0.605150703763064,0.9266031113618701,0.8747209821411138,4817,3095,3191,39073
to_label_884.jpg,ALLOCARIDARA_ATTACK,to_label_884,test,0.7,0.14775988520408162,0.4204660587600583,0.5920114122643495,0.6157270029590541,0.5700549450478265,0.5920113623346908,0.9324369189884926,0.8746014030594814,4565,2849,3443,39319
to_label_884.jpg,ALLOCARIDARA_ATTACK,to_label_884,test,0.8,0.13237404336734693,0.39977068602713767,0.5711945392452478,0.6299307437423979,0.522477522470998,0.5711944896760597,0.9417093530617014,0.8748007015288688,4184,2458,3824,39710
to_label_884.jpg,ALLOCARIDARA_ATTACK,to_label_884,test,0.9,0.09693877551020408,0.33250517597999474,0.4990677439364584,0.6603618420916867,0.4010989010938924,0.4990676969155154,0.9608233731716922,0.8714923469370386,3212,1652,4796,40516
to_label_885.jpg,ALLOCARIDARA_ATTACK,to_label_885,train,0.1,0.1705596301020408,0.1748194735595758,0.297610786157454,0.17539144659762337,0.981687377306626,0.2976107604336318,0.8549345283350362,0.8587970344370639,1501,7057,28,41590
to_label_885.jpg,ALLOCARIDARA_ATTACK,to_label_885,train,0.2,0.15164620535714285,0.1852140077796989,0.3125410374227124,0.18767249309780953,0.9339437540265569,0.31254100955405656,0.8729418052482724,0.8748007015288688,1428,6181,101,42466
to_label_885.jpg,ALLOCARIDARA_ATTACK,to_label_885,train,0.3,0.13968829719387754,0.191792294804693,0.321855235414361,0.19603367099163885,0.8986265532440401,0.3218552060082984,0.8841655189407689,0.8846061862227268,1374,5635,155,43012
to_label_885.jpg,ALLOCARIDARA_ATTACK,to_label_885,train,0.4,0.1306999362244898,0.19949569860279598,0.33263262025061663,0.2050930161603371,0.8796599083793551,0.33263258958213904,0.892840257362442,0.8924386160696499,1345,5213,184,43434
to_label_885.jpg,ALLOCARIDARA_ATTACK,to_label_885,train,0.5,0.12256855867346939,0.20853005980156547,0.34509701783637065,0.21544715446804152,0.8665794636450896,0.34509698593830024,0.9008160832098571,0.8997727997431048,1325,4825,204,43822
to_label_885.jpg,ALLOCARIDARA_ATTACK,to_label_885,train,0.6,0.11375956632653061,0.2189658076432716,0.359264888761099,0.22775052557414593,0.8502289077272577,0.3592648554285178,0.9093880403706099,0.9075852997430891,1300,4408,229,44239
to_label_885.jpg,ALLOCARIDARA_ATTACK,to_label_885,train,0.7,0.10220025510204081,0.2339202965665631,0.37914976715668997,0.24609984398896062,0.8253760627321532,0.37914973176524946,0.9205295290543701,0.917629942600212,1262,3866,267,44781
to_label_885.jpg,ALLOCARIDARA_ATTACK,to_label_885,train,0.8,0.08380500637755102,0.26049681248053425,0.4133240320820836,0.28180737216927926,0.7750163505052311,0.4133239929648531,0.9379201184020846,0.9329559948960998,1185,3020,344,45627
to_label_885.jpg,ALLOCARIDARA_ATTACK,to_label_885,train,0.9,0.047971141581632654,0.35958549221555836,0.5289634146207073,0.4324885749716457,0.6808371484185195,0.5289633670952637,0.971920159514519,0.9630500637735908,1041,1366,488,47281
to_label_892.jpg,ALLOCARIDARA_ATTACK,to_label_892,train,0.1,0.11493542729591837,0.3421492628006969,0.5098527746261624,0.3903242587066009,0.7349004243965099,0.5098527293091952,0.925370916730148,0.9137436224471585,2251,3516,812,43597
to_label_892.jpg,ALLOCARIDARA_ATTACK,to_label_892,train,0.2,0.10764110331632654,0.3456279809166037,0.513705103963685,0.40251805220510056,0.7097616715406543,0.5137050577727355,0.9315051047461815,0.9179687499981705,2174,3227,889,43886
to_label_892.jpg,ALLOCARIDARA_ATTACK,to_label_892,train,0.3,0.10325653698979592,0.34420348931445943,0.5121300339578829,0.40745029916218006,0.6891936010222268,0.5121299872519183,0.9348375183050648,0.9198421556104116,2111,3070,952,44043
to_label_892.jpg,ALLOCARIDARA_ATTACK,to_label_892,train,0.4,0.09966916454081633,0.34243382719589754,0.5101686507873243,0.41131773644448477,0.6715638262921462,0.5101686036688646,0.9375119393777991,0.9212771045900007,2057,2944,1006,44169
to_label_892.jpg,ALLOCARIDARA_ATTACK,to_label_892,train,0.5,0.09632095025510204,0.3410326086898602,0.5086119554140247,0.41547692943481324,0.655566438111147,0.5086119079200656,0.9400377815020482,0.9226721938757121,2008,2825,1055,44288
to_label_892.jpg,ALLOCARIDARA_ATTACK,to_label_892,train,0.6,0.09307238520408163,0.3388157894678183,0.5061425061359609,0.41905781583685103,0.6389160953105153,0.5061424582886842,0.942415044677812,0.923887914538975,1957,2713,1106,44400
to_label_892.jpg,ALLOCARIDARA_ATTACK,to_label_892,train,0.7,0.08898676658163265,0.33593611356990355,0.5029224229476232,0.4239641657239874,0.6180215474822716,0.5029223746751776,0.9454078492115862,0.9254225127532577,1893,2572,1170,44541
to_label_892.jpg,ALLOCARIDARA_ATTACK,to_label_892,train,0.8,0.08350605867346939,0.328388278382264,0.4944161036744186,0.42792362767475123,0.5853738165006408,0.4944160548748157,0.9491223229237171,0.9269172512736629,1793,2397,1270,44716
to_label_892.jpg,ALLOCARIDARA_ATTACK,to_label_892,train,0.9,0.07204639668367346,0.31586206895929336,0.48008385743515897,0.4434301521315787,0.5233431276355422,0.48008380776960463,0.9572941650904054,0.9308035714267163,1603,2012,1460,45101
to_label_2757.jpg,LEAF_BLIGHT,to_label_2757,train,0.1,0.30606265943877553,0.08067982027687257,0.14931308749006197,0.08067982027687257,0.9999999999192897,0.1493130736725747,0.7115066309730643,0.7186304209169351,1239,14118,0,34819
to_label_2757.jpg,LEAF_BLIGHT,to_label_2757,train,0.2,0.27792171556122447,0.0888490498380147,0.16319810326552162,0.0888490498380147,0.9999999999192897,0.16319808827631885,0.7403600547627759,0.7467713647944301,1239,12706,0,36231
to_label_2757.jpg,LEAF_BLIGHT,to_label_2757,train,0.3,0.26094148596938777,0.09463071870392857,0.17289980463178273,0.09463071870392857,0.9999999999192897,0.1728997888353144,0.757770194329939,0.763751594386233,1239,11854,0,37083
to_label_2757.jpg,LEAF_BLIGHT,to_label_2757,train,0.4,0.24768813775510204,0.09969423881477554,0.18131265090962673,0.09969423881477554,0.9999999999192897,0.18131263442075035,0.7713590943442152,0.7770049426004922,1239,11189,0,37748
to_label_2757.jpg,LEAF_BLIGHT,to_label_2757,train,0.5,0.2356903698979592,0.10476915271347227,0.18966704936709017,0.10476915271347227,0.9999999999192897,0.18966703219761455,0.7836606248834549,0.7890027104576112,1239,10587,0,38350
to_label_2757.jpg,LEAF_BLIGHT,to_label_2757,train,0.6,0.2234733737244898,0.11049674484874256,0.19900417603437998,0.11049674484874256,0.9999999999192897,0.1990041581124989,0.7961869342199231,0.8012197066310562,1239,9974,0,38963
to_label_2757.jpg,LEAF_BLIGHT,to_label_2757,train,0.7,0.2080875318877551,0.11866679436721897,0.21215753424475892,0.11866679436721897,0.9999999999192897,0.21215751527773172,0.8119623188981507,0.8166055484677602,1239,9202,0,39735
to_label_2757.jpg,LEAF_BLIGHT,to_label_2757,train,0.8,0.1867625956632653,0.13209560392518035,0.23336475023342726,0.13210970013731607,0.9991928974173371,0.23336472960326052,0.8338067311015513,0.8378906249983301,1238,8133,1,40804
to_label_2757.jpg,LEAF_BLIGHT,to_label_2757,train,0.9,0.15254304846938777,0.15568551006945178,0.26942539075374533,0.1565194669433431,0.9669087973392325,0.2694253667682884,0.8680752804608618,0.8705157844370406,1198,6456,41,42481
to_label_2773.jpg,LEAF_BLIGHT,to_label_2773,train,0.1,0.21364795918367346,0.14644778334124978,0.25548094814128725,0.14729477611802896,0.9622181596001086,0.25548092511281695,0.8116616874403798,0.8165856186208216,1579,9141,62,39394
to_label_2773.jpg,LEAF_BLIGHT,to_label_2773,train,0.2,0.18959263392857142,0.16345050589169238,0.2809754348190696,0.16472195942221463,0.9549055453409564,0.280975409721114,0.8362830946722236,0.840162627549346,1567,7946,74,40589
to_label_2773.jpg,LEAF_BLIGHT,to_label_2773,train,0.3,0.17637914540816327,0.17559390407692071,0.2987322466847895,0.17706214689065464,0.9549055453409564,0.2987322202914166,0.8499433398560834,0.8533761160697277,1567,7283,74,41252
to_label_2773.jpg,LEAF_BLIGHT,to_label_2773,train,0.4,0.16563695790816327,0.1867398044337379,0.3147106109293136,0.18842497894130156,0.9542961608193603,0.31471058338569785,0.8610281240324281,0.8640784438758289,1566,6745,75,41790
to_label_2773.jpg,LEAF_BLIGHT,to_label_2773,train,0.5,0.15595105229591838,0.19641051566991394,0.3283329811923903,0.19859424919874002,0.9469835465602081,0.3283329525280177,0.8707942721729252,0.8732860331615249,1554,6271,87,42264
to_label_2773.jpg,LEAF_BLIGHT,to_label_2773,train,0.6,0.14612563775510204,0.20556227327414267,0.3410230692038223,0.2086743044161392,0.9323583180419037,0.3410230393127922,0.8804574018731215,0.8821548150492623,1530,5802,111,42733
to_label_2773.jpg,LEAF_BLIGHT,to_label_2773,train,0.7,0.13382892219387754,0.21789826555578054,0.3578267113408589,0.22263588979564206,0.9110298597860432,0.35782667977289223,0.8924487483241116,0.8930564413247507,1495,5220,146,43315
to_label_2773.jpg,LEAF_BLIGHT,to_label_2773,train,0.8,0.11668925382653061,0.2406487917868148,0.38794023478671374,0.24833475661403356,0.8860450944006066,0.38794020058309947,0.9093231688453501,0.9085618622430872,1454,4401,187,44134
to_label_2773.jpg,LEAF_BLIGHT,to_label_2773,train,0.9,0.08812978316326531,0.2982869378951116,0.45950849413723394,0.31501582993407923,0.8488726385832497,0.45950845464920065,0.9375914288638352,0.9346898915797698,1393,3029,248,45506
to_label_2776.jpg,LEAF_BLIGHT,to_label_2776,train,0.1,0.2256656568877551,0.14392277314485366,0.2516302263118402,0.14483794047385995,0.9579439251776901,0.25163020349214216,0.8002022119494878,0.8055843431106394,1640,9683,72,38781
to_label_2776.jpg,LEAF_BLIGHT,to_label_2776,train,0.2,0.20300542091836735,0.15908426692489933,0.27449991594995377,0.16031808364264363,0.9538551401312,0.2744998913105538,0.8235184879481192,0.8279655612228397,1633,8553,79,39911
to_label_2776.jpg,LEAF_BLIGHT,to_label_2776,train,0.3,0.19120695153061223,0.16833729461436045,0.28816557579791113,0.16979362101136342,0.9515186915332057,0.28816555009640704,0.8356512050164335,0.8396045918350613,1629,7965,83,40499
to_label_2776.jpg,LEAF_BLIGHT,to_label_2776,train,0.4,0.18166055484693877,0.17646419645575936,0.29999076382839207,0.17816785518180836,0.9485981307857126,0.2999907372015715,0.8454316606123196,0.8489516900493285,1624,7491,88,40973
to_label_2776.jpg,LEAF_BLIGHT,to_label_2776,train,0.5,0.17340959821428573,0.18396816372729996,0.3107653894140904,0.18595563728093373,0.9450934578887211,0.31076536193525517,0.853850280618905,0.8569634885187002,1618,7083,94,41381
to_label_2776.jpg,LEAF_BLIGHT,to_label_2776,train,0.6,0.16481983418367346,0.1925925925902916,0.3229813664563917,0.19492140265786068,0.9415887849917296,0.32298133803446333,0.8626196764590982,0.8653140943860306,1612,6658,100,41806
to_label_2776.jpg,LEAF_BLIGHT,to_label_2776,train,0.7,0.15302136479591838,0.20585591369968081,0.34142705004961205,0.2087783276867833,0.9363317756462423,0.3414270202298894,0.8746492241645868,0.8767538265288649,1603,6075,109,42389
to_label_2776.jpg,LEAF_BLIGHT,to_label_2776,train,0.8,0.13789461096938777,0.22634271099422645,0.3691345151156397,0.23023558317343207,0.9304906541512563,0.36913448330933485,0.890103994715892,0.8914819834165906,1593,5326,119,43138
to_label_2776.jpg,LEAF_BLIGHT,to_label_2776,train,0.9,0.11082987882653061,0.27529370506268114,0.43173380997618954,0.2823233231382427,0.9170560747127887,0.43173377397382273,0.9176502145903812,0.917629942600212,1570,3991,142,44473
to_label_2777.jpg,LEAF_BLIGHT,to_label_2777,train,0.1,0.321468431122449,0.18426940508184114,0.31119507823324516,0.19913205207564083,0.7117216928714443,0.31119504406653326,0.7171013731013794,0.7166175063761228,3212,12918,1301,32745
to_label_2777.jpg,LEAF_BLIGHT,to_label_2777,train,0.2,0.2866908482142857,0.1895260275685181,0.3186580590521819,0.20931525894884034,0.6671836915429386,0.3186580226947166,0.7509143069865079,0.743383290814845,3011,11374,1502,34289
to_label_2777.jpg,LEAF_BLIGHT,to_label_2777,train,0.3,0.26624282525510207,0.19122842098119555,0.3210608773482483,0.2147615839492869,0.6357190338879743,0.3210608395959338,0.7702735256098586,0.758171237243387,2869,10490,1644,35173
to_label_2777.jpg,LEAF_BLIGHT,to_label_2777,train,0.4,0.2499202806122449,0.19343550983138472,0.324165835921397,0.22041467304449427,0.6124529137909938,0.3241657969978473,0.7859098175748727,0.7703085140290771,2764,9776,1749,35887
to_label_2777.jpg,LEAF_BLIGHT,to_label_2777,train,0.5,0.23515226403061223,0.19309537741227986,0.32368808239134567,0.2237477752332931,0.5849767338669405,0.3236880423648489,0.7994218513877769,0.7801339285698737,2640,9159,1873,36504
to_label_2777.jpg,LEAF_BLIGHT,to_label_2777,train,0.6,0.21994579081632654,0.19423963133491368,0.3252942311381742,0.22915911561952554,0.5603811211929896,0.3252941899356246,0.813700370100927,0.7909159757637299,2529,8507,1984,37156
to_label_2777.jpg,LEAF_BLIGHT,to_label_2777,train,0.7,0.20172991071428573,0.19792092985022572,0.33044072428882515,0.2388855957297087,0.5357855085190387,0.33044068163095774,0.8312857236694232,0.8047074298453349,2418,7704,2095,37959
to_label_2777.jpg,LEAF_BLIGHT,to_label_2777,train,0.8,0.17689732142857142,0.20264079762685133,0.3369930539970349,0.254168544386501,0.49988920894084005,0.336993009303908,0.8550248560084641,0.8230827487228494,2256,6620,2257,39043
to_label_2777.jpg,LEAF_BLIGHT,to_label_2777,train,0.9,0.13083944515306123,0.207016779252484,0.34302220617130325,0.289413556735881,0.4210059827072678,0.3430221578837583,0.8978385125793359,0.8549505739778879,1900,4665,2613,40998
to_label_2778.jpg,LEAF_BLIGHT,to_label_2778,train,0.1,0.39415258290816324,0.15912222003464316,0.2745564139558767,0.16352328462272578,0.8553292779461695,0.274556387007104,0.6434314042447603,0.6593989158150123,3234,16543,547,29852
to_label_2778.jpg,LEAF_BLIGHT,to_label_2778,train,0.2,0.35078523596938777,0.17174484874960683,0.29314376578293355,0.17805806488166548,0.8288812483250759,0.2931437366692086,0.6881776053439203,0.6987802933659543,3134,14467,647,31928
to_label_2778.jpg,LEAF_BLIGHT,to_label_2778,train,0.3,0.32246492346938777,0.18014662409731497,0.3052953258839472,0.18831891223616612,0.8058714625547244,0.30529529517448667,0.7169307037380819,0.7236328124985578,3047,13133,734,33262
to_label_2778.jpg,LEAF_BLIGHT,to_label_2778,train,0.4,0.29958545918367346,0.18738954809273295,0.31563280709979463,0.1975119744531831,0.7852419994502713,0.31563277498094583,0.7399935337843733,0.7434032206617837,2969,12063,812,34332
to_label_2778.jpg,LEAF_BLIGHT,to_label_2778,train,0.5,0.2787986288265306,0.19526468016280846,0.3267304445676605,0.20752019443700392,0.7677862999003495,0.3267304110655414,0.7610518374808469,0.761559311222972,2903,11086,878,35309
to_label_2778.jpg,LEAF_BLIGHT,to_label_2778,train,0.6,0.25685586734693877,0.20292992711118618,0.3373927650108741,0.21818746120252802,0.7437185929451543,0.3373927299334154,0.7828214247208043,0.7798748405596702,2812,10076,969,36319
to_label_2778.jpg,LEAF_BLIGHT,to_label_2778,train,0.7,0.22921316964285715,0.21517175572347985,0.3541421279914007,0.23528388835548833,0.715683681546795,0.35414209074889746,0.8104321586360375,0.8032924107126848,2706,8795,1075,37600
to_label_2778.jpg,LEAF_BLIGHT,to_label_2778,train,0.8,0.18793845663265307,0.2336352600594487,0.37877526303550996,0.26532343584024043,0.6617297011197638,0.37877522217465887,0.8506735639598002,0.8364357461718024,2502,6928,1279,39467
to_label_2778.jpg,LEAF_BLIGHT,to_label_2778,train,0.9,0.09185666454081633,0.20963091118498225,0.3466030989231632,0.31546973312398635,0.3845543506907021,0.34660304940601433,0.931996982431443,0.8907445790798574,1454,3155,2327,43240
to_label_2779.jpg,LEAF_BLIGHT,to_label_2779,train,0.1,0.1952527104591837,0.13613178359280764,0.23964083314757015,0.16617331836106794,0.4295514511760013,0.23964079291904317,0.8238908291277025,0.7941047512739275,1628,8169,2162,38217
to_label_2779.jpg,LEAF_BLIGHT,to_label_2779,train,0.2,0.1778140943877551,0.13733559989140792,0.24150409062113354,0.17204662631504095,0.40501319260145086,0.2415040487684514,0.8407493640304385,0.8078364158147165,1535,7387,2255,38999
to_label_2779.jpg,LEAF_BLIGHT,to_label_2779,train,0.3,0.1671516262755102,0.13814375175120905,0.24275273055561505,0.17622511028763294,0.38997361476543607,0.24275268767950742,0.851054197385308,0.8162268813759243,1478,6909,2312,39477
to_label_2779.jpg,LEAF_BLIGHT,to_label_2779,train,0.4,0.15838249362244897,0.1373062015490571,0.24145863508356938,0.1783062790967874,0.3738786279584729,0.2414585913536616,0.8592247660913654,0.8225645727024422,1417,6530,2373,39856
to_label_2779.jpg,LEAF_BLIGHT,to_label_2779,train,0.5,0.1503109056122449,0.13695194140526784,0.24091069537380064,0.18098647573347937,0.3601583113361436,0.24091065085296984,0.8668348208492501,0.8285634566310017,1365,6177,2425,40209
to_label_2779.jpg,LEAF_BLIGHT,to_label_2779,train,0.6,0.1412029655612245,0.13352095059272961,0.2355862068943854,0.18080451658178118,0.33799472294622707,0.23558616148232964,0.8748760401826523,0.8343231823962963,1281,5804,2509,40582
to_label_2779.jpg,LEAF_BLIGHT,to_label_2779,train,0.7,0.1310188137755102,0.13416502516815315,0.2365881898857913,0.1864922421632721,0.32348284959568646,0.23658814349141072,0.8847065925044524,0.8423150510187294,1226,5348,2564,41038
to_label_2779.jpg,LEAF_BLIGHT,to_label_2779,train,0.8,0.11680883290816327,0.1417248314191207,0.2482644285540538,0.20440197918095201,0.31609498679904763,0.24826438085391603,0.8994739792159283,0.8554089604574788,1198,4663,2592,41723
to_label_2779.jpg,LEAF_BLIGHT,to_label_2779,train,0.9,0.09183673469387756,0.15246329078972878,0.2645868063793214,0.2411024305503233,0.2931398416809198,0.26458675685055844,0.9246108739686013,0.8769132653043747,1111,3497,2679,42889
to_label_2780.jpg,LEAF_BLIGHT,to_label_2780,train,0.1,0.2571348852040816,0.16715136407584025,0.286426198384632,0.18710277476215234,0.6105209913856722,0.28642616247299946,0.7730950629553609,0.7602838010188929,2414,10488,1540,35734
to_label_2780.jpg,LEAF_BLIGHT,to_label_2780,train,0.2,0.23600924744897958,0.17189702500057943,0.2933654089624375,0.19565951697183195,0.5859888720135056,0.29336537142895164,0.7939292977352906,0.7775430484678381,2317,9525,1637,36697
to_label_2780.jpg,LEAF_BLIGHT,to_label_2780,train,0.3,0.22315449617346939,0.17759987563984453,0.30163025542669375,0.20407251942302337,0.577895801705162,0.3016302168515013,0.8071913807260456,0.7891222895392436,2285,8912,1669,37310
to_label_2780.jpg,LEAF_BLIGHT,to_label_2780,train,0.4,0.2131297831632653,0.18081418782603131,0.3062534134331905,0.2097437815577918,0.567273646925461,0.3062533740171352,0.8171649863683589,0.797472895406574,2243,8451,1711,37771
to_label_2780.jpg,LEAF_BLIGHT,to_label_2780,train,0.5,0.20380261479591838,0.18542049824289064,0.3128349788412353,0.2168981028729034,0.5609509357470676,0.312834938621079,0.8267491670615146,0.8058035714269655,2218,8008,1736,38214
to_label_2780.jpg,LEAF_BLIGHT,to_label_2780,train,0.6,0.19459502551020408,0.18832293832130695,0.3169558244618971,0.2226546497314353,0.549822964073095,0.31695578342852265,0.8357924797697291,0.8132573341820526,2174,7590,1780,38632
to_label_2780.jpg,LEAF_BLIGHT,to_label_2780,train,0.7,0.18409199617346939,0.1926763110289993,0.3230990827054575,0.230702609069712,0.5389479008462583,0.3230990407230398,0.8462636839581882,0.8220463966820352,2131,7106,1823,39116
to_label_2780.jpg,LEAF_BLIGHT,to_label_2780,train,0.8,0.16890545280612246,0.19959463372068723,0.3327701343605055,0.2440117994071503,0.5230146686767068,0.3327700909733943,0.8613863528171404,0.8347217793350711,2068,6407,1886,39815
to_label_2780.jpg,LEAF_BLIGHT,to_label_2780,train,0.9,0.14174107142857142,0.21085457927332468,0.348273992406034,0.2709505061829169,0.48735457763056766,0.34827394647494114,0.8878239799210595,0.8562659438758445,1927,5185,2027,41037
to_label_2781.jpg,LEAF_BLIGHT,to_label_2781,train,0.1,0.1734893176020408,0.09307802580285604,0.17030444964711658,0.10442274554733574,0.4614213197735319,0.17030441954810926,0.8382773928539221,0.8234813456616241,909,7796,1061,40410
to_label_2781.jpg,LEAF_BLIGHT,to_label_2781,train,0.2,0.15816326530612246,0.0842819614701808,0.1554613365621294,0.09702620967619675,0.39086294414259576,0.15546130469649758,0.8513463054373909,0.8332669005085434,770,7166,1200,41040
to_label_2781.jpg,LEAF_BLIGHT,to_label_2781,train,0.3,0.1493343431122449,0.08173296753450236,0.15111486843336028,0.09542239423334549,0.36294416241812466,0.1511148354636436,0.8593950960443526,0.8399035395391424,715,6778,1255,41428
to_label_2781.jpg,LEAF_BLIGHT,to_label_2781,train,0.4,0.1417610012755102,0.07822886989460791,0.14510624242931733,0.09264726556878045,0.3345177664804813,0.14510620845813013,0.8661162510872793,0.8452447385187236,659,6454,1311,41752
to_label_2781.jpg,LEAF_BLIGHT,to_label_2781,train,0.5,0.1351642219387755,0.07531637793248168,0.1400822669088199,0.0903863167193986,0.31116751267456,0.14008223202217482,0.8720283782083723,0.8500079719370814,613,6169,1357,42037
to_label_2781.jpg,LEAF_BLIGHT,to_label_2781,train,0.6,0.12771045918367346,0.0736896065606345,0.1372642635457476,0.08973158551670207,0.2918781725740163,0.13726422757431953,0.8789984649195557,0.8559470663248248,575,5833,1395,42373
to_label_2781.jpg,LEAF_BLIGHT,to_label_2781,train,0.7,0.11926020408163265,0.07530079761963904,0.14005531807719318,0.09308155080058353,0.2827411167369167,0.14005528080911156,0.8874206530289022,0.8636798469370542,557,5427,1413,42779
to_label_2781.jpg,LEAF_BLIGHT,to_label_2781,train,0.8,0.10628587372448979,0.0811250925228553,0.15007531151376044,0.10275642227446548,0.2781725888183669,0.15007527211452967,0.9007384972806274,0.876295440049274,548,4785,1422,43421
to_label_2781.jpg,LEAF_BLIGHT,to_label_2781,train,0.9,0.08238998724489796,0.0980392156845109,0.17857142856850308,0.13183357522661265,0.27664974617885024,0.17857138484986748,0.92554868688353,0.9000717474471858,545,3589,1425,44617
to_label_2784.jpg,LEAF_BLIGHT,to_label_2784,train,0.1,0.15232382015306123,0.14482530585093326,0.2530085684003754,0.1719220201469067,0.4788629737434817,0.25300852952050207,0.8665668746819308,0.845364317600356,1314,6329,1430,41103
to_label_2784.jpg,LEAF_BLIGHT,to_label_2784,train,0.2,0.13388871173469388,0.15927468757462296,0.27478334389901937,0.19350997320343094,0.4737609329273411,0.27478330271594403,0.885773317589632,0.8632413903044021,1300,5418,1444,42014
to_label_2784.jpg,LEAF_BLIGHT,to_label_2784,train,0.3,0.1240234375,0.16833876221279037,0.2881677261036225,0.20761690502639216,0.4708454810324036,0.2881676836267671,0.8960406476621352,0.8727877869880565,1292,4931,1452,42501
to_label_2784.jpg,LEAF_BLIGHT,to_label_2784,train,0.4,0.11648995535714286,0.17609201697691235,0.29945278844685697,0.22001710863609894,0.4686588921112005,0.2994527449609863,0.9038834542062238,0.8800821109676338,1286,4559,1458,42873
to_label_2784.jpg,LEAF_BLIGHT,to_label_2784,train,0.5,0.11017219387755102,0.1827280526139158,0.30899419728833416,0.23118668595819128,0.465743440216263,0.3089941529481379,0.9103980435130072,0.8860809948961932,1278,4250,1466,43182
to_label_2784.jpg,LEAF_BLIGHT,to_label_2784,train,0.6,0.10411352040816327,0.18978647155159345,0.31902610441366686,0.24330015313469947,0.4631924198081927,0.3190260592533413,0.9166596390603039,0.8918606505084266,1271,3953,1473,43479
to_label_2784.jpg,LEAF_BLIGHT,to_label_2784,train,0.7,0.09650031887755102,0.19917799557067375,0.33219087792865554,0.26022304832176324,0.4591836734526537,0.33219083174861247,0.924481362791102,0.8990353954063715,1260,3582,1484,43850
to_label_2784.jpg,LEAF_BLIGHT,to_label_2784,train,0.8,0.08639588647959184,0.21340418237549874,0.35174459668947955,0.28719723182728496,0.4537172011496459,0.3517445492101286,0.9348541069300581,0.9085419323961484,1245,3090,1499,44342
to_label_2784.jpg,LEAF_BLIGHT,to_label_2784,train,0.9,0.07009327168367346,0.23882073604592757,0.3855614119088714,0.34319021892683566,0.4398688046486928,0.38556136266487157,0.9512987012966957,0.9233298788246904,1207,2310,1537,45122
to_label_2804.jpg,LEAF_BLIGHT,to_label_2804,test,0.1,0.2009327168367347,0.14366466649148912,0.25123564747736876,0.1638563777012115,0.538286086655644,0.2512356116941712,0.821045704458316,0.8037507971922757,1652,8430,1417,38677
to_label_2804.jpg,LEAF_BLIGHT,to_label_2804,test,0.2,0.18096301020408162,0.15101847465513007,0.26240842867509745,0.17555066079101814,0.5193874225963054,0.2624083909129706,0.8410851890359371,0.8214086415799956,1594,7486,1475,39621
to_label_2804.jpg,LEAF_BLIGHT,to_label_2804,test,0.3,0.16862643494897958,0.15612152812437458,0.270078057239635,0.18402080132154566,0.5073313782825895,0.2700780181721062,0.853440040756462,0.8322704081616066,1557,6904,1512,40203
to_label_2804.jpg,LEAF_BLIGHT,to_label_2804,test,0.4,0.1580436862244898,0.16121199324154126,0.2776616055979847,0.19255989911484792,0.4975562072174143,0.27766156536142395,0.8640754028045426,0.8416573660697512,1527,6403,1542,40704
to_label_2804.jpg,LEAF_BLIGHT,to_label_2804,test,0.5,0.1486766581632653,0.16484124349856352,0.2830278279011964,0.19973190348257733,0.4855001629036983,0.2830277865945764,0.8732672426584727,0.8495495854574905,1490,5970,1579,41137
to_label_2804.jpg,LEAF_BLIGHT,to_label_2804,test,0.6,0.13909040178571427,0.16485045211958205,0.2830414012710684,0.2037541194984417,0.4633431084893013,0.2830413588394501,0.8820345171611819,0.8564253826513544,1422,5557,1647,41550
to_label_2804.jpg,LEAF_BLIGHT,to_label_2804,test,0.7,0.12647480867346939,0.16407022749549863,0.2818906001032194,0.209108099586998,0.43238840011624674,0.28189055615757624,0.893455325109021,0.8652543048452144,1327,5019,1742,42088
to_label_2804.jpg,LEAF_BLIGHT,to_label_2804,test,0.8,0.10760124362244898,0.16318681318457162,0.2805857345266818,0.2200407482826442,0.3870967741809353,0.2805856883088489,0.9106077652983408,0.8785873724472286,1188,4211,1881,42896
to_label_2804.jpg,LEAF_BLIGHT,to_label_2804,test,0.9,0.0751155931122449,0.15448252574447946,0.2676221117246619,0.2427699655016511,0.29814271748784155,0.26762206224472906,0.939414524378671,0.9001913265288182,915,2854,2154,44253
to_label_2810.jpg,LEAF_BLIGHT,to_label_2810,train,0.1,0.3335658482142857,0.2747591306280822,0.4310761523907761,0.2930632729862397,0.8147840531426116,0.4310761134777338,0.7320409457361807,0.7419682716821947,4905,11832,1115,32324
to_label_2810.jpg,LEAF_BLIGHT,to_label_2810,train,0.2,0.2995057397959184,0.29813741211114997,0.45933105282944064,0.3216662230481656,0.8029900332092527,0.4593310119853557,0.7691366971628564,0.7731983418351938,4834,10194,1186,33962
to_label_2810.jpg,LEAF_BLIGHT,to_label_2810,train,0.3,0.27744339923469385,0.314242404268673,0.4782107216264068,0.3425041304479383,0.7920265780599332,0.4782106794734811,0.7927122021904323,0.7926299426004612,4768,9153,1252,35003
to_label_2810.jpg,LEAF_BLIGHT,to_label_2810,train,0.4,0.25743383290816324,0.32984550561566117,0.4960659027274855,0.3636293256920056,0.7802325581265742,0.4960658593572298,0.8138418334975681,0.8098094706616513,4697,8220,1323,35936
to_label_2810.jpg,LEAF_BLIGHT,to_label_2810,train,0.5,0.2390186543367347,0.34445439617596313,0.5124077055431498,0.3848078045494471,0.7666112956683288,0.512407661038033,0.8329105897254441,0.8249561543350905,4615,7378,1405,36778
to_label_2810.jpg,LEAF_BLIGHT,to_label_2810,train,0.6,0.21926817602040816,0.3578493937431569,0.5270825989864465,0.40774404653328716,0.7451827242401132,0.5270825532664348,0.8524322855311793,0.8395647321411839,4486,6516,1534,37640
to_label_2810.jpg,LEAF_BLIGHT,to_label_2810,train,0.7,0.1984813456632653,0.36794794965869404,0.537956067335015,0.4315694346778635,0.7139534883602333,0.5379560203700372,0.871795452484664,0.8528579400493207,4298,5661,1722,38495
to_label_2810.jpg,LEAF_BLIGHT,to_label_2810,train,0.8,0.17201450892857142,0.3731021555728856,0.5434441335025361,0.4612443517499566,0.661295681052138,0.5434440850868264,0.8946915481454509,0.8666892538248033,3981,4650,2039,39506
to_label_2810.jpg,LEAF_BLIGHT,to_label_2810,train,0.9,0.13657924107142858,0.3773806976206143,0.5479686164798573,0.5146651101632181,0.5858803986613641,0.5479685666849683,0.9246761481997358,0.8840282206615034,3527,3326,2493,40830
to_label_2827.jpg,LEAF_BLIGHT,to_label_2827,test,0.1,0.3948501275510204,0.14655400052747752,0.2556425610308013,0.1680799515436701,0.533653846145294,0.2556425245996915,0.6248634377261816,0.6135204081620426,3330,16482,2910,27454
to_label_2827.jpg,LEAF_BLIGHT,to_label_2827,test,0.2,0.35000797193877553,0.14702905883982925,0.2563650113425075,0.17372736590266638,0.4889423076844721,0.25636497265473884,0.6697241442082353,0.6472417091823836,3051,14511,3189,29425
to_label_2827.jpg,LEAF_BLIGHT,to_label_2827,test,0.3,0.32142857142857145,0.14884437596225555,0.25912017167266127,0.17968749999888586,0.4644230769156343,0.2591201314423651,0.6988801893647604,0.6697225765292775,2898,13230,3342,30706
to_label_2827.jpg,LEAF_BLIGHT,to_label_2827,test,0.4,0.29823022959183676,0.15039062499918407,0.26146010186633906,0.18524458700758323,0.4442307692236502,0.26146006032891916,0.7225054624892514,0.6878985969374045,2772,12192,3468,31744
to_label_2827.jpg,LEAF_BLIGHT,to_label_2827,test,0.5,0.2764867665816326,0.1528056399372224,0.2651021727227907,0.19217184458882597,0.4272435897367429,0.26510212992271187,0.7449244355409119,0.7054169323965533,2666,11207,3574,32729
to_label_2827.jpg,LEAF_BLIGHT,to_label_2827,test,0.6,0.25312898596938777,0.15430556401880488,0.26735652816499994,0.19935438154319066,0.4057692307627281,0.26735648398146133,0.768549708665403,0.7234335140291704,2532,10169,3708,33767
to_label_2827.jpg,LEAF_BLIGHT,to_label_2827,test,0.7,0.21998565051020408,0.15850878369211138,0.2736427827278988,0.21416923355486348,0.3788461538400826,0.27364273658202565,0.8025764748707152,0.7498804209168728,2364,8674,3876,35262
to_label_2827.jpg,LEAF_BLIGHT,to_label_2827,test,0.8,0.16782924107142858,0.1696984202954388,0.2901575608738138,0.25258282863967957,0.34086538460992205,0.2901575119783499,0.856746176254423,0.7925900829065836,2127,6294,4113,37642
to_label_2827.jpg,LEAF_BLIGHT,to_label_2827,test,0.9,0.08428332270408163,0.17735042734843284,0.3012704174199898,0.3729013951200544,0.2527243589703089,0.30127036926206613,0.9396394755987353,0.8542131696411547,1577,2652,4663,41284
to_label_2899.jpg,LEAF_BLIGHT,to_label_2899,test,0.1,0.266780931122449,0.06860233418681609,0.12839637719680078,0.07201553862190337,0.5914110429085023,0.1283963578424315,0.7441189799350222,0.739158163263833,964,12422,666,36124
to_label_2899.jpg,LEAF_BLIGHT,to_label_2899,test,0.2,0.23118622448979592,0.07273169545063868,0.1356009070284535,0.07732758620622993,0.5503067484324965,0.1356008854223509,0.7795286944325391,0.7720822704066245,897,10703,733,37843
to_label_2899.jpg,LEAF_BLIGHT,to_label_2899,test,0.3,0.20894451530612246,0.0747937183916707,0.13917781079627556,0.08040824112857298,0.5171779140787007,0.13917778750513135,0.8014048531273402,0.7921715561208702,843,9641,787,38905
to_label_2899.jpg,LEAF_BLIGHT,to_label_2899,test,0.4,0.19224330357142858,0.07657055566090729,0.14224902447550328,0.08314327182165515,0.49202453984711503,0.14224899974250318,0.8178222716581843,0.8072385204065544,802,8844,828,39702
to_label_2899.jpg,LEAF_BLIGHT,to_label_2899,test,0.5,0.17725605867346939,0.07486467163645322,0.13930064614082763,0.08241511131006954,0.44969325150615375,0.13930061996050933,0.8318914019675526,0.8194754464269383,733,8161,897,40385
to_label_2899.jpg,LEAF_BLIGHT,to_label_2899,test,0.6,0.1631656568877551,0.07078970331510918,0.13221961902686952,0.07927201661073321,0.398159509178027,0.13221959133158454,0.8447245911077231,0.8302176339269168,649,7538,981,41008
to_label_2899.jpg,LEAF_BLIGHT,to_label_2899,test,0.7,0.14772002551020408,0.0704392091858596,0.131608051314625,0.08027522935671512,0.36503067482423124,0.13160802175864963,0.8595764841575834,0.8435108418350535,595,6817,1035,41729
to_label_2899.jpg,LEAF_BLIGHT,to_label_2899,test,0.8,0.12356505102040816,0.07510641219174645,0.1397190293724174,0.0882258064501899,0.33558282206530166,0.13971899640315968,0.8835537428400206,0.8657525510186828,547,5653,1083,42893
to_label_2899.jpg,LEAF_BLIGHT,to_label_2899,test,0.9,0.07906170280612244,0.09573218480626992,0.17473646596078726,0.12326695235383749,0.2999999999815951,0.17473642467487116,0.928356610223441,0.9079440369879864,489,3478,1141,45068
to_label_2904.jpg,LEAF_BLIGHT,to_label_2904,test,0.1,0.18506855867346939,0.08173076922989603,0.15111111110961864,0.08238208055048048,0.9117997615123005,0.15111109590858327,0.8272898635895427,0.8287029655595729,765,8521,74,40816
to_label_2904.jpg,LEAF_BLIGHT,to_label_2904,test,0.2,0.16950334821428573,0.0868907758510307,0.15988869862842583,0.08783068782965513,0.8903456494767169,0.15988868228112588,0.8427549303750882,0.8435507015289311,747,7758,92,41579
to_label_2904.jpg,LEAF_BLIGHT,to_label_2904,test,0.3,0.15935905612244897,0.08966452885927893,0.16457272212603766,0.09092046022897798,0.8665077472149574,0.16457270493513626,0.8526663558772267,0.8528977997431981,727,7269,112,42068
to_label_2904.jpg,LEAF_BLIGHT,to_label_2904,test,0.4,0.1517657844387755,0.09224806201431204,0.16891412348984014,0.09376231122660851,0.8510131107448138,0.16891410560908474,0.8601252609585907,0.8599728954064494,714,6901,125,42436
to_label_2904.jpg,LEAF_BLIGHT,to_label_2904,test,0.5,0.1444515306122449,0.09505754908469793,0.1736119698259724,0.0968543046344253,0.836710369387758,0.1736119512271546,0.8673206721104499,0.8668088329064357,702,6546,137,42791
to_label_2904.jpg,LEAF_BLIGHT,to_label_2904,test,0.6,0.1370575573979592,0.09867577957997045,0.17962674960886954,0.10077068489020255,0.8259833133699662,0.17962673022418868,0.8746579646089655,0.8738440688758095,693,6184,146,43153
to_label_2904.jpg,LEAF_BLIGHT,to_label_2904,test,0.7,0.12751116071428573,0.1033694160679468,0.1873704573692501,0.10597061581578665,0.8081048866736467,0.18737043686830654,0.8840626710159027,0.8827925701513019,678,5720,161,43617
to_label_2904.jpg,LEAF_BLIGHT,to_label_2904,test,0.8,0.11338089923469388,0.11323328785618633,0.20343137254590332,0.11671647037938625,0.791418355090415,0.20343135014177957,0.8981494618625004,0.8963647959165809,664,5025,175,44312
to_label_2904.jpg,LEAF_BLIGHT,to_label_2904,test,0.9,0.08844866071428571,0.12228838791743325,0.21792685237411547,0.1295628661530067,0.6853396900255853,0.21792682562730048,0.9217017654074595,0.9177495216818444,575,3863,264,45474
to_label_2980.jpg,LEAF_BLIGHT,to_label_2980,test,0.1,0.2875478316326531,0.28197654714104264,0.4399090572598746,0.2883282506217887,0.9275362318633772,0.4399090210767878,0.7752730296978064,0.7888831313759788,4160,10268,325,35423
to_label_2980.jpg,LEAF_BLIGHT,to_label_2980,test,0.2,0.2567562181122449,0.3106935325612354,0.4740902809737788,0.3195684235013617,0.917948717928251,0.47409024266125716,0.8081460243794004,0.8179607780595943,4117,8766,368,36925
to_label_2980.jpg,LEAF_BLIGHT,to_label_2980,test,0.3,0.2370655293367347,0.33322480872266624,0.4998778998748481,0.3441782261425458,0.9128205128001601,0.4998778601042257,0.8292661574471356,0.8367346938758834,4094,7801,391,37890
to_label_2980.jpg,LEAF_BLIGHT,to_label_2980,test,0.4,0.22146045918367346,0.352966689795689,0.5217670064722589,0.3661807055402611,0.9072463767913658,0.521766965495467,0.8458558578257297,0.8513432716819768,4069,7043,416,38648
to_label_2980.jpg,LEAF_BLIGHT,to_label_2980,test,0.5,0.20665258290816327,0.3709275496043292,0.54113370135626,0.3875976468281647,0.8960981047737772,0.5411336591982624,0.8610229585676369,0.8641581632635839,4019,6350,466,39341
to_label_2980.jpg,LEAF_BLIGHT,to_label_2980,test,0.6,0.19150589923469388,0.3873412737436033,0.5583936426808684,0.40951191590790387,0.8773690077842281,0.5583935992856658,0.8758179947891799,0.8759566326513154,3935,5674,550,40017
to_label_2980.jpg,LEAF_BLIGHT,to_label_2980,test,0.7,0.17209422831632654,0.40320855614542017,0.5746951219468391,0.4365952518768199,0.8405797101261855,0.5746950769450941,0.8935238887288667,0.8887914540798613,3770,4865,715,40826
to_label_2980.jpg,LEAF_BLIGHT,to_label_2980,test,0.8,0.14341517857142858,0.4157071870025971,0.5872784864259286,0.47665369649143063,0.7647714604065826,0.5872784391141072,0.9175767656630024,0.9039182079063618,3430,3766,1055,41925
to_label_2980.jpg,LEAF_BLIGHT,to_label_2980,test,0.9,0.09869260204081633,0.44561887254219334,0.6165094839396363,0.5874394184049386,0.6486064659833087,0.6165094340555511,0.9552865991093316,0.9278738839267222,2909,2043,1576,43648
to_label_3020.jpg,LEAF_BLIGHT,to_label_3020,test,0.1,0.19371811224489796,0.07915912291209858,0.14670519153558853,0.0809670781884674,0.7799801783171477,0.1467051744942488,0.8183130961807344,0.8175422512738808,787,8933,222,40234
to_label_3020.jpg,LEAF_BLIGHT,to_label_3020,test,0.2,0.14714205994897958,0.09256607212482013,0.16944709246699893,0.09630231613034942,0.7046580772344244,0.1694470713094929,0.8642992250882415,0.8610889668350186,711,6672,298,42495
to_label_3020.jpg,LEAF_BLIGHT,to_label_3020,test,0.3,0.12095424107142858,0.10940438871301875,0.19723085617127395,0.11501071016452447,0.6917740336281691,0.1972308317219627,0.8907600626418314,0.8867586096921103,698,5371,311,43796
to_label_3020.jpg,LEAF_BLIGHT,to_label_3020,test,0.4,0.10596699617346939,0.12222813553091666,0.21783117293364163,0.12958435207580243,0.6828543111315308,0.2178311461181869,0.9058718245959568,0.9013871173451423,689,4628,320,44539
to_label_3020.jpg,LEAF_BLIGHT,to_label_3020,test,0.5,0.09386957908163265,0.12934439178259588,0.22906102465065464,0.1390658174068139,0.6491575816997862,0.22906099558623383,0.9175259828728263,0.9121293048451209,655,4055,354,45112
to_label_3020.jpg,LEAF_BLIGHT,to_label_3020,test,0.6,0.08143335459183673,0.1329775405796536,0.23473994111413662,0.14635340185642798,0.5926660058877438,0.23473990934582917,0.9290581080787336,0.9222935267838761,598,3488,411,45679
to_label_3020.jpg,LEAF_BLIGHT,to_label_3020,test,0.7,0.06630660076530612,0.134187810616422,0.23662361623070519,0.15419296663197496,0.5084241823083822,0.23662358051479576,0.9427664897167963,0.9340322066307916,513,2814,496,46353
to_label_3020.jpg,LEAF_BLIGHT,to_label_3020,test,0.8,0.04065688775510204,0.1019154318719944,0.18497868152886263,0.13823529411087082,0.27948463822799957,0.1849786372398629,0.9642443102061052,0.9504743303552485,282,1758,727,47409
to_label_3020.jpg,LEAF_BLIGHT,to_label_3020,test,0.9,0.0,0.0,0.0,0.0,0.0,0.0,0.9999999999979661,0.9798907844368225,0,0,1009,49167
to_label_3097.jpg,LEAF_BLIGHT,to_label_3097,test,0.1,0.2979711415816326,0.05408278519663755,0.10261582098895293,0.05444451876092272,0.89059080953057,0.10261581012989619,0.7130242377477305,0.7162587691312255,814,14137,100,35125
to_label_3097.jpg,LEAF_BLIGHT,to_label_3097,test,0.2,0.23361766581632654,0.0674100354783966,0.12630579297146005,0.06807711994482105,0.8730853390729666,0.12630577955027164,0.7782469246056225,0.7799744897943639,798,10924,116,38338
to_label_3097.jpg,LEAF_BLIGHT,to_label_3097,test,0.3,0.18957270408163265,0.07728869601077402,0.14348743525663257,0.07863751051220944,0.8183807438929562,0.14348741925921402,0.8220941090479028,0.8220264668350964,748,8764,166,40498
to_label_3097.jpg,LEAF_BLIGHT,to_label_3097,test,0.4,0.16394292091836735,0.060940220544852694,0.11487964988933391,0.06382202771621903,0.5743982493901096,0.11487963188807986,0.8436726076877843,0.8387675382636345,525,7701,389,41561
to_label_3097.jpg,LEAF_BLIGHT,to_label_3097,test,0.5,0.15230389030612246,0.06391444914120972,0.12014960261664154,0.06725987961178671,0.5623632384505073,0.12014958353245904,0.8553042913384449,0.849968112243204,514,7128,400,42134
to_label_3097.jpg,LEAF_BLIGHT,to_label_3097,test,0.6,0.14170121173469388,0.06716318659306872,0.12587238284987698,0.07102672292445814,0.5525164113181055,0.1258723626616755,0.8659209938677562,0.8602120535697142,505,6605,409,42657
to_label_3097.jpg,LEAF_BLIGHT,to_label_3097,test,0.7,0.1288464604591837,0.07112788503307987,0.13280932375480675,0.07579273008390112,0.5361050327641023,0.1328093020485148,0.8787097559967547,0.8724689094370367,490,5975,424,43287
to_label_3097.jpg,LEAF_BLIGHT,to_label_3097,test,0.8,0.11009247448979592,0.07821135488061948,0.14507611059109854,0.08454018826783961,0.5109409189812976,0.145076086226009,0.8973448093847238,0.8903061224472052,467,5057,447,44205
to_label_3097.jpg,LEAF_BLIGHT,to_label_3097,test,0.9,0.07894212372448979,0.09575185434713977,0.17476923076564577,0.10754859883596192,0.46608315093368896,0.1747692002949187,0.9282408347185899,0.919822225763473,426,3535,488,45727
to_label_3098.jpg,LEAF_BLIGHT,to_label_3098,test,0.1,0.24645248724489796,0.1341815627184905,0.23661390226953466,0.1390101892274057,0.794362292015048,0.23661387691748273,0.7782429392635628,0.7789381377535496,1719,10647,445,37365
to_label_3098.jpg,LEAF_BLIGHT,to_label_3098,test,0.2,0.21986607142857142,0.14310464310340346,0.2503789026958898,0.14974619289204363,0.7634011090220241,0.2503788752746621,0.804632175287835,0.8028539540800326,1652,9380,512,38632
to_label_3098.jpg,LEAF_BLIGHT,to_label_3098,test,0.3,0.203125,0.15121587626804045,0.2627063774663102,0.15924254316955216,0.7499999999653421,0.26270634857130504,0.8215237857185255,0.8184390943861239,1623,8569,541,39443
to_label_3098.jpg,LEAF_BLIGHT,to_label_3098,test,0.4,0.1902702487244898,0.15778546712646777,0.27256425582552674,0.16717293390418797,0.7375231053263622,0.2725642256954864,0.8343955677729851,0.8302176339269168,1596,7951,568,40061
to_label_3098.jpg,LEAF_BLIGHT,to_label_3098,test,0.5,0.17893016581632654,0.16462841015820392,0.2827140549247647,0.17542882601720394,0.7278188539404891,0.2827140236225042,0.8458093809863246,0.8407206632636306,1575,7403,589,40609
to_label_3098.jpg,LEAF_BLIGHT,to_label_3098,test,0.6,0.1672313456632653,0.17251721839399559,0.29426811937191594,0.1850792515768671,0.7176524953457647,0.29426808677161637,0.8575772723467934,0.8515425701513641,1553,6838,611,41174
to_label_3098.jpg,LEAF_BLIGHT,to_label_3098,test,0.7,0.15294164540816327,0.18230981852923553,0.30839601544716,0.19768047953873233,0.7010166358271249,0.30839598112812777,0.8717612263582609,0.8643973214268487,1517,6157,647,41855
to_label_3098.jpg,LEAF_BLIGHT,to_label_3098,test,0.8,0.13068000637755103,0.1948212083820411,0.32610939112113163,0.21686746987621067,0.65711645098627,0.3261093538044228,0.8930475714386131,0.8828722895390567,1422,5135,742,42877
to_label_3098.jpg,LEAF_BLIGHT,to_label_3098,test,0.9,0.08637595663265306,0.20735785952791977,0.34349030470385516,0.25749884632539227,0.5157116450778322,0.3434902602746685,0.9329750895589999,0.9149792729573601,1116,3218,1048,44794
to_label_3214.jpg,LEAF_BLIGHT,to_label_3214,test,0.1,0.21382732780612246,0.06114508059976704,0.11524358302675708,0.06151551868709557,0.9103448274606422,0.11524357116771274,0.7963842996081042,0.7980309311208585,660,10069,65,39382
to_label_3214.jpg,LEAF_BLIGHT,to_label_3214,test,0.2,0.19298070790816327,0.062474479378700744,0.11760184473368944,0.06320355261733757,0.84413793091805,0.11760183177141605,0.8165658935090967,0.8169642857126576,612,9071,113,40380
to_label_3214.jpg,LEAF_BLIGHT,to_label_3214,test,0.3,0.17938855229591838,0.061211129295567795,0.11536088833934442,0.062326408176176795,0.7737931033415458,0.11536087454098304,0.8293259994725499,0.8285235969371243,561,8440,164,41011
to_label_3214.jpg,LEAF_BLIGHT,to_label_3214,test,0.4,0.16776945153061223,0.06079591599883053,0.1146232090111055,0.06224756474147959,0.7227586205899643,0.11462319440828607,0.8403672322079627,0.8386678890289407,524,7894,201,41557
to_label_3214.jpg,LEAF_BLIGHT,to_label_3214,test,0.5,0.15595105229591838,0.061452513965717534,0.11578947368285625,0.06325878594168359,0.6827586205954816,0.11578945816048906,0.8517724616269605,0.8493303571411644,495,7330,230,42121
to_label_3214.jpg,LEAF_BLIGHT,to_label_3214,test,0.6,0.1431560905612245,0.06333198870427145,0.11911987860243906,0.06557148823520018,0.6496551723241856,0.11911986194609189,0.8642696810967133,0.8611686862227735,471,6712,254,42739
to_label_3214.jpg,LEAF_BLIGHT,to_label_3214,test,0.7,0.12201052295918367,0.06984374999890869,0.13056813202671874,0.07301535445813435,0.6165517240528895,0.13056811309001676,0.8852399344788068,0.8813576211717128,447,5675,278,43776
to_label_3214.jpg,LEAF_BLIGHT,to_label_3214,test,0.8,0.09163743622448979,0.08125126954943629,0.15029118917621095,0.08699434536565911,0.5517241378549347,0.15029116564327694,0.9151078845707566,0.909857302294105,400,4198,325,45253
to_label_3214.jpg,LEAF_BLIGHT,to_label_3214,test,0.9,0.04803093112244898,0.09768907562683161,0.17799043061633205,0.11576763484996816,0.3848275861538169,0.1779903950549026,0.956906837069105,0.9486407844368848,279,2131,446,47320
to_label_3578.jpg,LEAF_BLIGHT,to_label_3578,test,0.1,0.2746731505102041,0.10205744550755715,0.18521256931494015,0.10905528950726269,0.6139705882102137,0.1852125436974899,0.742729634594488,0.7364477040801649,1503,12279,945,35449
to_label_3578.jpg,LEAF_BLIGHT,to_label_3578,test,0.2,0.2462531887755102,0.10891385767708678,0.19643339637803003,0.11767562317806995,0.5939542483417503,0.19643336877339748,0.7715806235317391,0.762914540814806,1454,10902,994,36826
to_label_3578.jpg,LEAF_BLIGHT,to_label_3578,test,0.3,0.22855548469387754,0.11363636363545425,0.20408163265159468,0.12382281129993178,0.5800653594534287,0.20408160365665848,0.7894736842088722,0.7792570153045694,1420,10048,1028,37680
to_label_3578.jpg,LEAF_BLIGHT,to_label_3578,test,0.4,0.2142059948979592,0.11764207673314438,0.21051833888897756,0.1292333457375397,0.5674019607611356,0.21051830866808294,0.8039096547083391,0.7923708545902576,1389,9359,1059,38369
to_label_3578.jpg,LEAF_BLIGHT,to_label_3578,test,0.5,0.2019092793367347,0.1213228739514947,0.21639240003007876,0.13434014411080505,0.5559640522648708,0.2163923686809656,0.8162504190395234,0.8035514987228883,1361,8770,1087,38958
to_label_3578.jpg,LEAF_BLIGHT,to_label_3578,test,0.6,0.1896125637755102,0.1254116097457389,0.22287242935777568,0.14010931259049705,0.544526143768606,0.2228723968024719,0.8285911833707078,0.8147321428555191,1333,8181,1115,39547
to_label_3578.jpg,LEAF_BLIGHT,to_label_3578,test,0.7,0.17426658163265307,0.13141932874917692,0.23230879199220594,0.1486733760275769,0.531045751612294,0.23230875781296087,0.8440328528309503,0.8287627551003891,1300,7444,1148,40284
to_label_3578.jpg,LEAF_BLIGHT,to_label_3578,test,0.8,0.15178571428571427,0.1409137286006018,0.24701907789897634,0.1632090336113024,0.5077614378877549,0.24701904108133382,0.8664725108932566,0.8489716198962672,1243,6373,1205,41355
to_label_3578.jpg,LEAF_BLIGHT,to_label_3578,test,0.9,0.11619100765306123,0.1564682872288842,0.2705967624997512,0.1921097770121422,0.4575163398505917,0.2705967208422579,0.9013157894717958,0.8796635841819203,1120,4710,1328,43018
to_label_3690.jpg,PHOMOPSIS_LEAF_SPOT,to_label_3690,test,0.1,0.13556281887755103,0.036280531352145685,0.07002067539531329,0.037341958247025256,0.5607064016422282,0.07002066368615391,0.8683104398349489,0.8655333227023566,254,6548,199,43175
to_label_3690.jpg,PHOMOPSIS_LEAF_SPOT,to_label_3690,test,0.2,0.11455676020408163,0.04008721905333634,0.07708434123404154,0.04157967988793355,0.5275938188680808,0.07708432768959451,0.889206202359292,0.8859414859676221,239,5509,214,44214
to_label_3690.jpg,PHOMOPSIS_LEAF_SPOT,to_label_3690,test,0.3,0.10317681760204081,0.04433314783816856,0.08490230905710654,0.04616573304913723,0.5275938188680808,0.08490229425805937,0.9006898216099175,0.8973214285696403,239,4938,214,44785
to_label_3690.jpg,PHOMOPSIS_LEAF_SPOT,to_label_3690,test,0.4,0.09516501913265306,0.0479053918611364,0.09143075745808281,0.05005235601989419,0.5275938188680808,0.09143074162817726,0.9087746113450339,0.905333227039012,239,4536,214,45187
to_label_3690.jpg,PHOMOPSIS_LEAF_SPOT,to_label_3690,test,0.5,0.08838887117346939,0.05095678348632645,0.09697217675742692,0.053438556932278725,0.5231788078315278,0.09697215993802374,0.9155722703760522,0.9120296556104273,237,4198,216,45525
to_label_3690.jpg,PHOMOPSIS_LEAF_SPOT,to_label_3690,test,0.6,0.08207110969387756,0.05225598526583205,0.09932181141764775,0.0551238465261019,0.501103752648763,0.09932179355915245,0.9217464754722728,0.9179488201512318,227,3891,226,45832
to_label_3690.jpg,PHOMOPSIS_LEAF_SPOT,to_label_3690,test,0.7,0.07479671556122448,0.0533433508626761,0.10128388016877594,0.0567545963214294,0.4701986753928921,0.10128386094571466,0.9288055829275611,0.9246651785695857,213,3540,240,46183
to_label_3690.jpg,PHOMOPSIS_LEAF_SPOT,to_label_3690,test,0.8,0.06487165178571429,0.05131840090583163,0.09762675296392592,0.05560675883085694,0.39955849880804445,0.09762673151265877,0.9381775033667755,0.933314732140997,181,3074,272,46649
to_label_3690.jpg,PHOMOPSIS_LEAF_SPOT,to_label_3690,test,0.9,0.04723373724489796,0.0459429418286053,0.08784980516869112,0.05232067510327761,0.2737306842662846,0.08784977822203925,0.9548297568510451,0.9486806441307624,124,2246,329,47477
to_label_3714.jpg,PHOMOPSIS_LEAF_SPOT,to_label_3714,train,0.1,0.13570232780612246,0.21115148127150432,0.34867889696147825,0.2219121750591583,0.8132400430132809,0.34867886327363,0.8903514218285311,0.8874960140288435,1511,5298,347,43020
to_label_3714.jpg,PHOMOPSIS_LEAF_SPOT,to_label_3714,train,0.2,0.12083466198979592,0.2252126836778776,0.3676303496986791,0.24014514266468506,0.7836383207328504,0.3676303137850466,0.9046525104497193,0.9001713966818794,1456,4607,402,43711
to_label_3714.jpg,PHOMOPSIS_LEAF_SPOT,to_label_3714,train,0.3,0.11168686224489796,0.2325735051167398,0.37737871883707613,0.25124910777567366,0.7578040903790202,0.3773786814327338,0.9131586572273,0.9074059311206405,1408,4196,450,44122
to_label_3714.jpg,PHOMOPSIS_LEAF_SPOT,to_label_3714,train,0.4,0.10407366071428571,0.23776223775808109,0.3841807909550257,0.2604366143190265,0.7319698600251899,0.38418075223756337,0.9200711949978888,0.913105867345119,1360,3862,498,44456
to_label_3714.jpg,PHOMOPSIS_LEAF_SPOT,to_label_3714,train,0.5,0.09721779336734694,0.23960250275598818,0.3865795724408168,0.2669126691212195,0.7007534983476451,0.3865795324853983,0.9259903141667163,0.9176498724471507,1302,3576,556,44742
to_label_3714.jpg,PHOMOPSIS_LEAF_SPOT,to_label_3714,train,0.6,0.09004304846938775,0.24652981426693002,0.395545796731563,0.2791057990199401,0.6786867599204152,0.39554575542771586,0.9325924086242547,0.9231903698961192,1261,3257,597,45061
to_label_3714.jpg,PHOMOPSIS_LEAF_SPOT,to_label_3714,train,0.7,0.0809749681122449,0.2571125265338193,0.40905252490442406,0.2980556239158736,0.651776103301842,0.4090524818317314,0.9409743780766153,0.9302654655593705,1211,2852,647,45466
to_label_3714.jpg,PHOMOPSIS_LEAF_SPOT,to_label_3714,train,0.8,0.06704400510204081,0.2711781888931067,0.42665645345793457,0.33115338881298595,0.59956942946181,0.4266564076083602,0.9534335030403712,0.9403300382634321,1114,2250,744,46068
to_label_3714.jpg,PHOMOPSIS_LEAF_SPOT,to_label_3714,train,0.9,0.04161352040816327,0.2655548428394627,0.4196654840238301,0.39655172411893913,0.44564047360357156,0.41966543418306884,0.9739227617016972,0.954360650508302,828,1260,1030,47058
to_label_3715.jpg,PHOMOPSIS_LEAF_SPOT,to_label_3715,train,0.1,0.10760124362244898,0.015159817351321282,0.029866858581686456,0.015373217262171269,0.5220125782880424,0.029866853023344388,0.8937161365117986,0.8925382653043437,83,5316,76,44701
to_label_3715.jpg,PHOMOPSIS_LEAF_SPOT,to_label_3715,train,0.2,0.09642059948979592,0.01689051689017317,0.03321993195851071,0.017155849524242334,0.5220125782880424,0.03321992579651968,0.9049323230083672,0.9037189094369744,83,4755,76,45262
to_label_3715.jpg,PHOMOPSIS_LEAF_SPOT,to_label_3715,train,0.3,0.08986367984693877,0.018102508178449238,0.03556126820832131,0.01840762918566406,0.5220125782880424,0.03556126162726122,0.9115100865687435,0.9102758290798185,83,4426,76,45591
to_label_3715.jpg,PHOMOPSIS_LEAF_SPOT,to_label_3715,train,0.4,0.0840640943877551,0.019329296692609937,0.03792551976152786,0.019677572308684742,0.5220125782880424,0.03792551275933181,0.9173281084412953,0.9160754145389906,83,4135,76,45882
to_label_3715.jpg,PHOMOPSIS_LEAF_SPOT,to_label_3715,train,0.5,0.07890226403061225,0.02057001239106394,0.04031083049926394,0.02096489012323908,0.5220125782880424,0.04031082307425267,0.9225063478398894,0.9212372448961231,83,3876,76,46141
to_label_3715.jpg,PHOMOPSIS_LEAF_SPOT,to_label_3715,train,0.6,0.07370057397959184,0.02199258081552749,0.043038631059293786,0.02244456462892254,0.5220125782880424,0.04303862315330908,0.9277245736431059,0.9264389349471333,83,3615,76,46402
to_label_3715.jpg,PHOMOPSIS_LEAF_SPOT,to_label_3715,train,0.7,0.06718351403061225,0.024078909195704122,0.04702549574937605,0.024621773953585828,0.5220125782880424,0.04702548714531211,0.9342623507988599,0.9329559948960998,83,3288,76,46729
to_label_3715.jpg,PHOMOPSIS_LEAF_SPOT,to_label_3715,train,0.8,0.05803571428571429,0.026060808552420288,0.050797785735890666,0.026785714284794447,0.49056603742731697,0.05079777591542841,0.9433392646481329,0.9419044961715922,78,2834,81,47183
to_label_3715.jpg,PHOMOPSIS_LEAF_SPOT,to_label_3715,train,0.9,0.041015625,0.024965325935045524,0.048714479023513106,0.02623906705411861,0.3396226412958348,0.048714465706321465,0.9599336225664076,0.9579679528042132,54,2004,105,48013
to_label_3726.jpg,PHOMOPSIS_LEAF_SPOT,to_label_3726,train,0.1,0.10778061224489796,0.1410955347852921,0.24729837333355364,0.2009985207063425,0.32131244456632246,0.24729832598378787,0.9076571282009966,0.8681242028043923,1087,4321,2296,42472
to_label_3726.jpg,PHOMOPSIS_LEAF_SPOT,to_label_3726,train,0.2,0.09996811224489796,0.1314832278036982,0.2324086200710512,0.19457735246821017,0.28850133017178536,0.23240857195840464,0.9136622999147016,0.8715122767839774,976,4040,2407,42753
to_label_3726.jpg,PHOMOPSIS_LEAF_SPOT,to_label_3726,train,0.3,0.09536431760204081,0.12506887052169327,0.22233104798944256,0.18975966561776889,0.2684008276598167,0.22233099945983917,0.9171457269230074,0.8734056122431573,908,3877,2475,42916
to_label_3726.jpg,PHOMOPSIS_LEAF_SPOT,to_label_3726,train,0.4,0.09181680484693877,0.12014580120397945,0.21451814768192093,0.18602127197338786,0.25332545077584023,0.21451809885262885,0.9198598080889879,0.8749202806105012,857,3750,2526,43043
to_label_3726.jpg,PHOMOPSIS_LEAF_SPOT,to_label_3726,train,0.5,0.08818957270408163,0.1163854732611326,0.20850409835798536,0.18395480225572985,0.24061483889327182,0.20850404924580995,0.9228303378690769,0.8768335459166198,814,3611,2569,43182
to_label_3726.jpg,PHOMOPSIS_LEAF_SPOT,to_label_3726,train,0.6,0.08500079719387756,0.11178950428678894,0.2010983263572032,0.18030480656083694,0.2273130357603514,0.20109827701957023,0.9252879704209491,0.8782286352023313,769,3496,2614,43297
to_label_3726.jpg,PHOMOPSIS_LEAF_SPOT,to_label_3726,train,0.7,0.08043686224489796,0.10665274462848072,0.19274834883147665,0.1771555995991785,0.21135087200084687,0.19274829921624323,0.9290278460433633,0.8806401466819184,715,3321,2668,43472
to_label_3726.jpg,PHOMOPSIS_LEAF_SPOT,to_label_3726,train,0.8,0.07423867984693877,0.09945862335499678,0.18092290376785422,0.1726174496597955,0.19006798698817418,0.18092285388107432,0.9341354476076889,0.8839684311206872,643,3082,2740,43711
to_label_3726.jpg,PHOMOPSIS_LEAF_SPOT,to_label_3726,train,0.9,0.06216119260204082,0.08911222780420247,0.16364195631861517,0.17056748957452494,0.1572568725936371,0.16364190639854334,0.9447139529396604,0.8916214923451617,532,2587,2851,44206
to_label_3730.jpg,PHOMOPSIS_LEAF_SPOT,to_label_3730,train,0.1,0.07774633290816327,0.04358780549146919,0.08353452438233862,0.04434760317753531,0.7178423233535924,0.083534513420519,0.9253429458277254,0.924346301018566,173,3728,68,46207
to_label_3730.jpg,PHOMOPSIS_LEAF_SPOT,to_label_3730,train,0.2,0.06975446428571429,0.04497206703784994,0.08607324244624237,0.04599999999868572,0.6680497922539212,0.0860732303897079,0.9331330729930246,0.9318598533144693,161,3339,80,46596
to_label_3730.jpg,PHOMOPSIS_LEAF_SPOT,to_label_3730,train,0.3,0.06493144132653061,0.04729123016919212,0.09031151757386935,0.048496009820488156,0.6556016594790035,0.09031150474472904,0.9379192950817304,0.936563297192011,158,3100,83,46835
to_label_3730.jpg,PHOMOPSIS_LEAF_SPOT,to_label_3730,train,0.4,0.06132413903061224,0.0486725663701431,0.09282700421661161,0.05004874877965393,0.6390041491124464,0.09282699074213549,0.9414639030721108,0.9400111607124123,154,2923,87,47012
to_label_3730.jpg,PHOMOPSIS_LEAF_SPOT,to_label_3730,train,0.5,0.057896205357142856,0.04971638304805751,0.09472345835681108,0.05129087779513629,0.6182572611542501,0.09472344420643142,0.9448082507240516,0.9432397959164874,149,2756,92,47179
to_label_3730.jpg,PHOMOPSIS_LEAF_SPOT,to_label_3730,train,0.6,0.05450813137755102,0.050105857443538966,0.09543010752367506,0.05191956124124609,0.5892116180127753,0.09543009263582458,0.9480724942406167,0.9463488520389303,142,2593,99,47342
to_label_3730.jpg,PHOMOPSIS_LEAF_SPOT,to_label_3730,train,0.7,0.05006377551020408,0.04956157071865949,0.09444242644044888,0.05175159235462773,0.5394190869131041,0.09444241046152876,0.9522979873816916,0.9503148915797387,130,2382,111,47553
to_label_3730.jpg,PHOMOPSIS_LEAF_SPOT,to_label_3730,train,0.8,0.04380580357142857,0.0476804123690859,0.0910209102053702,0.050500454956756126,0.46058091267195816,0.09102089239216646,0.9582056673656589,0.9558155293348297,111,2087,130,47848
to_label_3730.jpg,PHOMOPSIS_LEAF_SPOT,to_label_3730,train,0.9,0.032146843112244895,0.047457627115962846,0.09061488672650404,0.05207687538424818,0.34854771769769805,0.09061486410321874,0.969380194250587,0.9663982780592985,84,1529,157,48406
to_label_3731.jpg,PHOMOPSIS_LEAF_SPOT,to_label_3731,train,0.1,0.09388950892857142,0.006020586521537763,0.011969111968880905,0.006580343875895132,0.06609808100936075,0.011969095500082285,0.9058482708654599,0.8979990433655572,31,4680,438,45027
to_label_3731.jpg,PHOMOPSIS_LEAF_SPOT,to_label_3731,train,0.2,0.07615194515306123,0.0072787039209373395,0.014452214451877572,0.00811305940831947,0.06609808100936075,0.01445219497711287,0.9237531937133124,0.9157366071410321,31,3790,438,45917
to_label_3731.jpg,PHOMOPSIS_LEAF_SPOT,to_label_3731,train,0.3,0.06441326530612244,0.008172160174116804,0.016211834638848642,0.009282178217534586,0.06396588484776847,0.016211812505658105,0.9355825135273994,0.92743542729407,30,3202,439,46505
to_label_3731.jpg,PHOMOPSIS_LEAF_SPOT,to_label_3731,train,0.4,0.053411989795918366,0.006713554986997649,0.013337567481316686,0.007835820895230007,0.044776119393437924,0.013337542130103835,0.9465065282536735,0.9380779655593549,21,2659,448,47048
to_label_3731.jpg,PHOMOPSIS_LEAF_SPOT,to_label_3731,train,0.5,0.04005899234693878,0.003643724696208756,0.007260992335326301,0.004477611940075741,0.01918976545433054,0.0072609616558350475,0.9597441004265802,0.9509526466817783,9,2001,460,47706
to_label_3731.jpg,PHOMOPSIS_LEAF_SPOT,to_label_3731,train,0.6,0.030871332908163265,0.0009920634920142825,0.0019821605549067314,0.0012911555841645477,0.004264392323184565,0.0019821248765116125,0.9688776228680691,0.9598612882633931,2,1547,467,48160
to_label_3731.jpg,PHOMOPSIS_LEAF_SPOT,to_label_3731,train,0.7,0.02391581632653061,0.0,0.0,0.0,0.0,0.0,0.9758585309896476,0.966737085457257,0,1200,469,48507
to_label_3731.jpg,PHOMOPSIS_LEAF_SPOT,to_label_3731,train,0.8,0.015066964285714286,0.0,0.0,0.0,0.0,0.0,0.9847908745227336,0.9755859374980557,0,756,469,48951
to_label_3731.jpg,PHOMOPSIS_LEAF_SPOT,to_label_3731,train,0.9,7.971938775510203e-05,0.0,0.0,0.0,0.0,0.0,0.9999195284346271,0.990573182395985,0,4,469,49703
to_label_3733.jpg,PHOMOPSIS_LEAF_SPOT,to_label_3733,test,0.1,0.12059550382653061,0.026517895956723405,0.05166572557803973,0.03024293505155771,0.17715392060240523,0.051665700665794505,0.8805933703663175,0.86611128826358,183,5868,850,43275
to_label_3733.jpg,PHOMOPSIS_LEAF_SPOT,to_label_3733,test,0.2,0.09749681122448979,0.03007649513160507,0.05839662447158824,0.035363859361501146,0.16747337849298416,0.058396595680723466,0.9039741163524734,0.8888113839268,173,4719,860,44424
to_label_3733.jpg,PHOMOPSIS_LEAF_SPOT,to_label_3733,test,0.3,0.08380500637755102,0.027663331370852202,0.05383734249610849,0.03353151010621804,0.13649564374283682,0.05383731083113193,0.9173025659790462,0.9012276785696324,141,4064,892,45079
to_label_3733.jpg,PHOMOPSIS_LEAF_SPOT,to_label_3733,test,0.4,0.07322225765306123,0.025266826398926884,0.04928829402912071,0.03157321720110035,0.11229428846928419,0.04928825976859328,0.9275990476752994,0.9108139349471643,116,3558,917,45585
to_label_3733.jpg,PHOMOPSIS_LEAF_SPOT,to_label_3733,test,0.5,0.06855867346938775,0.02615278733594511,0.05097250167558747,0.033139534882757574,0.11035818004739997,0.05097246615299993,0.9323199641842534,0.9153977997430736,114,3326,919,45817
to_label_3733.jpg,PHOMOPSIS_LEAF_SPOT,to_label_3733,test,0.6,0.06391501913265306,0.026137463697334527,0.0509433962252136,0.03367633302046535,0.10454985478174735,0.05094335936894131,0.9369391368029283,0.9198022959165342,108,3099,925,46044
to_label_3733.jpg,PHOMOPSIS_LEAF_SPOT,to_label_3733,test,0.7,0.05775669642857143,0.025835073068219336,0.050368862883480824,0.03416149068205102,0.0958373668832684,0.05036882413660967,0.9430437702196792,0.9256018813757063,99,2799,934,46344
to_label_3733.jpg,PHOMOPSIS_LEAF_SPOT,to_label_3733,test,0.8,0.04886798469387755,0.028023598819232342,0.054519368721534595,0.03874388254328125,0.09196515003949998,0.05451932700951918,0.9520379301203589,0.9343311543348726,95,2357,938,46786
to_label_3733.jpg,PHOMOPSIS_LEAF_SPOT,to_label_3733,test,0.9,0.03176817602040816,0.033844942934520075,0.06547392462636187,0.053952321201132226,0.08325266214102103,0.06547387690411816,0.969314042689764,0.9510722257634107,86,1508,947,47635
to_label_3788.jpg,PHOMOPSIS_LEAF_SPOT,to_label_3788,test,0.1,0.12093431122448979,0.02413961833266776,0.047141264531818106,0.024390243902037076,0.7014218006154399,0.04714125803609961,0.8815170619415961,0.8807597257635508,148,5920,63,44045
to_label_3788.jpg,PHOMOPSIS_LEAF_SPOT,to_label_3788,test,0.2,0.11029177295918367,0.026442737180160037,0.05152306353261057,0.026743765810864767,0.7014218006154399,0.05152305645598002,0.8922045431784404,0.8914022640288357,148,5386,63,44579
to_label_3788.jpg,PHOMOPSIS_LEAF_SPOT,to_label_3788,test,0.3,0.10393415178571429,0.02804092459211745,0.05455215628355046,0.028379674016713718,0.7014218006154399,0.054552148807615164,0.8985890123068175,0.8977598852022924,148,5067,63,44898
to_label_3788.jpg,PHOMOPSIS_LEAF_SPOT,to_label_3788,test,0.4,0.09893176020408163,0.029441018499513805,0.05719806763174497,0.029814665591663687,0.7014218006154399,0.05719805980853803,0.9036125287683306,0.9027622767839151,148,4816,63,45149
to_label_3788.jpg,PHOMOPSIS_LEAF_SPOT,to_label_3788,test,0.5,0.09442761479591837,0.0308269110595537,0.059810062637708425,0.0312368087794167,0.7014218006154399,0.05981005447307239,0.908135694984673,0.9072664221920693,148,4590,63,45375
to_label_3788.jpg,PHOMOPSIS_LEAF_SPOT,to_label_3788,test,0.6,0.0897640306122449,0.03240639369318138,0.06277836691277247,0.03285968028346226,0.7014218006154399,0.06277835836180984,0.9128189732794699,0.9119300063757335,148,4356,63,45609
to_label_3788.jpg,PHOMOPSIS_LEAF_SPOT,to_label_3788,test,0.7,0.08432318239795919,0.03446669771694302,0.06663665015608652,0.034979910185890334,0.7014218006154399,0.06663664110563387,0.9182827979567332,0.9173708545900084,148,4083,63,45882
to_label_3788.jpg,PHOMOPSIS_LEAF_SPOT,to_label_3788,test,0.8,0.07633131377551021,0.0380169535053168,0.07324919574181517,0.03864229764912161,0.7014218006154399,0.07324918584232121,0.9263084158892698,0.9253627232124415,148,3682,63,46283
to_label_3788.jpg,PHOMOPSIS_LEAF_SPOT,to_label_3788,test,0.9,0.060825892857142856,0.04751203852174921,0.09071406680690426,0.04849279161046879,0.7014218006154399,0.09071405470753936,0.9418793155189795,0.9408681441307779,148,2904,63,47061
to_label_3798.jpg,PHOMOPSIS_LEAF_SPOT,to_label_3798,train,0.1,0.1255779655612245,0.08287878787753214,0.15307121869101623,0.08681161720224073,0.6465721039424855,0.15307119781696343,0.8833569835781809,0.8793646364778392,547,5754,299,43576
to_label_3798.jpg,PHOMOPSIS_LEAF_SPOT,to_label_3798,train,0.2,0.109375,0.09206896551565398,0.1686138301204829,0.09730320699531153,0.6312056736842546,0.16861380697276232,0.8995742955586873,0.8950494260186244,534,4954,312,44376
to_label_3798.jpg,PHOMOPSIS_LEAF_SPOT,to_label_3798,train,0.3,0.09972895408163265,0.09859154929392316,0.17948717948411133,0.10491606714418633,0.6205673758131718,0.17948715474069157,0.909203324547113,0.9043367346920752,525,4479,321,44851
to_label_3798.jpg,PHOMOPSIS_LEAF_SPOT,to_label_3798,train,0.4,0.09221540178571429,0.1049868766383003,0.19002375296564913,0.1123838340152932,0.6146572103292368,0.19002372682558852,0.9167443746180484,0.9116509885185913,520,4107,326,45223
to_label_3798.jpg,PHOMOPSIS_LEAF_SPOT,to_label_3798,train,0.5,0.08523995535714286,0.11055712117687932,0.19910208861606282,0.1192424596652036,0.6028368793613669,0.19910206103874362,0.9236367322097635,0.918227838008374,510,3767,336,45563
to_label_3798.jpg,PHOMOPSIS_LEAF_SPOT,to_label_3798,train,0.6,0.0780452806122449,0.11652989448730294,0.20873582527911097,0.12691521960860788,0.587470449103136,0.20873579605580495,0.9306912629212838,0.9249043367328506,497,3419,349,45911
to_label_3798.jpg,PHOMOPSIS_LEAF_SPOT,to_label_3798,train,0.7,0.06863839285714286,0.12539349422546187,0.22284382283862836,0.13879210220270638,0.5650118202641831,0.22284379117066755,0.9398743158302455,0.9335538903042618,478,2966,368,46364
to_label_3798.jpg,PHOMOPSIS_LEAF_SPOT,to_label_3798,train,0.8,0.054388552295918366,0.13204559847586936,0.2332867132801878,0.1528032246188053,0.4929078013601764,0.23328667714501222,0.9531319683743095,0.9453722895389322,417,2312,429,47018
to_label_3798.jpg,PHOMOPSIS_LEAF_SPOT,to_label_3798,train,0.9,0.036631058673469385,0.15590008612593023,0.269746646785777,0.19695321000016575,0.42789598103689175,0.26974660360585356,0.9700790593939386,0.9609374999980849,362,1476,484,47854
to_label_3847.jpg,PHOMOPSIS_LEAF_SPOT,to_label_3847,train,0.1,0.09610172193877552,0.049057368740136685,0.0935265700465019,0.05018664454479082,0.6855524077378038,0.09352655733277496,0.9080745840256346,0.9065090880083974,242,4580,111,45243
to_label_3847.jpg,PHOMOPSIS_LEAF_SPOT,to_label_3847,train,0.2,0.08838887117346939,0.049769787326249294,0.09482038429208813,0.05118376550053701,0.6430594899028159,0.09482037063201745,0.9155410151919484,0.913624043365526,227,4208,126,45615
to_label_3847.jpg,PHOMOPSIS_LEAF_SPOT,to_label_3847,train,0.3,0.08364556760204081,0.052509831134570674,0.09978021977802681,0.054086252083533806,0.6430594899028159,0.09978020546315869,0.9203179254542675,0.9183673469369452,227,3970,126,45853
to_label_3847.jpg,PHOMOPSIS_LEAF_SPOT,to_label_3847,train,0.4,0.07983896683673469,0.05493707647495312,0.10415232851332526,0.05666500249484112,0.6430594899028159,0.10415231362617558,0.9241514962950361,0.9221739477022437,227,3779,126,46044
to_label_3847.jpg,PHOMOPSIS_LEAF_SPOT,to_label_3847,train,0.5,0.07637117346938775,0.05735219807838928,0.10848267622201953,0.05923799582308878,0.6430594899028159,0.10848266077260277,0.9276438592599249,0.9256417410695837,227,3605,126,46218
to_label_3847.jpg,PHOMOPSIS_LEAF_SPOT,to_label_3847,train,0.6,0.07262436224489796,0.0602122015899148,0.11358518888882699,0.062294182215634084,0.6430594899028159,0.11358517278269165,0.9314172169461264,0.9293885522940661,227,3417,126,46406
to_label_3847.jpg,PHOMOPSIS_LEAF_SPOT,to_label_3847,train,0.7,0.06821986607142858,0.06276386152370493,0.118114406776533,0.06514753140329689,0.6317280451468192,0.11811438982426889,0.9357726351264761,0.9336336096920168,223,3200,130,46623
to_label_3847.jpg,PHOMOPSIS_LEAF_SPOT,to_label_3847,train,0.8,0.061802455357142856,0.06375115491026329,0.11986103068558596,0.06675266042996605,0.5864022661228322,0.11986101233103127,0.9419143768923149,0.9394132653042502,207,2894,146,46929
to_label_3847.jpg,PHOMOPSIS_LEAF_SPOT,to_label_3847,train,0.9,0.04900749362244898,0.06595905989135864,0.12375533427724911,0.07076047173360063,0.49291784688585893,0.1237553123178947,0.9541376472694255,0.9508928571409621,174,2285,179,47538
to_label_3887.jpg,PHOMOPSIS_LEAF_SPOT,to_label_3887,train,0.1,0.10536910076530612,0.01524163568744904,0.030025631636213374,0.015509740873548143,0.4685714283036735,0.030025625433062243,0.8959020819565691,0.8944116709165848,82,5205,93,44796
to_label_3887.jpg,PHOMOPSIS_LEAF_SPOT,to_label_3887,train,0.2,0.09665975765306123,0.01515151515120906,0.029850746268062674,0.015463917525454353,0.4285714283265306,0.029850739544864262,0.9045019099599918,0.90284199617167,75,4775,100,45226
to_label_3887.jpg,PHOMOPSIS_LEAF_SPOT,to_label_3887,train,0.3,0.09151785714285714,0.015551768214410913,0.030627228864471844,0.015897212543207813,0.4171428569044898,0.03062722179122247,0.9096218075620295,0.9079041772941089,73,4519,102,45482
to_label_3887.jpg,PHOMOPSIS_LEAF_SPOT,to_label_3887,train,0.4,0.08735251913265306,0.016276477145679456,0.032031592803158586,0.01665525895467362,0.4171428569044898,0.032031585418471384,0.9138017239636931,0.9120695153043047,73,4310,102,45691
to_label_3887.jpg,PHOMOPSIS_LEAF_SPOT,to_label_3887,train,0.5,0.08350605867346939,0.01700838769764659,0.033447880869795006,0.017422434367125955,0.4171428569044898,0.03344787317217078,0.9176616467652293,0.9159159757634807,73,4117,102,45884
to_label_3887.jpg,PHOMOPSIS_LEAF_SPOT,to_label_3887,train,0.6,0.07952008928571429,0.01783968719408994,0.03505402160780183,0.018295739347912388,0.4171428569044898,0.0350540135566831,0.9216615667668213,0.9199019451512278,73,3917,102,46084
to_label_3887.jpg,PHOMOPSIS_LEAF_SPOT,to_label_3887,train,0.7,0.07439811862244898,0.01903520208555319,0.037359263049197566,0.01955531743853321,0.4171428569044898,0.03735925449330441,0.926801463968867,0.925023915814483,73,3660,102,46341
to_label_3887.jpg,PHOMOPSIS_LEAF_SPOT,to_label_3887,train,0.8,0.06722337372448979,0.021007194243999792,0.0411499436290544,0.021642454787380895,0.4171428569044898,0.04114993424974698,0.9340013199717325,0.9321986607124279,73,3300,102,46701
to_label_3887.jpg,PHOMOPSIS_LEAF_SPOT,to_label_3887,train,0.9,0.05295360331632653,0.026458861905528857,0.051553672314563787,0.027474595407321244,0.4171428569044898,0.05155366071768331,0.9483210335774318,0.9464684311205627,73,2584,102,47417
to_label_3895.jpg,PHOMOPSIS_LEAF_SPOT,to_label_3895,train,0.1,0.12055564413265306,0.036879432623532236,0.07113543091547142,0.03868408001258582,0.4415094338789605,0.0711354161004841,0.8828707247293178,0.8782087053553926,234,5815,296,43831
to_label_3895.jpg,PHOMOPSIS_LEAF_SPOT,to_label_3895,train,0.2,0.10070551658163265,0.038504464284998055,0.07415368081543698,0.040965762912310195,0.39056603766215736,0.07415366363028511,0.9023889135058164,0.8969826211716817,207,4846,323,44800
to_label_3895.jpg,PHOMOPSIS_LEAF_SPOT,to_label_3895,train,0.3,0.08892697704081633,0.040867389490390586,0.078525641024068,0.04392649036208143,0.36981132068494127,0.07852562204293352,0.9140716271181685,0.9083227040798224,196,4266,334,45380
to_label_3895.jpg,PHOMOPSIS_LEAF_SPOT,to_label_3895,train,0.4,0.07940051020408163,0.04539138489936565,0.08684093929803188,0.04919678714735952,0.36981132068494127,0.08684091857075288,0.9236997945435207,0.9178491709165381,196,3788,334,45858
to_label_3895.jpg,PHOMOPSIS_LEAF_SPOT,to_label_3895,train,0.5,0.07108976403061225,0.050243527299404164,0.09567976567987113,0.05494813568671298,0.36981132068494127,0.09567974315190587,0.9320992627786083,0.9261599170899909,196,3371,334,46275
to_label_3895.jpg,PHOMOPSIS_LEAF_SPOT,to_label_3895,train,0.6,0.06255978954081633,0.05340223944721785,0.10139002452708122,0.059254539660425154,0.3509433961601994,0.10138999980698235,0.9405188736233724,0.9342912946409951,186,2953,344,46693
to_label_3895.jpg,PHOMOPSIS_LEAF_SPOT,to_label_3895,train,0.7,0.054388552295918366,0.05095130602866974,0.09696225835848536,0.0578966654430965,0.29811320749092207,0.0969622311196837,0.9482133505197836,0.9413464604573075,158,2571,372,47075
to_label_3895.jpg,PHOMOPSIS_LEAF_SPOT,to_label_3895,train,0.8,0.0450813137755102,0.039463886819081764,0.07593123208897094,0.04686118479014761,0.19999999996226417,0.07593120132758777,0.9565725335355183,0.9485809948960686,106,2156,424,47490
to_label_3895.jpg,PHOMOPSIS_LEAF_SPOT,to_label_3895,train,0.9,0.02684550382653061,0.041042706597834565,0.0788492274864758,0.054936896803642395,0.1396226414830901,0.07884918695525295,0.9743584578798405,0.9655412946409329,74,1273,456,48373
to_label_3906.jpg,PHOMOPSIS_LEAF_SPOT,to_label_3906,train,0.1,0.13673867984693877,0.14147705605514838,0.2478841870796449,0.16222125054420317,0.5252477583518053,0.24788415101938263,0.8803920344572479,0.8653938137737854,1113,5748,1006,42309
to_label_3906.jpg,PHOMOPSIS_LEAF_SPOT,to_label_3906,train,0.2,0.12509964923469388,0.14277936572556446,0.24988089566162597,0.1671180500212344,0.4950448324447832,0.24988085792158174,0.8912125184657985,0.874481823977849,1049,5228,1070,42829
to_label_3906.jpg,PHOMOPSIS_LEAF_SPOT,to_label_3906,train,0.3,0.11788504464285714,0.14526015680477178,0.25367189444543603,0.17227387996327517,0.4808872109258666,0.2536718556047147,0.8981209813327962,0.8805006377533472,1019,4896,1100,43161
to_label_3906.jpg,PHOMOPSIS_LEAF_SPOT,to_label_3906,train,0.4,0.11224489795918367,0.14829629629409932,0.25828925299628064,0.17773437499684422,0.47239263801451664,0.2582892132639095,0.9036352664525383,0.885423309947215,1001,4631,1118,43426
to_label_3906.jpg,PHOMOPSIS_LEAF_SPOT,to_label_3906,train,0.5,0.10720264668367346,0.15141277641045128,0.26300346758785004,0.1833054471057203,0.4653138272550584,0.26300342703614454,0.9085877187487597,0.889867665814553,986,4393,1133,43664
to_label_3906.jpg,PHOMOPSIS_LEAF_SPOT,to_label_3906,train,0.6,0.10208067602040816,0.15412814790956123,0.2670901809105498,0.18879344005878967,0.4563473336264112,0.26709013950657307,0.9135401710449809,0.8942323022941362,967,4155,1152,43902
to_label_3906.jpg,PHOMOPSIS_LEAF_SPOT,to_label_3906,train,0.7,0.09508529974489796,0.15973741794041849,0.2754716981092094,0.19891008173970007,0.44785276071506125,0.2754716555128362,0.9204694425350719,0.900510204079838,949,3822,1170,44235
to_label_3906.jpg,PHOMOPSIS_LEAF_SPOT,to_label_3906,train,0.8,0.08541932397959184,0.168795620434876,0.2888368462093858,0.21581894539860433,0.43652666349992797,0.28883680192822325,0.930062217781114,0.9092195471920654,925,3361,1194,44696
to_label_3906.jpg,PHOMOPSIS_LEAF_SPOT,to_label_3906,train,0.9,0.06806042729591837,0.18374331550409106,0.3104445247504437,0.2515373352781395,0.4053798961583115,0.31044447748705745,0.9468131593712741,0.9239477040797912,859,2556,1260,45501
to_label_3954.jpg,PHOMOPSIS_LEAF_SPOT,to_label_3954,test,0.1,0.09101961096938775,0.05294693078927676,0.10056903959934305,0.0948105977645104,0.10707220573424649,0.10056898978264454,0.9103875834541958,0.8456433354574983,433,4134,3611,41998
to_label_3954.jpg,PHOMOPSIS_LEAF_SPOT,to_label_3954,test,0.2,0.08438297193877552,0.04930916465902765,0.09398405411821714,0.09187529522692785,0.09619188921621682,0.09398400414344903,0.9166522153799604,0.8505261479574886,389,3845,3655,42287
to_label_3954.jpg,PHOMOPSIS_LEAF_SPOT,to_label_3954,test,0.3,0.08021763392857142,0.046562905317165205,0.0889825257145993,0.08919254658163497,0.08877349159028751,0.08898247571380187,0.9205323853270603,0.8534956951513603,359,3666,3685,42466
to_label_3954.jpg,PHOMOPSIS_LEAF_SPOT,to_label_3954,test,0.4,0.07720822704081633,0.043627257149813796,0.08360697145638284,0.08544140423114503,0.0818496538060868,0.083606921478405,0.923198647357749,0.8553890306105401,331,3543,3713,42589
to_label_3954.jpg,PHOMOPSIS_LEAF_SPOT,to_label_3954,test,0.5,0.07445790816326531,0.042895442358674325,0.08226221079585781,0.08565310492276089,0.07912957467657938,0.08226216087319395,0.9259516170967529,0.8577008928554335,320,3416,3724,42716
to_label_3954.jpg,PHOMOPSIS_LEAF_SPOT,to_label_3954,test,0.6,0.07152822066326531,0.040627130197128464,0.0780820123139253,0.08303148509102727,0.07368941641756456,0.0780819624905993,0.9286612329815992,0.8597536670901232,298,3291,3746,42841
to_label_3954.jpg,PHOMOPSIS_LEAF_SPOT,to_label_3954,test,0.7,0.06794084821428571,0.03932505926594164,0.07567422514322186,0.08272220592306477,0.06973293768373559,0.07567417550519612,0.9322162490225175,0.8627032844370561,282,3127,3762,43005
to_label_3954.jpg,PHOMOPSIS_LEAF_SPOT,to_label_3954,test,0.8,0.06273915816326531,0.036609974055396226,0.07063403781881766,0.08068614993390451,0.06280909989953488,0.07063398859391441,0.937266973031871,0.866788903059497,254,2894,3790,43238
to_label_3954.jpg,PHOMOPSIS_LEAF_SPOT,to_label_3954,test,0.9,0.052455357142857144,0.030405926840092516,0.0590173756731723,0.07484802431326566,0.04871414441026919,0.059017327909021804,0.9472166825610265,0.8748007015288688,197,2435,3847,43697
to_label_4067.jpg,PHOMOPSIS_LEAF_SPOT,to_label_4067,test,0.1,0.10684390943877552,0.11979259788807808,0.21395497365138186,0.12497668345224815,0.7427937914919298,0.2139549489922583,0.9047976620511734,0.9018853635186107,670,4691,232,44583
to_label_4067.jpg,PHOMOPSIS_LEAF_SPOT,to_label_4067,test,0.2,0.10012755102040816,0.12171114896608536,0.2170097873739958,0.12798566878726145,0.7128603103422549,0.2170097615618306,0.9110890124590837,0.9075255102022729,643,4381,259,44893
to_label_4067.jpg,PHOMOPSIS_LEAF_SPOT,to_label_4067,test,0.3,0.0963608099489796,0.12160312805236358,0.21683806867322925,0.12864529472329586,0.6895787138925079,0.2168380421683888,0.9144985184865964,0.9104551977022671,622,4213,280,45061
to_label_4067.jpg,PHOMOPSIS_LEAF_SPOT,to_label_4067,test,0.4,0.09307238520408163,0.12316065309165167,0.21931083990991906,0.13083511777021767,0.6773835919426404,0.21931081277090073,0.9176238990118163,0.9133051658145063,611,4059,291,45215
to_label_4067.jpg,PHOMOPSIS_LEAF_SPOT,to_label_4067,test,0.5,0.08996332908163265,0.1236514522795923,0.2200886262884031,0.1320336730143546,0.6607538801928211,0.22008859852298043,0.9204854487134787,0.915816326528787,596,3918,306,45356
to_label_4067.jpg,PHOMOPSIS_LEAF_SPOT,to_label_4067,test,0.6,0.08685427295918367,0.12345151644332654,0.21977186311369257,0.1326296466238497,0.6407982260930379,0.21977183469421643,0.9232861143789356,0.9182079081614353,578,3780,324,45494
to_label_4067.jpg,PHOMOPSIS_LEAF_SPOT,to_label_4067,test,0.7,0.08290816326530612,0.12289263531226946,0.21888581587872608,0.13317307691987565,0.614190687293327,0.2188857865866847,0.9268173884788594,0.9211973852022457,554,3606,348,45668
to_label_4067.jpg,PHOMOPSIS_LEAF_SPOT,to_label_4067,test,0.8,0.07742745535714286,0.12239155919994393,0.2180906622055966,0.13436293435947586,0.5787139688937124,0.21809063161659312,0.9317489954115117,0.9254025829063189,522,3363,380,45911
to_label_4067.jpg,PHOMOPSIS_LEAF_SPOT,to_label_4067,test,0.9,0.06686463647959184,0.11879106438583992,0.21235611932787513,0.13472429209732567,0.5011086473945556,0.21235608592479224,0.9410845476297011,0.9331752232124259,452,2903,450,46371
to_label_4087.jpg,PHOMOPSIS_LEAF_SPOT,to_label_4087,test,0.1,0.12717235331632654,0.03494750039124044,0.06753482737632444,0.03494750039124044,0.9999999995515695,0.06753482084986732,0.8767241206716779,0.877272002549272,223,6158,0,43795
to_label_4087.jpg,PHOMOPSIS_LEAF_SPOT,to_label_4087,test,0.2,0.10857780612244898,0.04093245227531328,0.07864574149041359,0.04093245227531328,0.9999999995515695,0.07864573393371098,0.8954016775751298,0.8958665497431125,223,5225,0,44728
to_label_4087.jpg,PHOMOPSIS_LEAF_SPOT,to_label_4087,test,0.3,0.09693877551020408,0.04584703947274163,0.08767446431909427,0.04584703947274163,0.9999999995515695,0.0876744559342657,0.9070926671052647,0.9075055803553342,223,4641,0,45312
to_label_4087.jpg,PHOMOPSIS_LEAF_SPOT,to_label_4087,test,0.4,0.0875717474489796,0.05075102412265018,0.09659952349801604,0.05075102412265018,0.9999999995515695,0.0965995143025457,0.9165015114189008,0.9168726084165401,223,4171,0,45782
to_label_4087.jpg,PHOMOPSIS_LEAF_SPOT,to_label_4087,test,0.5,0.07916135204081633,0.05614300100563588,0.10631704409758481,0.05614300100563588,0.9999999995515695,0.10631703402851266,0.9249494524834846,0.9252830038246865,223,3749,0,46204
to_label_4087.jpg,PHOMOPSIS_LEAF_SPOT,to_label_4087,test,0.6,0.07112962372448979,0.06010623427285138,0.11339662446958343,0.060240963853733794,0.9641255601057733,0.11339661339666726,0.9328568854704765,0.9329958545899772,215,3354,8,46599
to_label_4087.jpg,PHOMOPSIS_LEAF_SPOT,to_label_4087,test,0.7,0.061643016581632654,0.044738500313650335,0.0856453558478394,0.045910119623475264,0.6367713001628829,0.08564534329982315,0.9409244689989772,0.9395727040797601,142,2951,81,47002
to_label_4087.jpg,PHOMOPSIS_LEAF_SPOT,to_label_4087,test,0.8,0.05606265943877551,0.04906703524363971,0.09354413701931673,0.050479914680039824,0.6367713001628829,0.0935441234048921,0.9465297379517816,0.9451530612226061,142,2671,81,47282
to_label_4087.jpg,PHOMOPSIS_LEAF_SPOT,to_label_4087,test,0.9,0.04532047193877551,0.06029723991251392,0.11373648377598172,0.06244503078001561,0.6367713001628829,0.11373646750514947,0.9573198806859301,0.9558952487225847,142,2132,81,47821
to_label_4117.jpg,PHOMOPSIS_LEAF_SPOT,to_label_4117,test,0.1,0.1758410395408163,0.02566361934105448,0.05004295532592307,0.02640825116143706,0.47648261748947185,0.05004294537433099,0.8271177571581558,0.8237005739779502,233,8590,256,41097
to_label_4117.jpg,PHOMOPSIS_LEAF_SPOT,to_label_4117,test,0.2,0.1643016581632653,0.02741176470555986,0.0533608152976828,0.028262979135998748,0.47648261748947185,0.05336080472525004,0.8387707046091759,0.8352399553554782,233,8011,256,41676
to_label_4117.jpg,PHOMOPSIS_LEAF_SPOT,to_label_4117,test,0.3,0.15692761479591838,0.028659286592513416,0.05572163099299627,0.029591059181742558,0.47648261748947185,0.055721619981755344,0.8462173204241629,0.8426139987228105,233,7641,256,42046
to_label_4117.jpg,PHOMOPSIS_LEAF_SPOT,to_label_4117,test,0.4,0.1511280293367347,0.02972317897653115,0.05773042616380413,0.03072662534576386,0.47648261748947185,0.05773041478111679,0.8520739831327065,0.8484135841819825,233,7350,256,42337
to_label_4117.jpg,PHOMOPSIS_LEAF_SPOT,to_label_4117,test,0.5,0.1458466198979592,0.030763137047388922,0.05969002177456526,0.03183930035485325,0.47648261748947185,0.05969001003123995,0.8574073701353323,0.8536949936207475,233,7085,256,42602
to_label_4117.jpg,PHOMOPSIS_LEAF_SPOT,to_label_4117,test,0.6,0.14012675382653061,0.031974749553561485,0.061968085105558936,0.033138956051299406,0.47648261748947185,0.061968072945109774,0.8631835288891195,0.8594148596921647,233,6798,256,42889
to_label_4117.jpg,PHOMOPSIS_LEAF_SPOT,to_label_4117,test,0.7,0.13351004464285715,0.03350107836040976,0.06483027267578144,0.03478131064286041,0.47648261748947185,0.06483025999448953,0.8698653571339185,0.866031568875825,233,6466,256,43221
to_label_4117.jpg,PHOMOPSIS_LEAF_SPOT,to_label_4117,test,0.8,0.12338568239795919,0.0361408407005407,0.06976047904087185,0.0376352770144139,0.47648261748947185,0.06976046547086481,0.8800893593880087,0.8761559311207028,233,5958,256,43729
to_label_4117.jpg,PHOMOPSIS_LEAF_SPOT,to_label_4117,test,0.9,0.10210060586734694,0.0433166015980049,0.08303635067564084,0.04548116337994376,0.47648261748947185,0.0830363347657136,0.9015839153080251,0.8974410076512727,233,4890,256,44797
to_label_4199.jpg,PHOMOPSIS_LEAF_SPOT,to_label_4199,test,0.1,0.0558235012755102,0.16303066037255218,0.28035487958731675,0.19742948946099861,0.48339160834935385,0.2803548384012809,0.9541523902737923,0.943419164538936,553,2248,591,46784
to_label_4199.jpg,PHOMOPSIS_LEAF_SPOT,to_label_4199,test,0.2,0.04278938137755102,0.1531184302679356,0.26557277422468634,0.20353982299936937,0.38199300695961597,0.2655727288608799,0.9651248164444339,0.9518295599470826,437,1710,707,47322
to_label_4199.jpg,PHOMOPSIS_LEAF_SPOT,to_label_4199,test,0.3,0.036033163265306124,0.13757225432995868,0.24186991869099358,0.19745575220146816,0.3120629370356588,0.2418698712125353,0.9704070810879213,0.9553970025491163,357,1451,787,47581
to_label_4199.jpg,PHOMOPSIS_LEAF_SPOT,to_label_4199,test,0.4,0.03067203443877551,0.1263643996588428,0.2243756988362141,0.19558154644603107,0.2631118880888888,0.22437564991159628,0.9747511828989747,0.9585259885184978,301,1238,843,47794
to_label_4199.jpg,PHOMOPSIS_LEAF_SPOT,to_label_4199,test,0.5,0.026028380102040817,0.11211983658138358,0.2016326530529946,0.1891271056516748,0.21590909089021773,0.2016326032633859,0.978401860007794,0.9610172193858398,247,1059,897,47973
to_label_4199.jpg,PHOMOPSIS_LEAF_SPOT,to_label_4199,test,0.6,0.0214046556122449,0.09476801578999171,0.1731289449876858,0.17877094970402505,0.16783216781749719,0.17312889502969614,0.9820117474282468,0.9634486607123656,192,882,952,48150
to_label_4199.jpg,PHOMOPSIS_LEAF_SPOT,to_label_4199,test,0.7,0.016183035714285716,0.06652126499092031,0.12474437627174108,0.15024630540021597,0.10664335663403467,0.12474432770586656,0.9859275575114498,0.9658801020388913,122,690,1022,48342
to_label_4199.jpg,PHOMOPSIS_LEAF_SPOT,to_label_4199,test,0.8,0.008510044642857142,0.020792722545757456,0.04073838319282378,0.07494145197308162,0.027972027969582862,0.04073834360518927,0.9919440365455378,0.9699657206613321,32,395,1112,48637
to_label_4199.jpg,PHOMOPSIS_LEAF_SPOT,to_label_4199,test,0.9,0.0,0.0,0.0,0.0,0.0,0.0,0.9999999999979605,0.9772002551000932,0,0,1144,49032
to_label_4319.jpg,PHOMOPSIS_LEAF_SPOT,to_label_4319,test,0.1,0.1171875,0.055243135956744245,0.10470219435572567,0.056802721087469345,0.6679999998664,0.10470217990847382,0.8883565504451075,0.8861607142839482,334,5546,166,44130
to_label_4319.jpg,PHOMOPSIS_LEAF_SPOT,to_label_4319,test,0.2,0.10949457908163265,0.057702488087917725,0.10910910910728881,0.05951947579068949,0.6539999998692,0.10910909381379147,0.8959859892082777,0.8935746173451579,327,5167,173,44509
to_label_4319.jpg,PHOMOPSIS_LEAF_SPOT,to_label_4319,test,0.3,0.10469148596938775,0.05928926532757707,0.11194159568725984,0.0612983057288921,0.6439999998711999,0.11194157981379148,0.9007367742956343,0.8981784119880059,322,4931,178,44745
to_label_4319.jpg,PHOMOPSIS_LEAF_SPOT,to_label_4319,test,0.4,0.10086495535714286,0.060045749141058986,0.11328897680069612,0.06224066389918513,0.629999999874,0.11328896043311347,0.9044609066734349,0.9017259247431009,315,4746,185,44930
to_label_4319.jpg,PHOMOPSIS_LEAF_SPOT,to_label_4319,test,0.5,0.09701849489795919,0.06045041485459403,0.11400894187567048,0.06285949054924282,0.6119999998776,0.11400892497981888,0.9081649086059502,0.9052136479573796,306,4562,194,45114
to_label_4319.jpg,PHOMOPSIS_LEAF_SPOT,to_label_4319,test,0.6,0.09341119260204081,0.05986922762444076,0.11297474455151389,0.06251333475437351,0.5859999998827999,0.11297472712876466,0.9115468234138989,0.9083027742328836,293,4394,207,45282
to_label_4319.jpg,PHOMOPSIS_LEAF_SPOT,to_label_4319,test,0.7,0.08898676658163265,0.05705769640074393,0.10795568982662727,0.060022396415229065,0.5359999998928,0.10795567171176583,0.9155125211351246,0.9117307079063461,268,4197,232,45479
to_label_4319.jpg,PHOMOPSIS_LEAF_SPOT,to_label_4319,test,0.8,0.08237005739795919,0.05199818346839241,0.09885603280598196,0.05540769416754397,0.45799999990839996,0.09885601354897249,0.9214107416037495,0.9167928890287851,229,3904,271,45772
to_label_4319.jpg,PHOMOPSIS_LEAF_SPOT,to_label_4319,test,0.9,0.06975446428571429,0.05235464351348712,0.09949999999751251,0.05685714285551837,0.39799999992039997,0.09949997812002982,0.9335494001108512,0.9282126913246806,199,3301,301,46375
to_label_4408.jpg,PHOMOPSIS_LEAF_SPOT,to_label_4408,test,0.1,0.06756218112244898,0.07705008255153963,0.14307613694064703,0.08259587020405322,0.5343511449361925,0.14307611374600263,0.9373640538126614,0.9331552933654872,280,3110,244,46542
to_label_4408.jpg,PHOMOPSIS_LEAF_SPOT,to_label_4408,test,0.2,0.061623086734693876,0.08166317678487398,0.1509955752170632,0.08829236739688576,0.5209923663127878,0.15099555043045945,0.943224844918748,0.9388153698960882,273,2819,251,46833
to_label_4408.jpg,PHOMOPSIS_LEAF_SPOT,to_label_4408,test,0.3,0.058095503826530615,0.08451592557286296,0.1558592614086694,0.0919382504256625,0.5114503815817844,0.15585923557348236,0.9466889551257821,0.942143654334857,268,2647,256,47005
to_label_4408.jpg,PHOMOPSIS_LEAF_SPOT,to_label_4408,test,0.4,0.05524553571428571,0.08563899867965616,0.15776699028647553,0.09379509379171014,0.4961832060121788,0.15776696354054207,0.9494078788347913,0.9446747448960765,260,2512,264,47140
to_label_4408.jpg,PHOMOPSIS_LEAF_SPOT,to_label_4408,test,0.5,0.05249521683673469,0.08746556473528011,0.16086130461808545,0.0964312832157771,0.48473282433497467,0.16086127693384308,0.9520663820169337,0.9471859056103572,254,2380,270,47272
to_label_4408.jpg,PHOMOPSIS_LEAF_SPOT,to_label_4408,test,0.6,0.049904336734693876,0.08881697230892424,0.16314398942658045,0.09864217252002229,0.4713740457115699,0.16314396080025947,0.9545436236184754,0.9494977678552505,247,2257,277,47395
to_label_4408.jpg,PHOMOPSIS_LEAF_SPOT,to_label_4408,test,0.7,0.04649633290816327,0.09045801526372298,0.16590829540896368,0.10158594084433838,0.45229007624956297,0.1659082654491127,0.9577861918936643,0.9525071747429996,237,2096,287,47556
to_label_4408.jpg,PHOMOPSIS_LEAF_SPOT,to_label_4408,test,0.8,0.04181281887755102,0.09615384614982635,0.17543859648453705,0.10962821734463164,0.4389312976261582,0.17543856449616319,0.9623781519355467,0.9569116709164602,230,1868,294,47784
to_label_4408.jpg,PHOMOPSIS_LEAF_SPOT,to_label_4408,test,0.9,0.03260522959183673,0.10939907549515156,0.19722222221309157,0.13019559901404673,0.4064885495407465,0.19722218545568246,0.971340530087466,0.9654416454062391,213,1423,311,48229
