filename,class_name,threshold,pred_area,iou,dice,precision,recall,f1,pixel_accuracy,specificity,tp,fp,fn,tn
to_label_134.jpg,ALGAL_LEAF_SPOT,0.1,0.020926339285714284,0.13568281937130547,0.2389449185229678,0.1466666666526984,0.6443514641655433,0.23894488829717248,0.9804488201511072,0.9820573923123495,154,896,85,49041
to_label_134.jpg,ALGAL_LEAF_SPOT,0.2,0.014449139030612245,0.1886559802480079,0.31742738585918806,0.2110344827295125,0.6401673637488839,0.317427348534594,0.9868861607123188,0.9885455674129632,153,572,86,49365
to_label_134.jpg,ALGAL_LEAF_SPOT,0.3,0.011160714285714286,0.23684210522649504,0.3829787233563231,0.2732142856654975,0.6401673637488839,0.3829786813786366,0.9901745854572103,0.9918497306586462,153,407,86,49530
to_label_134.jpg,ALGAL_LEAF_SPOT,0.4,0.008848852040816327,0.2886792452285511,0.448023425995897,0.34459459451698315,0.6401673637488839,0.4480233804346987,0.9924864477021036,0.9941726575465203,153,291,86,49646
to_label_134.jpg,ALGAL_LEAF_SPOT,0.5,0.006576849489795918,0.3547619046774376,0.5237258347058479,0.4515151513783287,0.6234309620822465,0.5237257858926846,0.9945990114776097,0.9963754330436422,149,181,90,49756
to_label_134.jpg,ALGAL_LEAF_SPOT,0.6,0.004763233418367347,0.3775216137240571,0.5481171546970466,0.5481171545823778,0.5481171545823778,0.5481171045823823,0.9956951530592401,0.9978372749644595,131,108,108,49829
to_label_134.jpg,ALGAL_LEAF_SPOT,0.7,0.0030691964285714285,0.34589041084044847,0.5139949108106883,0.655844155418283,0.4225941420825966,0.5139948630188649,0.9961933992327084,0.9989386627130206,101,53,138,49884
to_label_134.jpg,ALGAL_LEAF_SPOT,0.8,0.0001793686224489796,0.03765690374993435,0.07258064513202393,0.9999999888888891,0.03765690374993435,0.07258063810809112,0.9954161352020978,0.9999999999979975,9,0,230,49937
to_label_134.jpg,ALGAL_LEAF_SPOT,0.9,0.0,0.0,0.0,0.0,0.0,0.0,0.9952367665796491,0.9999999999979975,0,0,239,49937
to_label_177.jpg,ALGAL_LEAF_SPOT,0.1,0.14006696428571427,0.038511076764058336,0.07416594319640127,0.04254410927657166,0.2888888888609769,0.0741659208181318,0.8512236926003444,0.8630674996421256,299,6729,736,42412
to_label_177.jpg,ALGAL_LEAF_SPOT,0.2,0.08996332908163265,0.04461596385458178,0.08542079653837771,0.05250332299396315,0.2289855072242526,0.08542076619077943,0.8988560267839228,0.9129647341305367,237,4277,798,44864
to_label_177.jpg,ALGAL_LEAF_SPOT,0.3,0.05998883928571429,0.04603051460961907,0.08800988874936935,0.05913621262262006,0.1719806763118859,0.08800985066696021,0.9264787946410107,0.9423699151402243,178,2832,857,46309
to_label_177.jpg,ALGAL_LEAF_SPOT,0.4,0.03832509566326531,0.02672683096054402,0.05206220419026159,0.04004160166198432,0.07439613525851245,0.052062158694628546,0.9441167091817918,0.9624346268880112,77,1846,958,47295
to_label_177.jpg,ALGAL_LEAF_SPOT,0.5,0.027503188775510203,0.012154233025475514,0.024016563146003457,0.0210144927521004,0.0280193236687904,0.02401651416551703,0.9530253507634068,0.9725076819743748,29,1351,1006,47790
to_label_177.jpg,ALGAL_LEAF_SPOT,0.6,0.021185427295918366,0.005270723526340646,0.010486177311225637,0.010348071494793219,0.010628019322644636,0.010486127319869984,0.9586256377531915,0.978592214238663,11,1052,1024,48089
to_label_177.jpg,ALGAL_LEAF_SPOT,0.7,0.015365911989795918,0.005567928730202231,0.01107419712009556,0.012970168610509706,0.00966183574785876,0.011074148188119455,0.9644052933654249,0.9845139496530707,10,761,1025,48380
to_label_177.jpg,ALGAL_LEAF_SPOT,0.8,0.0031887755102040817,0.0033585222499279157,0.006694560668895852,0.024999999984375,0.0038647342991435037,0.006694537475544706,0.9763432716817276,0.9968254614252928,4,156,1031,48985
to_label_177.jpg,ALGAL_LEAF_SPOT,0.9,0.0,0.0,0.0,0.0,0.0,0.0,0.9793726084164155,0.9999999999979651,0,0,1035,49141
to_label_19.jpg,ALGAL_LEAF_SPOT,0.1,0.013771524234693877,0.0,0.0,0.0,0.0,0.0,0.9678132971919488,0.9859701128868148,0,691,924,48561
to_label_19.jpg,ALGAL_LEAF_SPOT,0.2,0.01078204719387755,0.0,0.0,0.0,0.0,0.0,0.9708027742327591,0.9890156744883679,0,541,924,48711
to_label_19.jpg,ALGAL_LEAF_SPOT,0.3,0.00922751913265306,0.0,0.0,0.0,0.0,0.0,0.9723573022939804,0.9905993665211755,0,463,924,48789
to_label_19.jpg,ALGAL_LEAF_SPOT,0.4,0.007872289540816327,0.0,0.0,0.0,0.0,0.0,0.9737125318858145,0.9919800211138796,0,395,924,48857
to_label_19.jpg,ALGAL_LEAF_SPOT,0.5,0.00705516581632653,0.0,0.0,0.0,0.0,0.0,0.9745296556103027,0.9928124746183042,0,354,924,48898
to_label_19.jpg,ALGAL_LEAF_SPOT,0.6,0.00607860331632653,0.0,0.0,0.0,0.0,0.0,0.9755062181103007,0.9938073580748116,0,305,924,48947
to_label_19.jpg,ALGAL_LEAF_SPOT,0.7,0.004962531887755102,0.0,0.0,0.0,0.0,0.0,0.9766222895388699,0.9949443677393914,0,249,924,49003
to_label_19.jpg,ALGAL_LEAF_SPOT,0.8,0.0033880739795918366,0.0,0.0,0.0,0.0,0.0,0.97819674744703,0.9965483635162093,0,170,924,49082
to_label_19.jpg,ALGAL_LEAF_SPOT,0.9,0.0005978954081632653,0.0,0.0,0.0,0.0,0.0,0.980986926018453,0.9993908876776589,0,30,924,49222
to_label_197.jpg,ALGAL_LEAF_SPOT,0.1,1.992984693877551e-05,0.0,0.0,0.0,0.0,0.0,0.9904336734674138,0.9999798780590378,0,1,479,49696
to_label_197.jpg,ALGAL_LEAF_SPOT,0.2,0.0,0.0,0.0,0.0,0.0,0.0,0.9904536033143525,0.9999999999979878,0,0,479,49697
to_label_197.jpg,ALGAL_LEAF_SPOT,0.3,0.0,0.0,0.0,0.0,0.0,0.0,0.9904536033143525,0.9999999999979878,0,0,479,49697
to_label_197.jpg,ALGAL_LEAF_SPOT,0.4,0.0,0.0,0.0,0.0,0.0,0.0,0.9904536033143525,0.9999999999979878,0,0,479,49697
to_label_197.jpg,ALGAL_LEAF_SPOT,0.5,0.0,0.0,0.0,0.0,0.0,0.0,0.9904536033143525,0.9999999999979878,0,0,479,49697
to_label_197.jpg,ALGAL_LEAF_SPOT,0.6,0.0,0.0,0.0,0.0,0.0,0.0,0.9904536033143525,0.9999999999979878,0,0,479,49697
to_label_197.jpg,ALGAL_LEAF_SPOT,0.7,0.0,0.0,0.0,0.0,0.0,0.0,0.9904536033143525,0.9999999999979878,0,0,479,49697
to_label_197.jpg,ALGAL_LEAF_SPOT,0.8,0.0,0.0,0.0,0.0,0.0,0.0,0.9904536033143525,0.9999999999979878,0,0,479,49697
to_label_197.jpg,ALGAL_LEAF_SPOT,0.9,0.0,0.0,0.0,0.0,0.0,0.0,0.9904536033143525,0.9999999999979878,0,0,479,49697
to_label_199.jpg,ALGAL_LEAF_SPOT,0.1,0.05992904974489796,0.03355319759009025,0.06492785793382554,0.03890921183774828,0.19597989946466,0.06492783029011673,0.9328364158144674,0.9417091913896172,117,2890,480,46689
to_label_199.jpg,ALGAL_LEAF_SPOT,0.2,0.04707429846938776,0.03933965577663015,0.07570125041988168,0.04741744284303906,0.18760469008582836,0.07570121820707264,0.9454918686205647,0.9546178825693244,112,2250,485,47329
to_label_199.jpg,ALGAL_LEAF_SPOT,0.3,0.03888313137755102,0.04340704340526589,0.08320251177067495,0.054331112247343355,0.17755443883123043,0.08320247588657285,0.9534438775491202,0.962786663706483,106,1845,491,47734
to_label_199.jpg,ALGAL_LEAF_SPOT,0.4,0.032106983418367346,0.04495977283270423,0.08605072463378394,0.058969584105588474,0.15912897819780086,0.08605068517493375,0.9597815688756381,0.9694225377660513,95,1516,502,48063
to_label_199.jpg,ALGAL_LEAF_SPOT,0.5,0.025629783163265307,0.044950055491401214,0.08603292617705613,0.06298600310552208,0.1356783919370723,0.08603288286684965,0.9657007334164427,0.9756953548861903,81,1205,516,48374
to_label_199.jpg,ALGAL_LEAF_SPOT,0.6,0.017916932397959183,0.04908835904284092,0.09358288769427921,0.07786429365096059,0.11725293130364273,0.09358283972565656,0.9729751275490812,0.9832792109542684,70,829,527,48750
to_label_199.jpg,ALGAL_LEAF_SPOT,0.7,0.009765625,0.054316197860881064,0.10303587855537848,0.11428571426239066,0.09380234504291418,0.10303582903040628,0.9805683992327396,0.991246293791744,56,434,541,49145
to_label_199.jpg,ALGAL_LEAF_SPOT,0.8,0.0021125637755102043,0.047690014896022356,0.09103840681493053,0.3018867921680313,0.05360134002452239,0.09103838119257956,0.9872648278041548,0.9985074325803294,32,74,565,49505
to_label_199.jpg,ALGAL_LEAF_SPOT,0.9,0.0,0.0,0.0,0.0,0.0,0.0,0.9881018813755817,0.999999999997983,0,0,597,49579
to_label_20.jpg,ALGAL_LEAF_SPOT,0.1,0.08087531887755102,0.13823805060702535,0.2428983120592439,0.21808772793942613,0.27407866211600873,0.24289826270303572,0.8900470344370016,0.9324131467379547,885,3173,2344,43774
to_label_20.jpg,ALGAL_LEAF_SPOT,0.2,0.0633968431122449,0.1341118188228218,0.2365054602147191,0.2382898459528988,0.23474759986885266,0.23650541021384378,0.9024633290798341,0.9483886084287635,758,2423,2471,44524
to_label_20.jpg,ALGAL_LEAF_SPOT,0.3,0.05424904336734694,0.13158395131904196,0.23256595529772198,0.25422483467104245,0.21430783523647237,0.23256590565674046,0.9089803890288006,0.9567597503547474,692,2030,2537,44917
to_label_20.jpg,ALGAL_LEAF_SPOT,0.4,0.047572544642857144,0.12545090180109317,0.2229344729305033,0.2622538751461142,0.19386807060409206,0.22293442405047628,0.913026147957364,0.9624896159478508,626,1761,2603,45186
to_label_20.jpg,ALGAL_LEAF_SPOT,0.5,0.04141422193877551,0.11397984886410623,0.20463538722056462,0.2613089509017657,0.1681635181118562,0.20463533956863939,0.9158761160696033,0.9673035550706812,543,1535,2686,45412
to_label_20.jpg,ALGAL_LEAF_SPOT,0.6,0.03599330357142857,0.10150951651495276,0.18430983117806735,0.25692137318621694,0.14369773923370402,0.18430978516816804,0.9181481186206191,0.971414573879116,464,1342,2765,45605
to_label_20.jpg,ALGAL_LEAF_SPOT,0.7,0.02822066326530612,0.08680393074200272,0.1597416576930088,0.2620056496990109,0.11489625270625903,0.1597416153067603,0.9222138073961212,0.9777408567086763,371,1045,2858,45902
to_label_20.jpg,ALGAL_LEAF_SPOT,0.8,0.019909917091836735,0.06633039091888196,0.12440870387596006,0.26326326323691057,0.08144936512600033,0.12440866778247213,0.9262197066308071,0.9843227469252895,263,736,2966,46211
to_label_20.jpg,ALGAL_LEAF_SPOT,0.9,0.004902742346938775,0.008415554265571227,0.016690647481534083,0.11788617881386741,0.008981108702106501,0.016690634325074286,0.9318997130083468,0.9953777664153293,29,217,3200,46730
to_label_21.jpg,ALGAL_LEAF_SPOT,0.1,0.040318080357142856,0.14561170212281876,0.25420777712553083,0.21651013345444833,0.3078004216227828,0.2542077286339634,0.948780293365456,0.9674891801510317,438,1585,985,47168
to_label_21.jpg,ALGAL_LEAF_SPOT,0.2,0.024294483418367346,0.15826391932668726,0.27327781982311594,0.2961443806155747,0.25368938859777307,0.2732777701108833,0.9617346938756343,0.9824010830082612,361,858,1062,47895
to_label_21.jpg,ALGAL_LEAF_SPOT,0.3,0.016721141581632654,0.1470588235219544,0.2564102563989209,0.34564958279551256,0.20379479970458222,0.25641020972040335,0.9664779974470534,0.9887391545115404,290,549,1133,48204
to_label_21.jpg,ALGAL_LEAF_SPOT,0.4,0.012057557397959183,0.12791991100512123,0.22682445758250372,0.3801652891933611,0.1616303583863928,0.22682441570601128,0.9687499999980693,0.9923081656493091,230,375,1193,48378
to_label_21.jpg,ALGAL_LEAF_SPOT,0.5,0.008769132653061224,0.0978196817856323,0.1782071926903807,0.37727272718698346,0.11665495431365741,0.17820715660121006,0.9694874043348025,0.9943798330338761,166,274,1257,48479
to_label_21.jpg,ALGAL_LEAF_SPOT,0.6,0.006317761479591837,0.08343711082917576,0.15402298849689522,0.42271293362059525,0.09416725227728971,0.15402295868946275,0.9706632653041879,0.9962463848358126,134,183,1289,48570
to_label_21.jpg,ALGAL_LEAF_SPOT,0.7,0.00408561862244898,0.06614276358440453,0.12407862407100254,0.4926829265889352,0.07097680955228554,0.1240786020503483,0.9715800382633698,0.9978667979385928,101,104,1322,48649
to_label_21.jpg,ALGAL_LEAF_SPOT,0.8,0.0016940369897959183,0.04359861591393781,0.08355437665228418,0.741176469716263,0.044272663384098895,0.08355436600896152,0.9724569515286742,0.9995487457161619,63,22,1360,48731
to_label_21.jpg,ALGAL_LEAF_SPOT,0.9,0.0004185267857142857,0.014757554461366298,0.02908587257416303,0.9999999952380952,0.014757554461366298,0.029085869705861175,0.9720583545898994,0.9999999999979489,21,0,1402,48753
to_label_221.jpg,ALGAL_LEAF_SPOT,0.1,0.0419921875,0.0,0.0,0.0,0.0,0.0,0.9458705357124005,0.9574918796760798,0,2107,609,47460
to_label_221.jpg,ALGAL_LEAF_SPOT,0.2,0.02871890943877551,0.0,0.0,0.0,0.0,0.0,0.9591438137735986,0.9709282385438478,0,1441,609,48126
to_label_221.jpg,ALGAL_LEAF_SPOT,0.3,0.02166374362244898,0.0,0.0,0.0,0.0,0.0,0.9661989795899111,0.9780700869510398,0,1087,609,48480
to_label_221.jpg,ALGAL_LEAF_SPOT,0.4,0.017378826530612245,0.0,0.0,0.0,0.0,0.0,0.9704838966817393,0.9824076502491932,0,872,609,48695
to_label_221.jpg,ALGAL_LEAF_SPOT,0.5,0.01385124362244898,0.0,0.0,0.0,0.0,0.0,0.9740114795898955,0.9859785744527891,0,695,609,48872
to_label_221.jpg,ALGAL_LEAF_SPOT,0.6,0.010443239795918368,0.0,0.0,0.0,0.0,0.0,0.9774194834164194,0.9894284503782972,0,524,609,49043
to_label_221.jpg,ALGAL_LEAF_SPOT,0.7,0.006756218112244898,0.0,0.0,0.0,0.0,0.0,0.9811065051000855,0.9931607722860105,0,339,609,49228
to_label_221.jpg,ALGAL_LEAF_SPOT,0.8,0.001096141581632653,0.0,0.0,0.0,0.0,0.0,0.9867665816306864,0.9988903907821759,0,55,609,49512
to_label_221.jpg,ALGAL_LEAF_SPOT,0.9,0.0,0.0,0.0,0.0,0.0,0.0,0.9878627232123169,0.9999999999979825,0,0,609,49567
to_label_24.jpg,ALGAL_LEAF_SPOT,0.1,0.022341358418367346,0.10279870828294947,0.18643240604263386,0.17038358606865445,0.20581896549506262,0.1864323564771577,0.9667769451511344,0.9811159844034659,191,930,737,48318
to_label_24.jpg,ALGAL_LEAF_SPOT,0.2,0.00839046556122449,0.07063492062931469,0.13194959228080433,0.21140142512793314,0.0959051724034585,0.13194954933359493,0.9766621492327474,0.9932586094846628,89,332,839,48916
to_label_24.jpg,ALGAL_LEAF_SPOT,0.3,0.00408561862244898,0.024412296561988036,0.04766107678308375,0.13170731700892327,0.029094827583071678,0.04766104713931775,0.9784956951511111,0.9963856400239677,27,178,901,49070
to_label_24.jpg,ALGAL_LEAF_SPOT,0.4,0.0028300382653061226,0.005639097743830912,0.01121495326997991,0.042253521097004566,0.006465517240682595,0.011214930249326653,0.9789142219368245,0.9972384665346872,6,136,922,49112
to_label_24.jpg,ALGAL_LEAF_SPOT,0.5,0.0020129145408163264,0.0,0.0,0.0,0.0,0.0,0.9794921874980479,0.9979491552936202,0,101,928,49147
to_label_24.jpg,ALGAL_LEAF_SPOT,0.6,0.0012356505102040817,0.0,0.0,0.0,0.0,0.0,0.9802694515286585,0.9987410656250025,0,62,928,49186
to_label_24.jpg,ALGAL_LEAF_SPOT,0.7,0.0004185267857142857,0.0,0.0,0.0,0.0,0.0,0.9810865752531467,0.9995735867426097,0,21,928,49227
to_label_24.jpg,ALGAL_LEAF_SPOT,0.8,0.0,0.0,0.0,0.0,0.0,0.0,0.9815051020388602,0.9999999999979694,0,0,928,49248
to_label_24.jpg,ALGAL_LEAF_SPOT,0.9,0.0,0.0,0.0,0.0,0.0,0.0,0.9815051020388602,0.9999999999979694,0,0,928,49248
to_label_26.jpg,ALGAL_LEAF_SPOT,0.1,0.08512037627551021,0.0743567378963289,0.13842094580599917,0.07984078669913743,0.5198170730914913,0.13842092271987308,0.9153977997430736,0.9206381260078339,341,3930,315,45590
to_label_26.jpg,ALGAL_LEAF_SPOT,0.2,0.0723453443877551,0.08095838587437684,0.14979001399557187,0.08842975206367963,0.4893292682180901,0.1497899880660451,0.9273756377532538,0.9331785137299411,321,3309,335,46211
to_label_26.jpg,ALGAL_LEAF_SPOT,0.3,0.06505102040816327,0.08257387461799023,0.15255102040427165,0.0916053921540562,0.4557926828573487,0.15255099253199697,0.9337930484675268,0.9401252019367121,299,2965,357,46555
to_label_26.jpg,ALGAL_LEAF_SPOT,0.4,0.05905213647959184,0.08385744234549694,0.15473887813885773,0.09449881876157615,0.4268292682276175,0.15473884845291852,0.9390345982124142,0.9458198707573792,280,2683,376,46837
to_label_26.jpg,ALGAL_LEAF_SPOT,0.5,0.0545280612244898,0.08683114386136395,0.15978773584434589,0.09904970759871895,0.41310975603458694,0.15978770464081607,0.94319993622261,0.9502221324698097,271,2465,385,47055
to_label_26.jpg,ALGAL_LEAF_SPOT,0.6,0.049685108418367346,0.08773747840802289,0.1613210542978304,0.10188527877649879,0.3871951218921959,0.16132102130814682,0.9473652742328058,0.9547859450707697,254,2239,402,47281
to_label_26.jpg,ALGAL_LEAF_SPOT,0.7,0.042669802295918366,0.08790353947538299,0.16160171611864135,0.10555815039208043,0.34451219506943415,0.1616016802069921,0.9532645089266716,0.961328756056217,226,1915,430,47605
to_label_26.jpg,ALGAL_LEAF_SPOT,0.8,0.033522002551020405,0.08946877911978245,0.16424294267903153,0.11414982163411713,0.292682926784652,0.16424290230089514,0.9610570790797173,0.9699111470093499,192,1490,464,48030
to_label_26.jpg,ALGAL_LEAF_SPOT,0.9,0.018674266581632654,0.08588957054629245,0.15819209038554977,0.1344717182353819,0.19207317070242788,0.15819204193142458,0.9732740752531623,0.9836227786732964,126,811,530,48709
to_label_32.jpg,ALGAL_LEAF_SPOT,0.1,0.29765226403061223,0.10157348510142904,0.1844152686592243,0.10157348510142904,0.9999999999340804,0.1844152519170276,0.7325813137740502,0.7242442302539628,1517,13418,0,35241
to_label_32.jpg,ALGAL_LEAF_SPOT,0.2,0.2711654974489796,0.1102709052190715,0.1986378364068066,0.11039247390775839,0.9901120632175272,0.19863781835578848,0.758470184947468,0.7512484843487305,1502,12104,15,36555
to_label_32.jpg,ALGAL_LEAF_SPOT,0.3,0.25534119897959184,0.1134509285871983,0.2037825389056893,0.11395566656170811,0.9624258404111782,0.20378251997208377,0.7726203762739704,0.766702973754564,1460,11352,57,37307
to_label_32.jpg,ALGAL_LEAF_SPOT,0.4,0.24260602678571427,0.1137325089479846,0.2042366691000421,0.11484432760934161,0.9215557019827583,0.2042366493921971,0.7828842474474194,0.7785610061843059,1398,10775,119,37884
to_label_32.jpg,ALGAL_LEAF_SPOT,0.5,0.2303890306122449,0.11293617021180478,0.2029517473411107,0.11479238754225958,0.8747528015244065,0.2029517268299621,0.7922712053555638,0.7896997472188296,1327,10233,190,38426
to_label_32.jpg,ALGAL_LEAF_SPOT,0.6,0.21697624362244897,0.11067335243453909,0.1992905514334143,0.11352989804249536,0.8147659854439837,0.19929052996338,0.8020567602024832,0.8016605355621742,1236,9651,281,39008
to_label_32.jpg,ALGAL_LEAF_SPOT,0.7,0.19899952168367346,0.11119698579739931,0.20013910624065256,0.1152729093628916,0.7587343440501823,0.200139083339894,0.8166454081616378,0.8184508518448418,1151,8834,366,39825
to_label_32.jpg,ALGAL_LEAF_SPOT,0.8,0.169921875,0.10886607044154945,0.19635567061439455,0.11564625850204495,0.649967040168097,0.19635564496559582,0.8391462053554705,0.8450440822851989,986,7540,531,41119
to_label_32.jpg,ALGAL_LEAF_SPOT,0.9,0.09235491071428571,0.09565372283406388,0.17460575515892365,0.11588260681666201,0.3539881344526046,0.17460571799571245,0.8988161670900454,0.9158018043919608,537,4097,980,44562
to_label_33.jpg,ALGAL_LEAF_SPOT,0.1,0.010602678571428572,0.11855203619373068,0.21197411002378747,0.4924812029149472,0.13505154638479117,0.21197407623624615,0.9611766581613497,0.9944025209366564,262,270,1678,47966
to_label_33.jpg,ALGAL_LEAF_SPOT,0.2,0.009566326530612245,0.11675126903014531,0.209090909082269,0.5270833332235243,0.13041237112729834,0.20909087727252723,0.9618542729572667,0.9952939713056735,253,227,1687,48009
to_label_33.jpg,ALGAL_LEAF_SPOT,0.3,0.00896843112244898,0.11682242990108307,0.20920502091174875,0.5555555554320988,0.1288659793748007,0.2092049903363081,0.9623325892837964,0.9958537192118005,250,200,1690,48036
to_label_33.jpg,ALGAL_LEAF_SPOT,0.4,0.008649553571428572,0.1161259990542489,0.20808761582948243,0.5691244238319989,0.1273195876223031,0.20808758594213644,0.9625318877531838,0.9961232274628988,247,187,1693,48049
to_label_33.jpg,ALGAL_LEAF_SPOT,0.5,0.008330676020408163,0.1143667296732341,0.20525869379960737,0.5789473682825484,0.12474226803480709,0.20525866462198294,0.9626514668348162,0.9963512729061358,242,176,1698,48060
to_label_33.jpg,ALGAL_LEAF_SPOT,0.6,0.007772640306122449,0.11376673039609146,0.20429184548479434,0.6102564100999343,0.12268041236481028,0.20429181760298046,0.9630500637735908,0.9968488266004709,238,152,1702,48084
to_label_33.jpg,ALGAL_LEAF_SPOT,0.7,0.007453762755102041,0.1108977436336583,0.19965427829733562,0.6176470586583831,0.11907216494231586,0.19965425118825392,0.9630899234674684,0.9970354092358465,231,143,1709,48093
to_label_33.jpg,ALGAL_LEAF_SPOT,0.8,0.006875797193877551,0.10922330096557169,0.19693654266096558,0.6521739128544423,0.11597938143732064,0.1969365170146886,0.9634287308654268,0.9975122315262511,225,120,1715,48116
to_label_33.jpg,ALGAL_LEAF_SPOT,0.9,0.006058673469387755,0.1037875061434438,0.18805704098983705,0.6940789471401055,0.10876288659233181,0.188057017557538,0.9636878188756304,0.9980719794323781,211,93,1729,48143
to_label_339.jpg,ALGAL_LEAF_SPOT,0.1,1.992984693877551e-05,0.0,0.0,0.0,0.0,0.0,0.9767219387735636,0.9999795955824441,0,1,1167,49008
to_label_339.jpg,ALGAL_LEAF_SPOT,0.2,0.0,0.0,0.0,0.0,0.0,0.0,0.9767418686205024,0.9999999999979595,0,0,1167,49009
to_label_339.jpg,ALGAL_LEAF_SPOT,0.3,0.0,0.0,0.0,0.0,0.0,0.0,0.9767418686205024,0.9999999999979595,0,0,1167,49009
to_label_339.jpg,ALGAL_LEAF_SPOT,0.4,0.0,0.0,0.0,0.0,0.0,0.0,0.9767418686205024,0.9999999999979595,0,0,1167,49009
to_label_339.jpg,ALGAL_LEAF_SPOT,0.5,0.0,0.0,0.0,0.0,0.0,0.0,0.9767418686205024,0.9999999999979595,0,0,1167,49009
to_label_339.jpg,ALGAL_LEAF_SPOT,0.6,0.0,0.0,0.0,0.0,0.0,0.0,0.9767418686205024,0.9999999999979595,0,0,1167,49009
to_label_339.jpg,ALGAL_LEAF_SPOT,0.7,0.0,0.0,0.0,0.0,0.0,0.0,0.9767418686205024,0.9999999999979595,0,0,1167,49009
to_label_339.jpg,ALGAL_LEAF_SPOT,0.8,0.0,0.0,0.0,0.0,0.0,0.0,0.9767418686205024,0.9999999999979595,0,0,1167,49009
to_label_339.jpg,ALGAL_LEAF_SPOT,0.9,0.0,0.0,0.0,0.0,0.0,0.0,0.9767418686205024,0.9999999999979595,0,0,1167,49009
to_label_36.jpg,ALGAL_LEAF_SPOT,0.1,0.06698421556122448,0.14097258147591898,0.24710949897422105,0.16215412079255717,0.5190476189981859,0.24710946269310052,0.9338129783144654,0.94267801164161,545,2816,505,46310
to_label_36.jpg,ALGAL_LEAF_SPOT,0.2,0.05014349489795918,0.15255332901898666,0.26472237800715864,0.18759936406249605,0.4495238094809977,0.2647223364501028,0.9477439413246418,0.9583927044722583,472,2044,578,47082
to_label_36.jpg,ALGAL_LEAF_SPOT,0.3,0.04007892219387755,0.15465861938307587,0.2678863116541037,0.20387866731954854,0.3904761904390022,0.26788626657358006,0.9553372130083001,0.9674103326121251,410,1601,640,47525
to_label_36.jpg,ALGAL_LEAF_SPOT,0.4,0.03284438775510204,0.1524989320737933,0.2646404744156916,0.2166262135790882,0.33999999996761904,0.2646404268622314,0.9604591836715551,0.973720636728059,357,1291,693,47835
to_label_36.jpg,ALGAL_LEAF_SPOT,0.5,0.025988520408163265,0.13884857280411958,0.2438402718672965,0.22009202452299906,0.2733333333073016,0.24384022243908404,0.9645248724470573,0.9792981313337554,287,1017,763,48109
to_label_36.jpg,ALGAL_LEAF_SPOT,0.6,0.02028858418367347,0.12513601740342023,0.22243713731999823,0.22593320233537004,0.21904761902675735,0.22243708732122536,0.9679528061205198,0.983959614051655,230,788,820,48338
to_label_36.jpg,ALGAL_LEAF_SPOT,0.7,0.013592155612244899,0.10954516334980492,0.19745958428421134,0.25073313779314765,0.16285714284163263,0.1974595365300213,0.9722975127531642,0.9895981761165379,171,511,879,48615
to_label_36.jpg,ALGAL_LEAF_SPOT,0.8,0.002311862244897959,0.04950495049059361,0.09433962263341855,0.47413793062574316,0.05238095237596371,0.09433960470771678,0.978954081630702,0.9987582949945064,55,61,995,49065
to_label_36.jpg,ALGAL_LEAF_SPOT,0.9,0.0,0.0,0.0,0.0,0.0,0.0,0.9790736607123344,0.9999999999979644,0,0,1050,49126
to_label_361.jpg,ALGAL_LEAF_SPOT,0.1,0.24940210459183673,0.020026597825079977,0.03926681493949485,0.02045708806120779,0.48761904752616786,0.03926680721066555,0.7503388073964637,0.753116754948031,256,12258,269,37393
to_label_361.jpg,ALGAL_LEAF_SPOT,0.2,0.21609933035714285,0.02010050251238244,0.039408866994727225,0.020658489347775904,0.42666666658539687,0.039408858184489665,0.7823660714270122,0.7861271676284745,224,10619,301,39032
to_label_361.jpg,ALGAL_LEAF_SPOT,0.3,0.19820232780612246,0.021862190122761443,0.04278892072547479,0.022523881347184273,0.42666666658539687,0.04278891119928438,0.8002630739779969,0.8042134095973813,224,9721,301,39930
to_label_361.jpg,ALGAL_LEAF_SPOT,0.4,0.18331473214285715,0.023581429623922713,0.046076313894414515,0.024353120243266434,0.42666666658539687,0.046076303677913516,0.8151506696412325,0.8192584237964607,224,8974,301,40677
to_label_361.jpg,ALGAL_LEAF_SPOT,0.5,0.1702606823979592,0.024864376129917896,0.04852227613532727,0.025752077724151324,0.41904761896780046,0.04852226522600209,0.8280452806105946,0.8323699421948554,220,8323,305,41328
to_label_361.jpg,ALGAL_LEAF_SPOT,0.6,0.15850207270408162,0.024407926534262832,0.04765274828912888,0.02539922041964794,0.3847619046886168,0.047652736670513875,0.8390864158146543,0.8438903546739362,202,7751,323,41900
to_label_361.jpg,ALGAL_LEAF_SPOT,0.7,0.1438934948979592,0.023929138021894114,0.04673983214917057,0.02506925207721511,0.34476190469623585,0.046739819510416225,0.8528579400493207,0.8582304485290161,181,7039,344,42612
to_label_361.jpg,ALGAL_LEAF_SPOT,0.8,0.12209024234693877,0.02686428902228093,0.05232295895275413,0.028403525954482478,0.3314285713654422,0.052322944411034376,0.8743821747431553,0.8801232603555212,174,5952,351,43699
to_label_361.jpg,ALGAL_LEAF_SPOT,0.9,0.08025749362244898,0.038795070743067206,0.0746924428806087,0.04221504842209548,0.32380952374784583,0.07469242247257214,0.9160554846920519,0.9223177780892181,170,3857,355,45794
to_label_39.jpg,ALGAL_LEAF_SPOT,0.1,0.14313616071428573,0.11950131765538717,0.2134902670872477,0.16416040100022056,0.3052032099325601,0.21349022160027578,0.8268694196412092,0.8703819661847205,1179,6003,2684,40310
to_label_39.jpg,ALGAL_LEAF_SPOT,0.2,0.12135283801020408,0.1333561097809662,0.23532958199120446,0.19231400886529293,0.3031322806030771,0.23532953449034416,0.8483338647942277,0.8938095135255893,1171,4918,2692,41395
to_label_39.jpg,ALGAL_LEAF_SPOT,0.3,0.1083187181122449,0.14226044225869458,0.24908582490590356,0.21306347745698137,0.2997670204426672,0.24908577633244405,0.8608498086717538,0.907650119834803,1158,4277,2705,42036
to_label_39.jpg,ALGAL_LEAF_SPOT,0.4,0.09950972576530612,0.14848917131178202,0.25858175248127163,0.2293210494646641,0.2964017602822573,0.2585817032924123,0.8691406249982678,0.9169131777234968,1145,3848,2718,42465
to_label_39.jpg,ALGAL_LEAF_SPOT,0.5,0.09115911989795919,0.1530681973465482,0.2654972146466102,0.24486226497059768,0.2899301061276228,0.26549716499855835,0.8764947385186613,0.9254205082786141,1120,3454,2743,42859
to_label_39.jpg,ALGAL_LEAF_SPOT,0.6,0.08123405612244898,0.15577231037770023,0.26955535961368493,0.2625122669219207,0.27698679781835395,0.2695553096462902,0.8844268176002782,0.9350938181483922,1070,3006,2793,43307
to_label_39.jpg,ALGAL_LEAF_SPOT,0.7,0.06883769132653061,0.15940421486041192,0.2749760830904062,0.29125651417801807,0.2604193631824898,0.2749760332428822,0.8942721619880136,0.9471422710665534,1006,2448,2857,43865
to_label_39.jpg,ALGAL_LEAF_SPOT,0.8,0.05195711096938776,0.16913624864168528,0.28933539412226683,0.3590333716778277,0.24229873154951337,0.28933534600206245,0.9083625637736998,0.9639194178719497,936,1671,2927,44642
to_label_39.jpg,ALGAL_LEAF_SPOT,0.9,0.013831313775510204,0.07832465688409077,0.14527101162727077,0.47694524488804824,0.08568470100735996,0.1452709858040947,0.9223732461716311,0.9921620279381769,331,363,3532,45950
to_label_394.jpg,ALGAL_LEAF_SPOT,0.1,0.18684231505102042,0.05962591712245917,0.11254144723900388,0.061546666666010164,0.6564277587421584,0.11254143156305393,0.8186383928555113,0.8215307219489593,577,8798,302,40499
to_label_394.jpg,ALGAL_LEAF_SPOT,0.2,0.15752551020408162,0.06331719128252641,0.11909370374451674,0.06616902833924382,0.5949943116501714,0.11909368573041289,0.8458027742330082,0.8502748645944981,523,7381,356,41916
to_label_394.jpg,ALGAL_LEAF_SPOT,0.3,0.13239397321428573,0.0712047849605354,0.1329433661242629,0.07526719855373676,0.5688282138146953,0.13294334548217687,0.8700175382635722,0.8753879546404946,500,6143,379,43154
to_label_394.jpg,ALGAL_LEAF_SPOT,0.4,0.11059072066326531,0.08215488215349907,0.15183571872819174,0.08794377365132558,0.5551763366831426,0.15183569511660136,0.8913424744880195,0.8973365519181749,488,5061,391,44236
to_label_394.jpg,ALGAL_LEAF_SPOT,0.5,0.08970424107142858,0.09527687296222971,0.17397769516405245,0.10397689402124025,0.5324232081305549,0.17397766782303745,0.9114317602022651,0.9181897478529765,468,4033,411,45264
to_label_394.jpg,ALGAL_LEAF_SPOT,0.6,0.06387515943877552,0.10617551462334303,0.1919686581735561,0.12230889235187804,0.44596131963072116,0.19196862438763318,0.9342315051001789,0.9429377041180134,392,2813,487,46484
to_label_394.jpg,ALGAL_LEAF_SPOT,0.7,0.03589365433673469,0.11341919401273706,0.2037313432759802,0.15158245418369892,0.31058020474282366,0.20373129918621471,0.9574697066307448,0.9690041990365154,273,1528,606,47769
to_label_394.jpg,ALGAL_LEAF_SPOT,0.8,0.009107940051020409,0.03325599381026636,0.06437125748021173,0.09409190369932342,0.0489192263880638,0.06437121246406298,0.9750876913245873,0.9916019230359016,43,414,836,48883
to_label_394.jpg,ALGAL_LEAF_SPOT,0.9,0.0,0.0,0.0,0.0,0.0,0.0,0.9824816645388582,0.9999999999979715,0,0,879,49297
to_label_40.jpg,ALGAL_LEAF_SPOT,0.1,0.023895886479591837,0.17450731086540028,0.2971583220487914,0.45788156793512247,0.21995192306811093,0.2971582782013282,0.9482421874981102,0.9863674496623608,549,650,1947,47030
to_label_40.jpg,ALGAL_LEAF_SPOT,0.2,0.018395248724489797,0.1613451086901717,0.2778590230980445,0.5146262187958152,0.19030448717186282,0.2778589836734216,0.9507932079062683,0.99060402684356,475,448,2021,47232
to_label_40.jpg,ALGAL_LEAF_SPOT,0.3,0.015345982142857142,0.14999999999471833,0.2608695652094039,0.553246753174903,0.17067307691623906,0.26086952916572326,0.9518893494878988,0.9927852348972467,426,344,2070,47336
to_label_40.jpg,ALGAL_LEAF_SPOT,0.4,0.013532366071428572,0.13799283153627268,0.24251968503173169,0.5670103091948439,0.15424679486561513,0.24251965139951617,0.9520687181103474,0.9938338926153653,385,294,2111,47386
to_label_40.jpg,ALGAL_LEAF_SPOT,0.5,0.011619100765306123,0.12208454810050713,0.21760311788835326,0.5746140650815413,0.1342147435843664,0.21760308718232388,0.9519889987225925,0.9947986577160344,335,248,2161,47432
to_label_40.jpg,ALGAL_LEAF_SPOT,0.6,0.009905133928571428,0.10934025203449443,0.19712662879394832,0.5935613680898266,0.11818910255936743,0.19712660109133529,0.9521085778042249,0.9957634228167035,295,202,2201,47478
to_label_40.jpg,ALGAL_LEAF_SPOT,0.7,0.007952008928571428,0.09204073934017198,0.1685664939492723,0.6115288219018724,0.09775641025249374,0.16856647017776802,0.95202885841647,0.996749161071735,244,155,2252,47525
to_label_40.jpg,ALGAL_LEAF_SPOT,0.8,0.005500637755102041,0.07109737248566085,0.13275613275134357,0.6666666664251207,0.07371794871499528,0.13275611481585836,0.9520886479572862,0.9980704697965644,184,92,2312,47588
to_label_40.jpg,ALGAL_LEAF_SPOT,0.9,0.001793686224489796,0.0335731414854687,0.06496519721326507,0.9333333322962963,0.03365384615249784,0.06496519049244348,0.9518096301001439,0.9998741610717284,84,6,2412,47674
to_label_576.jpg,ALGAL_LEAF_SPOT,0.1,0.0,0.0,0.0,0.0,0.0,0.0,0.9732142857123461,0.9999999999979522,0,0,1344,48832
to_label_576.jpg,ALGAL_LEAF_SPOT,0.2,0.0,0.0,0.0,0.0,0.0,0.0,0.9732142857123461,0.9999999999979522,0,0,1344,48832
to_label_576.jpg,ALGAL_LEAF_SPOT,0.3,0.0,0.0,0.0,0.0,0.0,0.0,0.9732142857123461,0.9999999999979522,0,0,1344,48832
to_label_576.jpg,ALGAL_LEAF_SPOT,0.4,0.0,0.0,0.0,0.0,0.0,0.0,0.9732142857123461,0.9999999999979522,0,0,1344,48832
to_label_576.jpg,ALGAL_LEAF_SPOT,0.5,0.0,0.0,0.0,0.0,0.0,0.0,0.9732142857123461,0.9999999999979522,0,0,1344,48832
to_label_576.jpg,ALGAL_LEAF_SPOT,0.6,0.0,0.0,0.0,0.0,0.0,0.0,0.9732142857123461,0.9999999999979522,0,0,1344,48832
to_label_576.jpg,ALGAL_LEAF_SPOT,0.7,0.0,0.0,0.0,0.0,0.0,0.0,0.9732142857123461,0.9999999999979522,0,0,1344,48832
to_label_576.jpg,ALGAL_LEAF_SPOT,0.8,0.0,0.0,0.0,0.0,0.0,0.0,0.9732142857123461,0.9999999999979522,0,0,1344,48832
to_label_576.jpg,ALGAL_LEAF_SPOT,0.9,0.0,0.0,0.0,0.0,0.0,0.0,0.9732142857123461,0.9999999999979522,0,0,1344,48832
to_label_726.jpg,ALGAL_LEAF_SPOT,0.1,0.011080994897959183,0.14372163387717687,0.2513227513061294,0.3417266186435744,0.1987447698536878,0.2513227047888584,0.977439413263358,0.9925639983726279,190,366,766,48854
to_label_726.jpg,ALGAL_LEAF_SPOT,0.2,0.009606186224489796,0.1313926042382854,0.23226703753600367,0.34647302897376075,0.17468619245034664,0.232266992952475,0.9779974489776427,0.9936001625335359,167,315,789,48905
to_label_726.jpg,ALGAL_LEAF_SPOT,0.3,0.008808992346938776,0.13566206335209893,0.23891273245787462,0.37782805421316107,0.17468619245034664,0.23891268919978437,0.9787946428551921,0.9944128403067972,167,275,789,48945
to_label_726.jpg,ALGAL_LEAF_SPOT,0.4,0.008549904336734694,0.13711001640910425,0.24115523463962776,0.3892773891866486,0.17468619245034664,0.24115519186144205,0.9790537308653957,0.9946769605831071,167,262,789,48958
to_label_726.jpg,ALGAL_LEAF_SPOT,0.5,0.008091517857142858,0.13974895396320092,0.24522760644308167,0.4113300491597709,0.17468619245034664,0.2452275645785293,0.9795121173449866,0.9951442503027323,167,239,789,48981
to_label_726.jpg,ALGAL_LEAF_SPOT,0.6,0.007752710459183673,0.1417657045720063,0.2483271375280054,0.4293059124860396,0.17468619245034664,0.24832709639524736,0.9798509247429451,0.9954896383563684,167,222,789,48998
to_label_726.jpg,ALGAL_LEAF_SPOT,0.7,0.007274394132653061,0.14471403811570935,0.2528387584971356,0.4575342464499906,0.17468619245034664,0.2528387184858184,0.9803292410694747,0.9959772450203251,167,198,789,49022
to_label_726.jpg,ALGAL_LEAF_SPOT,0.8,0.0068359375,0.14752650175375207,0.25712086218189983,0.48688046633035553,0.17468619245034664,0.2571208232966615,0.980767697702127,0.9964242177956187,167,176,789,49044
to_label_726.jpg,ALGAL_LEAF_SPOT,0.9,0.0059590242346938774,0.15032080658567176,0.2613545816524817,0.5484949830941488,0.17154811713686735,0.2613545453345871,0.9815250318857989,0.9972572125132115,164,135,792,49085
to_label_1046.jpg,ALLOCARIDARA_ATTACK,0.1,0.4820033482142857,0.07757133111249419,0.14397437807186067,0.07992557370237781,0.7247844019225803,0.14397436017986487,0.5418925382642261,0.5316255867298162,1933,22252,734,25257
to_label_1046.jpg,ALLOCARIDARA_ATTACK,0.2,0.4606186224489796,0.07898041185300946,0.14639823111778424,0.08164589823433002,0.7075365579037295,0.14639821256659966,0.5614437181111259,0.5532425435169057,1887,21225,780,26284
to_label_1046.jpg,ALLOCARIDARA_ATTACK,0.3,0.4450733418367347,0.08005702929197245,0.14824592983660048,0.0829751029908518,0.6947881514550136,0.14824591077546304,0.5756337691315058,0.5689448315044119,1853,20479,814,27030
to_label_1046.jpg,ALLOCARIDARA_ATTACK,0.4,0.4280333227040816,0.08055853920479521,0.14910536779262298,0.08381058807056939,0.6749156355202507,0.1491053481399434,0.5905612244886189,0.5858258435231518,1800,19677,867,27832
to_label_1046.jpg,ALLOCARIDARA_ATTACK,0.5,0.41075414540816324,0.0803397382341022,0.14873050650793174,0.08398835516698695,0.6490438694919743,0.14873048621753182,0.6050900829069573,0.602622660968232,1731,18879,936,28630
to_label_1046.jpg,ALLOCARIDARA_ATTACK,0.6,0.39102359693877553,0.08016284592604002,0.14842733431978988,0.08430173292515646,0.6201724784169415,0.1484273132498909,0.6217514349477404,0.6218400724060245,1654,17966,1013,29543
to_label_1046.jpg,ALLOCARIDARA_ATTACK,0.7,0.364078443877551,0.07929061194989281,0.14693097683235284,0.08419093496778962,0.5766779152389697,0.14693095459865357,0.6440728635191245,0.6478561956668255,1538,16730,1129,30779
to_label_1046.jpg,ALLOCARIDARA_ATTACK,0.8,0.32955994897959184,0.08088483620352986,0.14966411498125468,0.08690130624040335,0.5388076490236667,0.14966409106135287,0.6745655293353903,0.6821865330765072,1437,15099,1230,32410
to_label_1046.jpg,ALLOCARIDARA_ATTACK,0.9,0.24595424107142858,0.08958908087636423,0.16444562899677206,0.09999189692812582,0.4626921634622163,0.16444559977046613,0.7500797193862602,0.7662127175887385,1234,11107,1433,36402
to_label_1063.jpg,ALLOCARIDARA_ATTACK,0.1,0.32938058035714285,0.30286370226979903,0.4649200092721311,0.30332183699217447,0.9950377133585742,0.46491997346171443,0.7700294961719347,0.7449155921823188,5013,11514,25,33624
to_label_1063.jpg,ALLOCARIDARA_ATTACK,0.2,0.2969945790816326,0.3210547237291569,0.4860581745211331,0.32519124949452966,0.9618896387264413,0.48605813675431403,0.7957589285698426,0.7772165359546785,4846,10056,192,35082
to_label_1063.jpg,ALLOCARIDARA_ATTACK,0.3,0.27672592474489793,0.3350500917148649,0.5019288696268989,0.3420237666522,0.9426359666347234,0.5019288305532911,0.8121611926004222,0.7975984757836023,4749,9136,289,36002
to_label_1063.jpg,ALLOCARIDARA_ATTACK,0.4,0.26126036352040816,0.34282965812977034,0.5106078139609268,0.35342131359864654,0.9196109567106072,0.5106077738485426,0.8230030293350944,0.8122203021826128,4633,8476,405,36662
to_label_1063.jpg,ALLOCARIDARA_ATTACK,0.5,0.2489437181122449,0.35119093501617826,0.5198242911716594,0.3647426146796514,0.9043271139161507,0.5198242502076468,0.8322504783146678,0.8242057689733169,4556,7935,482,37203
to_label_1063.jpg,ALLOCARIDARA_ATTACK,0.6,0.2353515625,0.3632464800100077,0.532913871902814,0.380133796253873,0.8910281857703249,0.5329138299762896,0.8431720344370951,0.837830652663304,4489,7320,549,37818
to_label_1063.jpg,ALLOCARIDARA_ATTACK,0.7,0.2095623405612245,0.3532585051739906,0.5220857712304887,0.38611507370056,0.8058753473440676,0.5220857274276416,0.8518614477023839,0.8569941069589769,4060,6455,978,38683
to_label_1063.jpg,ALLOCARIDARA_ATTACK,0.8,0.16669323979591838,0.3380591054279347,0.5052977167549224,0.4048302247679958,0.6720921000263579,0.5052976698306213,0.8678651147941887,0.8897159820973687,3386,4978,1652,40160
to_label_1063.jpg,ALLOCARIDARA_ATTACK,0.9,0.08531967474489796,0.3884088200180511,0.5595020924931913,0.608969866839314,0.5174672488980256,0.5595020428171229,0.9181879783144966,0.9629137312221123,2607,1674,2431,43464
to_label_1064.jpg,ALLOCARIDARA_ATTACK,0.1,0.44150589923469385,0.22734739754354422,0.3704695149858389,0.2373944838160186,0.843058672637976,0.37046948069619134,0.6437938456619823,0.6155036642527755,5259,16894,979,27044
to_label_1064.jpg,ALLOCARIDARA_ATTACK,0.2,0.39833785076530615,0.2508346847264579,0.4010676835065736,0.2631210286673181,0.843058672637976,0.4010676472480376,0.686961894131284,0.6648004005629187,5259,14728,979,29210
to_label_1064.jpg,ALLOCARIDARA_ATTACK,0.3,0.36850286989795916,0.27012173198279255,0.425347783886989,0.28442401297845094,0.843058672637976,0.42534774615983406,0.7167968749985715,0.6988711365999843,5259,13231,979,30707
to_label_1064.jpg,ALLOCARIDARA_ATTACK,0.4,0.34604193239795916,0.28671900555944435,0.4456590822403895,0.30288544606172385,0.843058672637976,0.44565904334838113,0.7392578124985266,0.7245209158343017,5259,12104,979,31834
to_label_1064.jpg,ALLOCARIDARA_ATTACK,0.5,0.3260124362244898,0.30333967814325813,0.46548061603617685,0.3214940701777632,0.843058672637976,0.4654805760633573,0.7592873086719562,0.7473940552579831,5259,11099,979,32839
to_label_1064.jpg,ALLOCARIDARA_ATTACK,0.6,0.30520567602040816,0.3227766525481938,0.48802895322713424,0.3434112576704753,0.843058672637976,0.48802891209201843,0.7800940688759963,0.7711548090473596,5259,10055,979,33883
to_label_1064.jpg,ALLOCARIDARA_ATTACK,0.7,0.27987484056122447,0.34516150427575004,0.5131896849242483,0.370576087727903,0.8342417441353921,0.5131896423269264,0.8032326211718686,0.7988301697828786,5204,8839,1034,35099
to_label_1064.jpg,ALLOCARIDARA_ATTACK,0.8,0.23718510841836735,0.36547726588101864,0.5353106565933331,0.40794891185271864,0.7782943250917235,0.535310611463835,0.832011320151403,0.839637671262143,4855,7046,1383,36892
to_label_1064.jpg,ALLOCARIDARA_ATTACK,0.9,0.1031967474489796,0.3447991518395005,0.5127890679702803,0.5652761683938726,0.46922090412841905,0.5127890183968693,0.8891501913247586,0.9487687195572198,2927,2251,3311,41687
to_label_1147.jpg,ALLOCARIDARA_ATTACK,0.1,0.5540298150510204,0.15277527968577007,0.2650564813072925,0.15277527968577007,0.9999999999764541,0.2650564583135661,0.5306122448969016,0.4872085174933327,4247,23552,0,22377
to_label_1147.jpg,ALLOCARIDARA_ATTACK,0.2,0.4831592793367347,0.17518458936527992,0.29813969813865165,0.17518458936527992,0.9999999999764541,0.2981396727680015,0.6014827806110461,0.5646323673483754,4247,19996,0,25933
to_label_1147.jpg,ALLOCARIDARA_ATTACK,0.3,0.44234295280612246,0.19134940301783576,0.3212313743275046,0.19134940301783576,0.9999999999764541,0.32123134736263437,0.642299107141577,0.609222931044418,4247,17948,0,27981
to_label_1147.jpg,ALLOCARIDARA_ATTACK,0.4,0.41220902423469385,0.20498815795734454,0.3402326514226224,0.20504762365128343,0.9985872380268758,0.34023262315416153,0.6721938775496807,0.6420126717310588,4241,16442,6,29487
to_label_1147.jpg,ALLOCARIDARA_ATTACK,0.5,0.38685825892857145,0.2155371730965651,0.35463690928922714,0.21611457420938582,0.9877560630801093,0.3546368798296726,0.695711096937389,0.6687060462873812,4195,15216,52,30713
to_label_1147.jpg,ALLOCARIDARA_ATTACK,0.6,0.3624242665816326,0.22699923421820917,0.37000713266596824,0.22821006323767823,0.9771603484582727,0.37000710196777115,0.7183514030597928,0.6944196477156167,4150,14035,97,31894
to_label_1147.jpg,ALLOCARIDARA_ATTACK,0.7,0.3312141262755102,0.2381913126024318,0.38474072653894015,0.24153077802369857,0.9451377442678329,0.3847406941151784,0.744140624998517,0.7255546604525995,4014,12605,233,33324
to_label_1147.jpg,ALLOCARIDARA_ATTACK,0.8,0.27694515306122447,0.24702728709707175,0.39618585680209345,0.2586355785819039,0.8462444077973571,0.39618582094209487,0.7816685267841564,0.7756972718744678,3594,10302,653,35627
to_label_1147.jpg,ALLOCARIDARA_ATTACK,0.9,0.1318957270408163,0.18613537117700724,0.31385181776057197,0.25763070413633077,0.4014598540051458,0.3138517701387688,0.8514229910697317,0.8930305471469158,1705,4913,2542,41016
to_label_1297.jpg,ALLOCARIDARA_ATTACK,0.1,0.3494897959183674,0.3703561643815323,0.5405254108499319,0.38543567518028377,0.9044560417381982,0.5405253689430617,0.7709861288249941,0.7476289722016073,6759,10777,714,31926
to_label_1297.jpg,ALLOCARIDARA_ATTACK,0.2,0.28455835459183676,0.3946524749910576,0.5659509907564436,0.4310827847007208,0.8236317409230077,0.5659509456478886,0.8118423150494024,0.8097791724215868,6155,8123,1318,34580
to_label_1297.jpg,ALLOCARIDARA_ATTACK,0.3,0.2452766262755102,0.39060742406924487,0.5617795753257746,0.451450394080999,0.7434765154456915,0.5617795283092197,0.8272480867330452,0.841908062663415,5556,6751,1917,35952
to_label_1297.jpg,ALLOCARIDARA_ATTACK,0.4,0.21717554209183673,0.3583259390686311,0.5275993467581513,0.4447095530839248,0.6484678174675703,0.5275992984923611,0.8270487882636578,0.8583003536031232,4846,6051,2627,36652
to_label_1297.jpg,ALLOCARIDARA_ATTACK,0.5,0.1962890625,0.33143735587754464,0.4978639879892745,0.43781094526918657,0.5770105713826172,0.49786393892713904,0.826650191324883,0.870336978664566,4312,5537,3161,37166
to_label_1297.jpg,ALLOCARIDARA_ATTACK,0.6,0.17494419642857142,0.3069808589327088,0.46975570733819605,0.4348370927268758,0.5107721129330821,0.4697556576577373,0.8282645089269207,0.8838254923520974,3817,4961,3656,37742
to_label_1297.jpg,ALLOCARIDARA_ATTACK,0.7,0.15256297831632654,0.27479565180521787,0.43112109994426806,0.4259960809872502,0.4363709353614831,0.43112104994866096,0.8284837372432468,0.8971032480132611,3261,4394,4212,38309
to_label_1297.jpg,ALLOCARIDARA_ATTACK,0.8,0.12488042091836735,0.22669642856940447,0.3696047747261838,0.40520268112982444,0.3397564565724641,0.36960472510939985,0.8273875956616163,0.9127227595229546,2539,3727,4934,38976
to_label_1297.jpg,ALLOCARIDARA_ATTACK,0.9,0.08386479591836735,0.17609746274490437,0.2994606626119385,0.41563688211940025,0.2340425531883575,0.29946061651577854,0.836914062498332,0.9424162236823117,1749,2459,5724,40244
to_label_1317.jpg,ALLOCARIDARA_ATTACK,0.1,0.5490672831632653,0.36939189678781836,0.5394977108515111,0.3699818511783304,0.995701865771264,0.5394976713462316,0.6532007334170655,0.5654122536854568,10193,17357,44,22582
to_label_1317.jpg,ALLOCARIDARA_ATTACK,0.2,0.508430325255102,0.39227293970870747,0.5635000559456095,0.3948100819238963,0.9838819966691034,0.5635000150719615,0.6890146683659737,0.6134354891193734,10072,15439,165,24500
to_label_1317.jpg,ALLOCARIDARA_ATTACK,0.3,0.47927295918367346,0.4083552415362785,0.5799037479930584,0.41338157019122845,0.9710852788808138,0.5799037061049392,0.7129504145393954,0.6467863491808838,9941,14107,296,25832
to_label_1317.jpg,ALLOCARIDARA_ATTACK,0.4,0.4553770727040816,0.4196953443449058,0.5912470531324692,0.4280712503810754,0.9554556999027501,0.5912470103959157,0.7304687499985442,0.6728010215561911,9781,13068,456,26871
to_label_1317.jpg,ALLOCARIDARA_ATTACK,0.5,0.4346500318877551,0.4267396821137672,0.5982025837839412,0.4394974551770393,0.9363094656546223,0.5982025403019516,0.743383290814845,0.6939332482017728,9585,12224,652,27715
to_label_1317.jpg,ALLOCARIDARA_ATTACK,0.6,0.41189014668367346,0.4304096273990724,0.6017991198530876,0.4499443557340207,0.9083715932313337,0.6017990755463468,0.7547433035699244,0.7153659330461068,9299,11368,938,28571
to_label_1317.jpg,ALLOCARIDARA_ATTACK,0.7,0.38197544642857145,0.43366326978188274,0.604972281737901,0.46405092350796173,0.8688092214431101,0.6049722363468175,0.7685148278045908,0.7428077818654878,8894,10272,1343,29667
to_label_1317.jpg,ALLOCARIDARA_ATTACK,0.8,0.3325294961734694,0.4330121892775163,0.6043384592504111,0.4875636799491306,0.794666406165921,0.6043384121163434,0.7877072704065934,0.7859235333864495,8135,8550,2102,31389
to_label_1317.jpg,ALLOCARIDARA_ATTACK,0.9,0.1452686543367347,0.30927835051315344,0.4724409448791941,0.5679791466515575,0.40441535605739554,0.47244089629118713,0.8157286352024559,0.9211547610082347,4140,3149,6097,36790
to_label_1334.jpg,ALLOCARIDARA_ATTACK,0.1,0.6009646045918368,0.12655037474256634,0.22466882543354527,0.12655037474256634,0.9999999999737946,0.2246688054898072,0.47508769132558376,0.4318809318368596,3816,26338,0,20022
to_label_1334.jpg,ALLOCARIDARA_ATTACK,0.2,0.553352200255102,0.13743922204164438,0.2416642918202664,0.13743922204164438,0.9999999999737946,0.24166427057315537,0.5227000956622235,0.4834124245028399,3816,23949,0,22411
to_label_1334.jpg,ALLOCARIDARA_ATTACK,0.3,0.5264070471938775,0.14447431189132445,0.25247279102764736,0.14447431189132445,0.9999999999737946,0.25247276896666054,0.5496452487233944,0.5125754961162369,3816,22597,0,23763
to_label_1334.jpg,ALLOCARIDARA_ATTACK,0.4,0.5023517219387755,0.1513468480971502,0.2629040038582355,0.15135285249483713,0.9997379454664639,0.26290398101777757,0.573660714284571,0.5385893011204949,3815,21391,1,24969
to_label_1334.jpg,ALLOCARIDARA_ATTACK,0.5,0.47692123724489793,0.15883556780621128,0.2741296042662938,0.1589218554109531,0.9965932913784961,0.27412958054172404,0.5986128826518682,0.5658541846407121,3803,20127,13,26233
to_label_1334.jpg,ALLOCARIDARA_ATTACK,0.6,0.4481823979591837,0.16787284109502343,0.28748479318625497,0.1681341159722157,0.9908280922172216,0.28748476837980025,0.6264748086722208,0.5964840379624752,3781,18707,35,27653
to_label_1334.jpg,ALLOCARIDARA_ATTACK,0.7,0.41685267857142855,0.17855611150736928,0.3030082484218704,0.1791451520358618,0.9819182389679791,0.30300822232317076,0.6564492984680794,0.6296591889546383,3747,17169,69,29191
to_label_1334.jpg,ALLOCARIDARA_ATTACK,0.8,0.36489556760204084,0.19860230781624896,0.33138983050697673,0.20022939537822804,0.9606918238741957,0.331389801960062,0.7051777742332884,0.6841458153565916,3666,14643,150,31717
to_label_1334.jpg,ALLOCARIDARA_ATTACK,0.9,0.2374641262755102,0.20998384739473896,0.34708537282851004,0.22912295425741397,0.715408805012699,0.3470853360794888,0.7953005420902517,0.8018766177722134,2730,9185,1086,37175
to_label_1667.jpg,ALLOCARIDARA_ATTACK,0.1,0.5366310586734694,0.2569600800534042,0.4088595718051552,0.26702815122830337,0.8720436628153784,0.40885953590989615,0.5856385522947511,0.5293219813490513,7190,19736,1055,22195
to_label_1667.jpg,ALLOCARIDARA_ATTACK,0.2,0.48666693239795916,0.28048923909098555,0.4380969875078432,0.2930095417490765,0.8677986658475706,0.43809694976581864,0.6342075892844503,0.5882759771992362,7155,17264,1090,24667
to_label_1667.jpg,ALLOCARIDARA_ATTACK,0.3,0.4563137755102041,0.29678520862706426,0.45772454320523515,0.31127707896439866,0.8644026682733243,0.4577245042710112,0.6634446747435757,0.6239297894144572,7127,15769,1118,26162
to_label_1667.jpg,ALLOCARIDARA_ATTACK,0.4,0.42873086734693877,0.3132530120468103,0.47706422018188305,0.32995537374335276,0.8608853850714264,0.4770641801191569,0.6898716517843394,0.6562447830944736,7098,14414,1147,27517
to_label_1667.jpg,ALLOCARIDARA_ATTACK,0.5,0.39927455357142855,0.33215564348816584,0.4986739276477291,0.3519516821386046,0.8551849605717988,0.4986738863354903,0.7174545599475497,0.6903722782650298,7051,12983,1194,28948
to_label_1667.jpg,ALLOCARIDARA_ATTACK,0.6,0.3684630102040816,0.3539123828799498,0.5227995361518617,0.37797490263750555,0.8475439660297447,0.5227994934904655,0.7457549426005545,0.7257399060343761,6988,11500,1257,30431
to_label_1667.jpg,ALLOCARIDARA_ATTACK,0.7,0.33189174107142855,0.38668894458152775,0.5577154791527121,0.4169218759357658,0.8420861127854203,0.5577154348524661,0.7805325255086485,0.7684290858773498,6943,9710,1302,32221
to_label_1667.jpg,ALLOCARIDARA_ATTACK,0.8,0.28828523596938777,0.42929070425810756,0.6007045354442946,0.47155202211910435,0.8272892662119188,0.6007044891923891,0.8192761479575509,0.8177005079754414,6821,7644,1424,34287
to_label_1667.jpg,ALLOCARIDARA_ATTACK,0.9,0.21974649234693877,0.5001556904834177,0.6668050438448092,0.5827135860640058,0.7792601576618645,0.6668049948826229,0.8720304528043845,0.8902721137084967,6425,4601,1820,37330
to_label_765.jpg,ALLOCARIDARA_ATTACK,0.1,0.5804966517857143,0.2309063527669087,0.37518102371941275,0.25793936896948555,0.6878147029141461,0.3751809840484397,0.5012755102030826,0.449366927367464,7513,21614,3410,17639
to_label_765.jpg,ALLOCARIDARA_ATTACK,0.2,0.4896763392857143,0.23638833733850145,0.38238525906409043,0.2761904761893521,0.6212578961766798,0.382385216454967,0.5631178252539798,0.54693908745689,6786,17784,4137,21469
to_label_765.jpg,ALLOCARIDARA_ATTACK,0.3,0.44838169642857145,0.2527550790904387,0.4035187456976047,0.29971553026802505,0.6173212487355367,0.4035187016939417,0.602698501274309,0.5986294041204528,6743,15755,4180,23498
to_label_765.jpg,ALLOCARIDARA_ATTACK,0.4,0.4184470663265306,0.2648702199315836,0.4188101130974692,0.3183463516845192,0.6119198022465264,0.4188100680757007,0.6302814094375193,0.6353909255327354,6684,14312,4239,24941
to_label_765.jpg,ALLOCARIDARA_ATTACK,0.5,0.39724170918367346,0.2725810442948421,0.42839086047503355,0.3315773630326531,0.6050535567096488,0.4283908147362254,0.6484972895395239,0.6605864519892477,6609,13323,4314,25930
to_label_765.jpg,ALLOCARIDARA_ATTACK,0.6,0.37557796556122447,0.28144640550890465,0.43926363880529673,0.3469355266630568,0.5985535109347381,0.4392635923449438,0.6673309948966292,0.6864698239607508,6538,12307,4385,26946
to_label_765.jpg,ALLOCARIDARA_ATTACK,0.7,0.34508529974489793,0.29271195751559825,0.4528649337755759,0.3692751949155687,0.5853703195039333,0.4528648863359568,0.6920838647945391,0.7217792270636084,6394,10921,4529,28332
to_label_765.jpg,ALLOCARIDARA_ATTACK,0.8,0.30165816326530615,0.2871184431478459,0.44614144825033136,0.3840512684964056,0.5321798040782552,0.4461413995555098,0.7123525191312333,0.7624894912471339,5813,9323,5110,29930
to_label_765.jpg,ALLOCARIDARA_ATTACK,0.9,0.22548628826530612,0.2816714697390105,0.439537707422586,0.43194272582259197,0.44740455918294053,0.43953765743607376,0.7516143176005429,0.8362672916698436,4887,6427,6036,32826
to_label_855.jpg,ALLOCARIDARA_ATTACK,0.1,0.591179049744898,0.18928114262551612,0.31831185384416283,0.18942790681930544,0.9959234313896504,0.31831182698946553,0.5203483737234528,0.460097902724974,5619,24044,23,20490
to_label_855.jpg,ALLOCARIDARA_ATTACK,0.2,0.5262276785714286,0.20905489530198432,0.3458153903752549,0.2098545674889795,0.9820985465972687,0.34581536136167873,0.5821906887743499,0.5315264741533849,5541,20863,101,23671
to_label_855.jpg,ALLOCARIDARA_ATTACK,0.3,0.4909518494897959,0.22016684802232633,0.36087990487395666,0.22176666395947972,0.968273661804887,0.36087987454775244,0.6143574617334695,0.5695199173652277,5463,19171,179,25363
to_label_855.jpg,ALLOCARIDARA_ATTACK,0.4,0.46249202806122447,0.23124199743819357,0.37562396006525367,0.23347410152446146,0.9602977667323591,0.3756239285986491,0.641023596937498,0.6005748416926381,5418,17788,224,26746
to_label_855.jpg,ALLOCARIDARA_ATTACK,0.5,0.44005102040816324,0.2417469204916383,0.38936584661860846,0.24442934782497994,0.9565756823651794,0.38936581419720523,0.6626275510190875,0.6253873444994266,5397,16683,245,27851
to_label_855.jpg,ALLOCARIDARA_ATTACK,0.6,0.4168327487244898,0.25357564314253683,0.40456376849642445,0.2568491513255709,0.9521446295471084,0.4045637350320544,0.684849330355778,0.6509857636847106,5372,15543,270,28991
to_label_855.jpg,ALLOCARIDARA_ATTACK,0.7,0.38071986607142855,0.27577851103178086,0.4323297635868566,0.28000837564633824,0.948068060954483,0.43232972838129685,0.7200454400495854,0.6911573180026696,5349,13754,293,30780
to_label_855.jpg,ALLOCARIDARA_ATTACK,0.8,0.33547911352040816,0.3101136694823077,0.47341490544839415,0.3160458622924253,0.9429280396855206,0.4734148678430564,0.764130261478069,0.7414784209800569,5320,11513,322,33021
to_label_855.jpg,ALLOCARIDARA_ATTACK,0.9,0.2516940369897959,0.39473282442446767,0.5660336051635595,0.4094544302762732,0.9165189648898171,0.5660335624723077,0.841976243620771,0.8325324471171857,5171,7458,471,37076
to_label_864.jpg,ALLOCARIDARA_ATTACK,0.1,0.4875637755102041,0.09640922768266234,0.17586358313752976,0.0982259646823977,0.8390363128198661,0.17586356437334816,0.5511399872437995,0.5337123774084086,2403,22061,461,25251
to_label_864.jpg,ALLOCARIDARA_ATTACK,0.2,0.4504344706632653,0.10266735948686816,0.18621637541650807,0.10490686252774255,0.8278631284627144,0.18621635545197468,0.5869937818865852,0.5724129184972683,2371,20230,493,27082
to_label_864.jpg,ALLOCARIDARA_ATTACK,0.3,0.42647879464285715,0.10704019710677994,0.1933808679874979,0.1096312911813186,0.8191340781836894,0.19338084716541992,0.6099529655600089,0.5972903280339084,2346,19053,518,28259
to_label_864.jpg,ALLOCARIDARA_ATTACK,0.4,0.4087611607142857,0.11082596711286558,0.19953794814666065,0.11370063383659823,0.8142458100274356,0.19953792664263423,0.6271125637742604,0.6157845789638658,2332,18178,532,29134
to_label_864.jpg,ALLOCARIDARA_ATTACK,0.5,0.3934749681122449,0.11441388149406283,0.20533463086563747,0.11756065440856221,0.8104050279046646,0.2053346087373367,0.6419602997436186,0.6317636117673492,2321,17422,543,29890
to_label_864.jpg,ALLOCARIDARA_ATTACK,0.6,0.3765146683673469,0.11844540407095185,0.2118036403740954,0.12195638365381137,0.8044692737149278,0.21180361751067028,0.6582429846925657,0.6493912749394458,2304,16588,560,30724
to_label_864.jpg,ALLOCARIDARA_ATTACK,0.7,0.3510642538265306,0.1256527235743107,0.2232530885286232,0.12977575929531776,0.7981843575140299,0.22325306446905682,0.6829759247435367,0.6760018599918075,2286,15329,578,31983
to_label_864.jpg,ALLOCARIDARA_ATTACK,0.8,0.302913743622449,0.14330020887307235,0.2506781819174518,0.14895716823377222,0.790502793268488,0.2506781552328454,0.7302495216822181,0.7266021305361714,2264,12935,600,34377
to_label_864.jpg,ALLOCARIDARA_ATTACK,0.9,0.1971859056122449,0.20825835779706164,0.344724878504901,0.2222559126721017,0.7678072625430236,0.34472484368372963,0.8333864795901758,0.8373562732481455,2199,7695,665,39617
to_label_868.jpg,ALLOCARIDARA_ATTACK,0.1,0.49571508290816324,0.3594683333978422,0.5288366408644334,0.36533590640306624,0.9572316443594518,0.5288366008772922,0.6772959183659971,0.6119755180281395,9087,15786,406,24897
to_label_868.jpg,ALLOCARIDARA_ATTACK,0.2,0.44870057397959184,0.373514139808722,0.5438810260238577,0.38660389091060404,0.9168861266099558,0.5438809842971757,0.7090441645394032,0.6605461740760009,8704,13810,789,26873
to_label_868.jpg,ALLOCARIDARA_ATTACK,0.3,0.41697225765306123,0.3835691215922141,0.5544632582589036,0.4030207437128237,0.8882334351533947,0.5544632153171835,0.7299306441311983,0.692992158885301,8432,12490,1061,28193
to_label_868.jpg,ALLOCARIDARA_ATTACK,0.4,0.3944714604591837,0.39251580999290325,0.5637505975532208,0.41706663971900637,0.8695881175511472,0.5637505537360803,0.7453762755087185,0.7163925964144325,8255,11538,1238,29145
to_label_868.jpg,ALLOCARIDARA_ATTACK,0.5,0.37276785714285715,0.3976208178418953,0.5689967017747668,0.4288922155665692,0.8450437164137253,0.5689966571082847,0.757792570151551,0.7374333259574333,8022,10682,1471,30001
to_label_868.jpg,ALLOCARIDARA_ATTACK,0.6,0.34470663265306123,0.40374135401171796,0.5752361043690498,0.44547872340167965,0.8116506899735421,0.5752360586089994,0.7732182716821324,0.7642504240081502,7705,9591,1788,31092
to_label_868.jpg,ALLOCARIDARA_ATTACK,0.7,0.3017578125,0.402927273760448,0.5744093529245172,0.467274288353033,0.7452860002028306,0.5744093055505777,0.791055484692301,0.8017353685795007,7075,8066,2418,32617
to_label_868.jpg,ALLOCARIDARA_ATTACK,0.8,0.21843112244897958,0.32759963650313123,0.49352173275072836,0.4604927007257254,0.5316549036075882,0.4935216830055473,0.793546715559643,0.8546567362267908,5047,5913,4446,34770
to_label_868.jpg,ALLOCARIDARA_ATTACK,0.9,0.07513552295918367,0.11192152917411198,0.20131192037848666,0.3541114058261509,0.14062993784745992,0.20131187968664,0.7888831313759788,0.9401469901409921,1335,2435,8158,38248
to_label_869.jpg,ALLOCARIDARA_ATTACK,0.1,0.5354153380102041,0.25559176418213747,0.4071255824915734,0.2569142006318373,0.9802584859965877,0.40712554958263436,0.5993702168355401,0.5371971716690919,6902,19963,139,23172
to_label_869.jpg,ALLOCARIDARA_ATTACK,0.2,0.49607382015306123,0.26890522551055474,0.42383815608034625,0.27186533285013914,0.9610850731293696,0.42383812170309265,0.6333306760191459,0.579830763879495,6767,18124,274,25011
to_label_869.jpg,ALLOCARIDARA_ATTACK,0.3,0.46494339923469385,0.2806780804576171,0.4383272966729064,0.2853101290227386,0.9453202669941014,0.4383272610533553,0.6600366709170519,0.6134693404413737,6656,16673,385,26462
to_label_869.jpg,ALLOCARIDARA_ATTACK,0.4,0.43470982142857145,0.292118226599677,0.4521540221105183,0.2990555657422563,0.9264309046878791,0.4521539852130738,0.6849689094374104,0.6455546539917804,6523,15289,518,27846
to_label_869.jpg,ALLOCARIDARA_ATTACK,0.5,0.4119897959183674,0.3023638328854628,0.46433081946933086,0.3112422600604139,0.913790654723565,0.4643307815641202,0.7041414221924742,0.6699200185448709,6434,14238,607,28897
to_label_869.jpg,ALLOCARIDARA_ATTACK,0.6,0.389827806122449,0.3133053567005021,0.4771249201139915,0.32443762781020224,0.9012924300397488,0.4771248811864263,0.7227957589271309,0.6936594412873683,6346,13214,695,29921
to_label_869.jpg,ALLOCARIDARA_ATTACK,0.7,0.3588169642857143,0.33055304680268527,0.49686564184269566,0.34558986891609866,0.8836812952580076,0.49686560142118386,0.7488639987229974,0.7268575402788295,6222,11782,819,31353
to_label_869.jpg,ALLOCARIDARA_ATTACK,0.8,0.3176419005102041,0.3580969267118316,0.5273510596608758,0.38016062240946064,0.860531174536848,0.5273510171539864,0.7835419323963976,0.7709748464106387,6059,9879,982,33256
to_label_869.jpg,ALLOCARIDARA_ATTACK,0.9,0.23985570790816327,0.4267763649930682,0.598238624446434,0.4741171582843862,0.8103962505210851,0.5982385778701307,0.8472576530595359,0.8532746029886327,5706,6329,1335,36806
to_label_874.jpg,ALLOCARIDARA_ATTACK,0.1,0.5756736288265306,0.1949212700045337,0.32624956120129006,0.2091396918808754,0.7414089346988045,0.3262495268781748,0.5027303890296103,0.45645759969435507,6041,22844,2107,19184
to_label_874.jpg,ALLOCARIDARA_ATTACK,0.2,0.546516262755102,0.19974365893078877,0.3329772280001884,0.21595798993430107,0.7268041237024202,0.3329771926799297,0.5271444515295617,0.4884362805736927,5922,21500,2226,20528
to_label_874.jpg,ALLOCARIDARA_ATTACK,0.3,0.5283003826530612,0.2018310445269738,0.33587257617631616,0.21955636034321882,0.7142857142769479,0.3358725402086082,0.5412946428560641,0.5077567336049592,5820,20688,2328,21340
to_label_874.jpg,ALLOCARIDARA_ATTACK,0.4,0.5103635204081632,0.2035082715337867,0.33819172887682725,0.22289909403224423,0.7005400098097626,0.3381916922527616,0.5547672193866494,0.5265061387633804,5708,19900,2440,22128
to_label_874.jpg,ALLOCARIDARA_ATTACK,0.5,0.49222735969387754,0.205004035511758,0.34025452109742355,0.22625313790498722,0.685812469309207,0.3402544837904657,0.5681202168356024,0.5453031312445387,5588,19110,2560,22918
to_label_874.jpg,ALLOCARIDARA_ATTACK,0.6,0.47158003826530615,0.20721062618517186,0.3432882741265536,0.23074972529697088,0.670103092775281,0.34328823601844644,0.5836654974478164,0.5669077757671863,5460,18202,2688,23826
to_label_874.jpg,ALLOCARIDARA_ATTACK,0.7,0.44210379464285715,0.20816570404219012,0.344597936103839,0.23558580895173967,0.6413843887991976,0.3445978968085629,0.6038145727028782,0.5965308841710371,5226,16957,2922,25071
to_label_874.jpg,ALLOCARIDARA_ATTACK,0.8,0.38974808673469385,0.2105746121904716,0.3478920011538121,0.24642053589565135,0.5914334806014797,0.34789195963076947,0.6399473852028063,0.6493528124092287,4819,14737,3329,27291
to_label_874.jpg,ALLOCARIDARA_ATTACK,0.9,0.24394132653061223,0.1990119971759644,0.33195997645511105,0.27647058823303533,0.41531664211566865,0.3319599284676406,0.7285554846924256,0.7892833349176994,3384,8856,4764,33172
to_label_876.jpg,ALLOCARIDARA_ATTACK,0.1,0.25809151785714285,0.19375516956061953,0.32461458513630426,0.2894208494186145,0.36955235653352836,0.3246145358742407,0.6891741071414836,0.7701453764281108,3748,9202,6394,30832
to_label_876.jpg,ALLOCARIDARA_ATTACK,0.2,0.21023995535714285,0.1866146699536238,0.31453288869404794,0.30846525736744274,0.3208440149840185,0.314532838711882,0.7173349808659173,0.8177798870939257,3254,7295,6888,32739
to_label_876.jpg,ALLOCARIDARA_ATTACK,0.3,0.1883968431122449,0.18263021304736174,0.30885429956463967,0.3201100179803225,0.29836324196116776,0.30885424962489,0.7300900829067082,0.8394614577588063,3026,6427,7116,33607
to_label_876.jpg,ALLOCARIDARA_ATTACK,0.4,0.17410714285714285,0.17656590838157327,0.30013772645248366,0.3242902930365809,0.279333464797088,0.3001376767282523,0.7366868622434297,0.8525503322154855,2833,5903,7309,34131
to_label_876.jpg,ALLOCARIDARA_ATTACK,0.5,0.16191007653061223,0.17067230660660979,0.29157998466937707,0.3277941900501256,0.2625714849116291,0.291579935278064,0.7421077806107659,0.8635909476923026,2663,5461,7479,34573
to_label_876.jpg,ALLOCARIDARA_ATTACK,0.6,0.14660395408163265,0.16358558318816607,0.2811749914259848,0.33442088090899375,0.24255570893075767,0.2811749426919081,0.7493223852025882,0.8777039516389127,2460,4896,7682,35138
to_label_876.jpg,ALLOCARIDARA_ATTACK,0.7,0.12494021045918367,0.15132594359371876,0.2628724635898917,0.3440740149889285,0.21267994478196922,0.26287241637310416,0.7589086415801202,0.8972873057878371,2157,4112,7985,35922
to_label_876.jpg,ALLOCARIDARA_ATTACK,0.8,0.0969985650510204,0.13739011821660055,0.2415883803035406,0.3725087322709573,0.17876158548433482,0.2415883364779977,0.7731385522943776,0.9237148423816662,1813,3054,8329,36980
to_label_876.jpg,ALLOCARIDARA_ATTACK,0.9,0.05251514668367347,0.09382758325405506,0.1715582687628429,0.41593927892159627,0.10806547032037009,0.17155823602167558,0.7890425701514887,0.961557675973019,1096,1539,9046,38495
to_label_877.jpg,ALLOCARIDARA_ATTACK,0.1,0.5113002232142857,0.4676473801097198,0.6372748474156769,0.5006041707250025,0.8765954542292226,0.637274801140862,0.7086256377536897,0.6393525686118526,12843,12812,1808,22713
to_label_877.jpg,ALLOCARIDARA_ATTACK,0.2,0.45131138392857145,0.48767451136622386,0.6556199056181478,0.5398984323226323,0.8344822878927411,0.6556198579134609,0.7440210459168846,0.7067135819825285,12226,10419,2425,25106
to_label_877.jpg,ALLOCARIDARA_ATTACK,0.3,0.41077407525510207,0.5086638428934726,0.6743236345054894,0.5768279074252737,0.8114804450152789,0.6743235859319765,0.7711256377535652,0.7544827586185658,11889,8722,2762,26803
to_label_877.jpg,ALLOCARIDARA_ATTACK,0.4,0.3745814732142857,0.5266569289733126,0.6899479758395923,0.6138866719839644,0.7875230359648657,0.6899479266051085,0.7933274872433168,0.7957213230097235,11538,7257,3113,28268
to_label_877.jpg,ALLOCARIDARA_ATTACK,0.5,0.3403419961734694,0.5361673283599488,0.6980584972242244,0.6484745564171196,0.7558528428042055,0.6980584475143529,0.8090720663249181,0.831020408160926,11074,6003,3577,29522
to_label_877.jpg,ALLOCARIDARA_ATTACK,0.6,0.29159359056122447,0.5258989056773011,0.6892971791520753,0.6897683001798252,0.6888267012443599,0.6892971291497482,0.8186782525493888,0.872230823361373,10092,4539,4559,30986
to_label_877.jpg,ALLOCARIDARA_ATTACK,0.7,0.22492825255102042,0.4635481322623657,0.6334579943685336,0.7278929647286204,0.5607125793422926,0.6334579452076852,0.8105269451514459,0.9135538353246627,8215,3071,6436,32454
to_label_877.jpg,ALLOCARIDARA_ATTACK,0.8,0.10979352678571429,0.22874382885214392,0.3723214285695817,0.6812488654804638,0.2561599890774953,0.37232138884959204,0.7478077168352443,0.9505700211092173,3753,1756,10898,33769
to_label_877.jpg,ALLOCARIDARA_ATTACK,0.9,0.012814891581632654,0.006316620607933171,0.012553942722554244,0.14930015549777603,0.006552453757377978,0.012553934667467672,0.6990194515292191,0.9846023926784389,96,547,14555,34978
to_label_879.jpg,ALLOCARIDARA_ATTACK,0.1,0.41019610969387754,0.24857721616548384,0.3981767614323309,0.2504129822162549,0.9713531850551951,0.39817672884053623,0.6894929846925034,0.6561622464883973,5154,15428,152,29442
to_label_879.jpg,ALLOCARIDARA_ATTACK,0.2,0.3704360650510204,0.2669282570641766,0.42137864646372836,0.2708344541869541,0.9487372785347016,0.4213786119106053,0.7244698660699848,0.6979496322694496,5034,13553,272,31317
to_label_879.jpg,ALLOCARIDARA_ATTACK,0.3,0.3428332270408163,0.28075566177147626,0.43842189443558544,0.28682711312471326,0.9298906897676237,0.4384218584004788,0.7480867346923866,0.7265879206580642,4934,12268,372,32602
to_label_879.jpg,ALLOCARIDARA_ATTACK,0.4,0.32467713647959184,0.2885269375318386,0.4478399777726173,0.29685102203488517,0.9114210327758873,0.44783994070604816,0.7623365752535827,0.7447069311327286,4836,11455,470,33415
to_label_879.jpg,ALLOCARIDARA_ATTACK,0.5,0.30331234056122447,0.3002850807709833,0.46187576126449753,0.3114527892745157,0.8933283075594926,0.46187572292534734,0.7798748405596702,0.7664586583446257,4740,10479,566,34391
to_label_879.jpg,ALLOCARIDARA_ATTACK,0.6,0.2819874043367347,0.31363943281354734,0.4775122076562451,0.32829175206496364,0.8754240482307685,0.4775121679839476,0.7974131058657576,0.7881880989507729,4645,9504,661,35366
to_label_879.jpg,ALLOCARIDARA_ATTACK,0.7,0.25589923469387754,0.3321098223437666,0.4986222859004815,0.35233644859538676,0.8526196758226042,0.49862224451678755,0.8186782525493888,0.8146645865816478,4524,8316,782,36554
to_label_879.jpg,ALLOCARIDARA_ATTACK,0.8,0.20735012755102042,0.35093301229382634,0.5195416931857445,0.3922529796194516,0.7691292875844491,0.5195416484476706,0.8495695153044293,0.8590817918411877,4081,6323,1225,38547
to_label_879.jpg,ALLOCARIDARA_ATTACK,0.9,0.08806999362244898,0.18742368742139898,0.31568123392991587,0.3473636569280977,0.2892951375746458,0.3156811843426246,0.8673668686207203,0.9357254290150753,1535,2884,3771,41986
to_label_884.jpg,ALLOCARIDARA_ATTACK,0.1,0.6791095344387755,0.234503798878716,0.3799158805209231,0.2346001467344546,0.9982517482392826,0.37991584970400333,0.47993064413169656,0.3814978182499016,7994,26081,14,16087
to_label_884.jpg,ALLOCARIDARA_ATTACK,0.2,0.6363400829081632,0.24651206342193416,0.3955229486431241,0.24736133295672472,0.9862637362514203,0.39552291658029204,0.5188735650499863,0.4301128818050889,7898,24031,110,18137
to_label_884.jpg,ALLOCARIDARA_ATTACK,0.3,0.6017817283163265,0.2537906137175786,0.4048373164400575,0.2561020036421391,0.965659340647282,0.40483728330345253,0.5468550701519713,0.46732119142366885,7733,22462,275,19706
to_label_884.jpg,ALLOCARIDARA_ATTACK,0.4,0.5720663265306123,0.26240500670450667,0.41572237960226704,0.2658514492744361,0.9529220779101784,0.4157223454912416,0.5725047831621243,0.5002608613154519,7631,21073,377,21095
to_label_884.jpg,ALLOCARIDARA_ATTACK,0.5,0.5392020089285714,0.272473235346498,0.4282577075537511,0.27750877841331545,0.9375624375507298,0.4282576723070504,0.6004663584171707,0.5364494403326303,7508,19547,500,22621
to_label_884.jpg,ALLOCARIDARA_ATTACK,0.6,0.5038464604591837,0.28380254531321325,0.4421280302789446,0.291088168979506,0.9189560439445685,0.44212799373944794,0.6298828124987447,0.5749857711995471,7359,17922,649,24246
to_label_884.jpg,ALLOCARIDARA_ATTACK,0.7,0.4549186862244898,0.2828791345942048,0.4410066809351981,0.2978620870923602,0.8490259740153718,0.4410066424813105,0.656489158161957,0.6199250616566593,6799,16027,1209,26141
to_label_884.jpg,ALLOCARIDARA_ATTACK,0.8,0.3518614477040816,0.2748633879767766,0.43120445777800254,0.31339563862750835,0.6909340659254379,0.43120441484177474,0.7090840242332807,0.7125308290630038,5533,12122,2475,30046
to_label_884.jpg,ALLOCARIDARA_ATTACK,0.9,0.1286670918367347,0.23613366378740164,0.3820519911478011,0.42797397768853823,0.3450299700256615,0.38205194172084017,0.8218670280595866,0.9124217416028447,2763,3693,5245,38475
to_label_885.jpg,ALLOCARIDARA_ATTACK,0.1,0.4865872130102041,0.06262543518303246,0.11786925686047692,0.06262543518303246,0.9999999999345978,0.11786924576775601,0.5438855229580997,0.5295496125135578,1529,22886,0,25761
to_label_885.jpg,ALLOCARIDARA_ATTACK,0.2,0.42402742346938777,0.0718650122200044,0.13409340056946242,0.0718650122200044,0.9999999999345978,0.13409338805858756,0.6064453124987913,0.5940756881193207,1529,19747,0,28900
to_label_885.jpg,ALLOCARIDARA_ATTACK,0.3,0.3866589604591837,0.07881037059904741,0.1461060678445002,0.07881037059904741,0.9999999999345978,0.14610605430054574,0.6438137755089209,0.6326186609644323,1529,17872,0,30775
to_label_885.jpg,ALLOCARIDARA_ATTACK,0.4,0.36146763392857145,0.08430280641735512,0.15549679650078563,0.08430280641735512,0.9999999999345978,0.1554967821592793,0.669005102039483,0.6586017637250835,1529,16608,0,32039
to_label_885.jpg,ALLOCARIDARA_ATTACK,0.5,0.3382095025510204,0.09010017678202652,0.16530623276844528,0.09010017678202652,0.9999999999345978,0.16530621760323733,0.6922632334169877,0.6825909100238811,1529,15441,0,33206
to_label_885.jpg,ALLOCARIDARA_ATTACK,0.6,0.3173230229591837,0.09603064941529939,0.17523351097257903,0.09603064941529939,0.9999999999345978,0.1752334949835644,0.7131497130087828,0.7041338623127754,1529,14393,0,34254
to_label_885.jpg,ALLOCARIDARA_ATTACK,0.7,0.29013871173469385,0.10480049447081381,0.18971840616529048,0.10482209094583855,0.9980379332244579,0.18971838896171148,0.740214445151586,0.7321109215352805,1526,13032,3,35615
to_label_885.jpg,ALLOCARIDARA_ATTACK,0.8,0.24465880102040816,0.11971773866396529,0.21383556682206564,0.12023460410459241,0.9653368213887942,0.21383554712254543,0.7837013711719075,0.7779924764101014,1476,10800,53,37847
to_label_885.jpg,ALLOCARIDARA_ATTACK,0.9,0.16776945153061223,0.1495435109193396,0.26017894842404565,0.15371822285395914,0.846304774306978,0.26017892240413604,0.8533362563758503,0.8535572594387042,1294,7124,235,41523
to_label_892.jpg,ALLOCARIDARA_ATTACK,0.1,0.4595224808673469,0.13235357870493625,0.23376722817674667,0.13241098148010405,0.9967352268691893,0.23376720747284566,0.6011240433661489,0.5754038163551983,3053,20004,10,27109
to_label_892.jpg,ALLOCARIDARA_ATTACK,0.2,0.4069874043367347,0.14796891039669566,0.257792539600333,0.14822976347804598,0.9882468168139652,0.2577925169157483,0.6526227678558422,0.6308025385761238,3027,17394,36,29719
to_label_892.jpg,ALLOCARIDARA_ATTACK,0.3,0.3759765625,0.15941415957193775,0.2749908792398988,0.15981977206382283,0.9843290890961696,0.27499085520411,0.6831552933659855,0.663574809499154,3015,15850,48,31263
to_label_892.jpg,ALLOCARIDARA_ATTACK,0.4,0.3510841836734694,0.16975902251289873,0.2902461434291298,0.17035649409530906,0.9797584067587412,0.29024611819145474,0.7074896364781819,0.6897883811247643,3001,14615,62,32498
to_label_892.jpg,ALLOCARIDARA_ATTACK,0.5,0.3274075255102041,0.18048573678044644,0.3057821558652415,0.18139761382894207,0.9729023832525987,0.30578212937297433,0.730329241069973,0.7145586143936609,2980,13448,83,33665
to_label_892.jpg,ALLOCARIDARA_ATTACK,0.6,0.2977319834183674,0.19210648301309777,0.3222975224957099,0.19418970479821815,0.9471106757771104,0.3222974942544219,0.7568558673454303,0.7444866597314022,2901,12038,162,35075
to_label_892.jpg,ALLOCARIDARA_ATTACK,0.7,0.2664421237244898,0.19635966508775857,0.32826192794347453,0.2017353579160615,0.8805093045745834,0.32826189760989755,0.7800143494882413,0.7734807802500934,2697,10672,366,36441
to_label_892.jpg,ALLOCARIDARA_ATTACK,0.8,0.22018494897959184,0.21030963204211073,0.3475302955116751,0.2219406227351381,0.800522363669588,0.3475302615196922,0.8165058992330666,0.8175450512580019,2452,8596,611,38517
to_label_892.jpg,ALLOCARIDARA_ATTACK,0.9,0.09068080357142858,0.15663931935343908,0.2708524891597156,0.22659340658842653,0.33659810642061383,0.2708524410637355,0.8893694196410846,0.9253072400379401,1031,3519,2032,43594
to_label_2757.jpg,LEAF_BLIGHT,0.1,0.14245854591836735,0.17333519865454203,0.2954572552724996,0.17333519865454203,0.9999999999192897,0.2954572300880029,0.8822345344370173,0.8792529170139582,1239,5909,0,43028
to_label_2757.jpg,LEAF_BLIGHT,0.2,0.12986288265306123,0.19014732964717393,0.3195357833614502,0.19014732964717393,0.9999999999192897,0.3195357565089096,0.8948301977022982,0.8921674806365487,1239,5277,0,43660
to_label_2757.jpg,LEAF_BLIGHT,0.3,0.12338568239795919,0.20012921983201212,0.33351278599820305,0.20012921983201212,0.9999999999192897,0.3335127582039769,0.9013073979573873,0.8988086723728491,1239,4952,0,43985
to_label_2757.jpg,LEAF_BLIGHT,0.4,0.11844308035714286,0.20848056536751675,0.3450292397612778,0.20848056536751675,0.9999999999192897,0.34502921120581087,0.9062499999981939,0.9038764125285492,1239,4704,0,44233
to_label_2757.jpg,LEAF_BLIGHT,0.5,0.11429767219387756,0.21604184829614576,0.3553197591001532,0.21604184829614576,0.9999999999192897,0.3553197298756913,0.9103954081614509,0.9081267752397815,1239,4496,0,44441
to_label_2757.jpg,LEAF_BLIGHT,0.6,0.10981345663265306,0.2248638838434689,0.3671655059954487,0.2248638838434689,0.9999999999192897,0.3671654760139857,0.9148796237226664,0.9127245233649126,1239,4271,0,44666
to_label_2757.jpg,LEAF_BLIGHT,0.7,0.10516980229591837,0.23479249573176442,0.38029465929434786,0.23479249573176442,0.9999999999192897,0.3802946284902495,0.9195232780593919,0.9174857469789373,1239,4038,0,44899
to_label_2757.jpg,LEAF_BLIGHT,0.8,0.09777582908163265,0.25254790052481557,0.4032546785939259,0.25254790052481557,0.9999999999192897,0.40325464639261493,0.9269172512736629,0.9250669227763756,1239,3667,0,45270
to_label_2757.jpg,LEAF_BLIGHT,0.9,0.08169244260204081,0.2924939467241527,0.45260397151643683,0.29470602585277617,0.9749798223587586,0.4526039358610349,0.941764987243021,0.9409240451990499,1208,2891,31,46046
to_label_2773.jpg,LEAF_BLIGHT,0.1,0.16270727040816327,0.20100440960067364,0.33472718000678503,0.20100440960067364,0.9999999999390615,0.33472715213276977,0.8699976084166334,0.8656021427817748,1641,6523,0,42012
to_label_2773.jpg,LEAF_BLIGHT,0.2,0.14325573979591838,0.22607971114808945,0.36878468682332327,0.22648859209479008,0.9920780011583133,0.36878465655533815,0.8889309630084324,0.8854434943836706,1628,5560,13,42975
to_label_2773.jpg,LEAF_BLIGHT,0.3,0.1318957270408163,0.2430764599602186,0.3910885095000473,0.2440314294311872,0.9841560023775651,0.39108847765257637,0.8997727997431048,0.8969197486331577,1615,5003,26,43532
to_label_2773.jpg,LEAF_BLIGHT,0.4,0.12328603316326531,0.2571474461892524,0.40909671648896007,0.2588102166139863,0.9756246190752209,0.40909668334333005,0.907824457906354,0.905532090242288,1601,4585,40,43950
to_label_2773.jpg,LEAF_BLIGHT,0.5,0.11459661989795919,0.2740906740169955,0.4302530104122547,0.2765217391256257,0.9689213893376647,0.4302529758602573,0.9160754145389906,0.9142886576678391,1590,4160,51,44375
to_label_2773.jpg,LEAF_BLIGHT,0.6,0.1055484693877551,0.29518297236192714,0.4558166354266136,0.29852719032668945,0.9634369286433005,0.45581659930042634,0.9247648278042794,0.9234572988545926,1581,3715,60,44820
to_label_2773.jpg,LEAF_BLIGHT,0.7,0.09402901785714286,0.3283893879187719,0.4944173612125426,0.33319203051434526,0.9579524679489364,0.49441732291181706,0.9359255420899715,0.9351807973608011,1572,3146,69,45389
to_label_2773.jpg,LEAF_BLIGHT,0.8,0.07908163265306123,0.38767936664058195,0.5587448742991844,0.39490927418359606,0.9549055453409564,0.5587448328950386,0.9506736288246359,0.9505305449655908,1567,2401,74,46134
to_label_2773.jpg,LEAF_BLIGHT,0.9,0.06409438775510204,0.47137231140650193,0.640724727184667,0.4838308457560998,0.9482023156034002,0.6407246824291675,0.9652224170899131,0.9657978778181399,1556,1660,85,46875
to_label_2776.jpg,LEAF_BLIGHT,0.1,0.14148198341836735,0.22887029288383723,0.3724889342824595,0.23115931821057673,0.9585280373271887,0.37248890296841763,0.8898078762737368,0.8873803235372908,1641,5458,71,43006
to_label_2776.jpg,LEAF_BLIGHT,0.2,0.12527901785714285,0.2581406323697005,0.41035258814190606,0.2610563156178642,0.9585280373271887,0.4103525544898567,0.906010841834929,0.9041556619327663,1641,4645,71,43819
to_label_2776.jpg,LEAF_BLIGHT,0.3,0.11666932397959184,0.2769620253117812,0.4337827121274943,0.2803211479282487,0.9585280373271887,0.43378267710679047,0.9146205357124628,0.9130694948809156,1641,4213,71,44251
to_label_2776.jpg,LEAF_BLIGHT,0.4,0.11154735331632654,0.28952011290950036,0.4490354357579828,0.2931927818421799,0.9585280373271887,0.4490353998783927,0.919742506375718,0.9183724001301619,1641,3956,71,44508
to_label_2776.jpg,LEAF_BLIGHT,0.5,0.1063655931122449,0.3029574861311838,0.46503050077365543,0.3071013678038767,0.9573598130281915,0.4650304639900918,0.9248445471920343,0.9236959392519732,1639,3698,73,44766
to_label_2776.jpg,LEAF_BLIGHT,0.6,0.10078523596938775,0.31872199492852676,0.48338011522406,0.32351196360839407,0.9556074765796958,0.4833800774268531,0.9303053252532479,0.9294115219525226,1636,3421,76,45043
to_label_2776.jpg,LEAF_BLIGHT,0.7,0.0944076849489796,0.3385222083781959,0.5058148550084383,0.3443107451901138,0.9526869158322028,0.5058148160016953,0.9364835778042561,0.9359111918105482,1631,3106,81,45358
to_label_2776.jpg,LEAF_BLIGHT,0.8,0.08597735969387756,0.36923426493139666,0.5393295718463437,0.37668057486377654,0.9491822429352113,0.5393295311597667,0.9446747448960765,0.9445155166702202,1625,2689,87,45775
to_label_2776.jpg,LEAF_BLIGHT,0.9,0.07130899234693877,0.43205197616588925,0.603402646491429,0.4460592509657334,0.9322429905997521,0.603402602701337,0.9581871811205394,0.9591036645737886,1596,1982,116,46482
to_label_2777.jpg,LEAF_BLIGHT,0.1,0.21520248724489796,0.2563387215864746,0.4080726275200309,0.2893128357076374,0.6922224684092129,0.40807258594243867,0.8193757971922445,0.8319427107267767,3124,7674,1389,37989
to_label_2777.jpg,LEAF_BLIGHT,0.2,0.19154575892857142,0.26264974074501474,0.4160294534096854,0.3056913952730653,0.651008198523133,0.41602940992084186,0.8356186224473142,0.8538641788738062,2938,6673,1575,38990
to_label_2777.jpg,LEAF_BLIGHT,0.3,0.17799346301020408,0.2640090259471229,0.4177328176106982,0.31441048034582453,0.6222025260221095,0.41773277300723094,0.8439891581615833,0.8659089415919543,2808,6123,1705,39540
to_label_2777.jpg,LEAF_BLIGHT,0.4,0.16850685586734693,0.26541764246423283,0.4194941394168762,0.3217031342362897,0.6027033015598781,0.41949409403380866,0.849968112243204,0.8744059742003933,2720,5735,1793,39928
to_label_2777.jpg,LEAF_BLIGHT,0.5,0.1603954081632653,0.26610220743608404,0.42034869834869554,0.3280318091410533,0.5849767338669405,0.4203486523054018,0.8548907844370717,0.8815671331255468,2640,5408,1873,40255
to_label_2777.jpg,LEAF_BLIGHT,0.6,0.15156648596938777,0.2657196574026977,0.41987126588199475,0.3345167652815974,0.5637048526354154,0.4198712191338056,0.8598931760186944,0.8891662834222693,2544,5061,1969,40602
to_label_2777.jpg,LEAF_BLIGHT,0.7,0.14050542091836735,0.2664841182884284,0.4208250453998026,0.3451063829738283,0.5391092399614644,0.4208249978031342,0.8665298150492934,0.8988896918711016,2433,4617,2080,41046
to_label_2777.jpg,LEAF_BLIGHT,0.8,0.1243423150510204,0.26449488415542166,0.41834077380563295,0.3604744349998321,0.498338134267708,0.41834072509021425,0.8753587372431534,0.9126207213697903,2249,3990,2264,41673
to_label_2777.jpg,LEAF_BLIGHT,0.9,0.09550382653061225,0.23769619579359277,0.3840945728061892,0.37291318863996425,0.39596720584099343,0.38409452284701956,0.8857820471921122,0.9341917964195646,1787,3005,2726,42658
to_label_2778.jpg,LEAF_BLIGHT,0.1,0.23642777423469388,0.28757201645853847,0.4466888263842579,0.29452920846080644,0.9240941549610131,0.44668878972620596,0.82748724489631,0.8196141825610096,3494,8369,287,38026
to_label_2778.jpg,LEAF_BLIGHT,0.2,0.21699617346938777,0.30182818601081085,0.46369895698095503,0.3123622336488578,0.8994974874133961,0.4636989187143786,0.8432118941309725,0.8386248518141208,3401,7487,380,38908
to_label_2778.jpg,LEAF_BLIGHT,0.3,0.20517777423469388,0.3123251911214588,0.4759874964444729,0.3254006799385585,0.8860089923066382,0.47598745714906093,0.8529974489778918,0.8503071451646722,3350,6945,431,39450
to_label_2778.jpg,LEAF_BLIGHT,0.4,0.19632892219387754,0.3205463528013121,0.48547535210911474,0.33590498426214693,0.8751653001619898,0.4854753120190846,0.8602120535697142,0.858993426013883,3309,6542,472,39853
to_label_2778.jpg,LEAF_BLIGHT,0.5,0.18849649234693877,0.3292168674665741,0.49535463403206165,0.34669063226531305,0.8672308912756618,0.4953545932221737,0.8668486926003132,0.8668175449922043,3279,6179,502,40216
to_label_2778.jpg,LEAF_BLIGHT,0.6,0.17942841198979592,0.3391996647775068,0.5065707133877771,0.3596578918098449,0.8563871991310134,0.506570671726587,0.8742825255084616,0.8757409203559096,3238,5765,543,40630
to_label_2778.jpg,LEAF_BLIGHT,0.7,0.16810825892857142,0.3544738884537701,0.5234119187907382,0.3790160047376524,0.8455435069863649,0.523411876043584,0.8839684311206872,0.8870999030048774,3197,5238,584,41157
to_label_2778.jpg,LEAF_BLIGHT,0.8,0.1509685905612245,0.3746519791747409,0.5450862979874508,0.4085808580804148,0.8185665167728494,0.5450862535636783,0.8970424107124979,0.9034378704582317,3095,4480,686,41915
to_label_2778.jpg,LEAF_BLIGHT,0.9,0.10150271045918367,0.2834827885408811,0.4417399143515693,0.3848419399099776,0.5183813805734361,0.44173986543954313,0.9012675382635099,0.9324711714604322,1960,3133,1821,43262
to_label_2779.jpg,LEAF_BLIGHT,0.1,0.2395966198979592,0.20527479228443268,0.34062737161433954,0.22400598901826646,0.7105540896910144,0.34062733516430543,0.7922114158147476,0.7988832837476849,2693,9329,1097,37057
to_label_2779.jpg,LEAF_BLIGHT,0.2,0.20876514668367346,0.22058697698108506,0.3614440939336737,0.24610978520051444,0.6802110817762478,0.3614440549118252,0.8184590242330627,0.8297546673547411,2578,7897,1212,38489
to_label_2779.jpg,LEAF_BLIGHT,0.3,0.18983179209183673,0.22934170436497697,0.3731130304140209,0.2607874015720652,0.6554089709589602,0.37311298968709006,0.8336455676003793,0.8482085111868921,2484,7041,1306,39345
to_label_2779.jpg,LEAF_BLIGHT,0.4,0.17707669005102042,0.22772181324847227,0.3709664694250811,0.2646032639249904,0.6203166226749257,0.3709664275012491,0.8410993303554666,0.8591385331762619,2351,6534,1439,39852
to_label_2779.jpg,LEAF_BLIGHT,0.5,0.16450095663265307,0.22797716149849123,0.37130521421146373,0.2708989580776484,0.5899736147601591,0.3713051710771228,0.8490911989778996,0.8702625792246146,2236,6018,1554,40368
to_label_2779.jpg,LEAF_BLIGHT,0.6,0.14927455357142858,0.22702055911860086,0.3700354609896273,0.27863818424194076,0.5506596305923309,0.37003541636601756,0.8583785076513505,0.8835208899217791,2087,5403,1703,40983
to_label_2779.jpg,LEAF_BLIGHT,0.7,0.1240234375,0.22423279129203774,0.36632377908352814,0.29471316085015725,0.4839050131798442,0.3663237320319399,0.8735451211717284,0.9053809339005188,1834,4389,1956,41997
to_label_2779.jpg,LEAF_BLIGHT,0.8,0.10048628826530612,0.2039258451444394,0.3387681159381933,0.2967076556863009,0.3947229551347039,0.33876806693912054,0.88360969387579,0.9235545207585832,1496,3546,2294,42840
to_label_2779.jpg,LEAF_BLIGHT,0.9,0.06554926658163265,0.16488398880755498,0.2830908320344245,0.3046518698599984,0.26437994722257574,0.2830907822808731,0.8988560267839228,0.9506963307874128,1002,2287,2788,44099
to_label_2780.jpg,LEAF_BLIGHT,0.1,0.18389269770408162,0.33762938907715007,0.5048175403952293,0.36057223365817087,0.8414264036206013,0.5048174983932239,0.8699178890288785,0.8723551555517451,3327,5900,627,40322
to_label_2780.jpg,LEAF_BLIGHT,0.2,0.15613042091836735,0.34183266931881806,0.5095011876441338,0.3833290783714153,0.7594840667486221,0.5095011430567453,0.8847656249982366,0.895482670587825,3003,4831,951,41391
to_label_2780.jpg,LEAF_BLIGHT,0.3,0.138671875,0.35721393034381577,0.5263929618720088,0.41276228800786485,0.7263530601738404,0.5263929156565078,0.8970025510186205,0.9116005365390688,2872,4086,1082,42136
to_label_2780.jpg,LEAF_BLIGHT,0.4,0.125,0.3627398720633963,0.5323684725158188,0.433992346931856,0.6884167931034796,0.5323684250797424,0.9046954719369724,0.9231967461362053,2722,3550,1232,42672
to_label_2780.jpg,LEAF_BLIGHT,0.5,0.11427774234693877,0.3515624999950954,0.5202312138674625,0.4394837809480383,0.6373292867820605,0.5202311655499778,0.9073660714267631,0.9304660118538132,2520,3214,1434,43008
to_label_2780.jpg,LEAF_BLIGHT,0.6,0.10399394132653061,0.3530019176817672,0.521805494979047,0.45860482942777686,0.6052099139958217,0.5218054459229524,0.9125876913247118,0.9388819176994961,2393,2825,1561,43397
to_label_2780.jpg,LEAF_BLIGHT,0.7,0.09719786352040816,0.36491499226638463,0.5347072811625556,0.484109083443016,0.5971168436874781,0.5347072317027078,0.9181082589267416,0.9455670459933677,2361,2516,1593,43706
to_label_2780.jpg,LEAF_BLIGHT,0.8,0.0897640306122449,0.38044720090777795,0.5511941357229699,0.5175399644645307,0.5895295902734059,0.5511940859278844,0.924346301018566,0.9529877547467591,2331,2173,1623,44049
to_label_2780.jpg,LEAF_BLIGHT,0.9,0.07513552295918367,0.39826212888489754,0.5696530295110092,0.5835543766423461,0.5563985836986243,0.5696529795320125,0.9337531887736492,0.9660334905435376,2200,1570,1754,44652
to_label_2781.jpg,LEAF_BLIGHT,0.1,0.26333306760204084,0.1259176863171975,0.22367121122160527,0.1285098009526337,0.8619289339663995,0.22367118863709082,0.7650868941311283,0.7611293200000806,1698,11515,272,36691
to_label_2781.jpg,LEAF_BLIGHT,0.2,0.23903858418367346,0.13843143648998507,0.24319679174847322,0.141570785391516,0.8619289339663995,0.24319676751187008,0.7893813775494471,0.7864166286338082,1698,10296,272,37910
to_label_2781.jpg,LEAF_BLIGHT,0.3,0.22090242346938777,0.14952448044954628,0.26015014554726407,0.15319379285318302,0.8619289339663995,0.26015011991781617,0.8075175382636968,0.8052939468099297,1698,9386,272,38820
to_label_2781.jpg,LEAF_BLIGHT,0.4,0.2079480229591837,0.15860265271662055,0.2737826507556128,0.1627372052888371,0.8619289339663995,0.2737826240342028,0.820471938773875,0.8187777455071593,1698,8736,272,39470
to_label_2781.jpg,LEAF_BLIGHT,0.5,0.19577088647959184,0.16820208023607525,0.28796743830842053,0.17285961518708276,0.8619289339663995,0.287967410477355,0.8326490752534426,0.8314525162825551,1698,8125,272,40081
to_label_2781.jpg,LEAF_BLIGHT,0.6,0.18293606505102042,0.17966352766712873,0.3046013095317553,0.18498747140009816,0.8619289339663995,0.30460128043393214,0.8454838966819884,0.8448118491456565,1698,7481,272,40725
to_label_2781.jpg,LEAF_BLIGHT,0.7,0.16838727678571427,0.19470244237822837,0.32594298876738703,0.20097052905431445,0.8619289339663995,0.32594295809880347,0.8600326849472656,0.8599551922979298,1698,6751,272,41455
to_label_2781.jpg,LEAF_BLIGHT,0.8,0.1483777104591837,0.21987561544156678,0.3604885820460914,0.22793821356309016,0.8614213197532273,0.3604885489504744,0.8800023915798788,0.8807617309030396,1697,5748,273,42458
to_label_2781.jpg,LEAF_BLIGHT,0.9,0.11772560586734694,0.27315338612779777,0.4290973720905282,0.2861012358170628,0.8578680202610219,0.42909733457556437,0.9103754783145122,0.9125212629114373,1690,4217,280,43989
to_label_2784.jpg,LEAF_BLIGHT,0.1,0.16717155612244897,0.15885904642766124,0.2741645706047955,0.18192656175271904,0.556122448959325,0.27416453345513386,0.8389668367330219,0.8553297351980618,1526,6862,1218,40570
to_label_2784.jpg,LEAF_BLIGHT,0.2,0.14192044005102042,0.16346267248303498,0.2809934110463153,0.19463558488702942,0.5051020407979191,0.28099337088650517,0.8586375956615541,0.879090065776524,1386,5735,1358,41697
to_label_2784.jpg,LEAF_BLIGHT,0.3,0.13181600765306123,0.1729756831264355,0.2949348151282866,0.20864832173860526,0.5029154518767159,0.29493477367631693,0.8685028698962283,0.8896525552350951,1380,5234,1364,42198
to_label_2784.jpg,LEAF_BLIGHT,0.4,0.12380420918367346,0.1815303430055207,0.3072800357268057,0.22150676110396803,0.5014577259292472,0.30727999322059646,0.8763552295900902,0.8980435149247384,1376,4836,1368,42596
to_label_2784.jpg,LEAF_BLIGHT,0.5,0.11810427295918367,0.1876712328741415,0.31603229526740445,0.23118461018847142,0.4992711370080441,0.31603225199868096,0.8818160076513037,0.9039467026460956,1370,4556,1374,42876
to_label_2784.jpg,LEAF_BLIGHT,0.6,0.11204559948979592,0.1951428571400694,0.3265598852459173,0.2429740305897728,0.49781341106057536,0.3265598411592146,0.8877152423451695,0.9102715466332639,1366,4256,1378,43176
to_label_2784.jpg,LEAF_BLIGHT,0.7,0.10469148596938775,0.20473034046091096,0.33987745404101694,0.25870930896138,0.49526239065250505,0.3398774089584955,0.8947903380084208,0.9179035250444469,1359,3894,1385,43538
to_label_2784.jpg,LEAF_BLIGHT,0.8,0.09452726403061225,0.22017601042665946,0.36089221316467357,0.2848408180416437,0.4923469387575676,0.3608921667242059,0.9046356823961562,0.9284870973163086,1351,3392,1393,44040
to_label_2784.jpg,LEAF_BLIGHT,0.9,0.07790577168367346,0.2507990223679113,0.4010220952893278,0.34126375031104467,0.4861516034808254,0.40102204681646364,0.9205795599471449,0.945711755774697,1334,2575,1410,44857
to_label_2804.jpg,LEAF_BLIGHT,0.1,0.18263711734693877,0.25737485866731036,0.4093844518890756,0.2732431252698249,0.8159009449066178,0.4093844142980098,0.856006855865641,0.8586197380413556,2504,6660,565,40447
to_label_2804.jpg,LEAF_BLIGHT,0.2,0.15943877551020408,0.25598547599845695,0.40762489836112,0.281999999996475,0.73509286410117,0.40762485827998995,0.8693199936207164,0.8780648311272675,2256,5744,813,41363
to_label_2804.jpg,LEAF_BLIGHT,0.3,0.1462452168367347,0.2642128279851286,0.417987892760469,0.2964022894481275,0.7086999022251972,0.4179878511698503,0.8792849170900843,0.8903984545802314,2175,5163,894,41944
to_label_2804.jpg,LEAF_BLIGHT,0.4,0.13522401147959184,0.2737849017544754,0.42987619240481145,0.3121591746453624,0.6901270772013645,0.4298761495108904,0.8880341198961893,0.9009276752905069,2118,4667,951,42440
to_label_2804.jpg,LEAF_BLIGHT,0.5,0.12595663265306123,0.281774744023457,0.4396634359309866,0.3265822784758452,0.6725317692840492,0.4396633919209781,0.895149075253318,0.909652493258094,2064,4256,1005,42851
to_label_2804.jpg,LEAF_BLIGHT,0.6,0.11609135841836735,0.2906689885315532,0.4504160107887293,0.3438626609383028,0.652655588118193,0.45041596558469693,0.9025829081614665,0.9188655613795851,2003,3822,1066,43285
to_label_2804.jpg,LEAF_BLIGHT,0.7,0.10331632653061225,0.30626780626295874,0.46892039257883283,0.3732638888816886,0.630498533703796,0.4689203458568828,0.912647480865528,0.9310293586920606,1935,3249,1134,43858
to_label_2804.jpg,LEAF_BLIGHT,0.8,0.08954480229591837,0.32064268249527345,0.48558582384970134,0.4086356554549603,0.5982404691887182,0.48558577561631694,0.9224728954063248,0.9435964930881958,1836,2657,1233,44450
to_label_2804.jpg,LEAF_BLIGHT,0.9,0.07065130739795919,0.3204232381648947,0.48533413969632094,0.4527503525965374,0.5229716519868697,0.48533408994796173,0.9321588010185504,0.958817160929461,1605,1940,1464,45167
to_label_2810.jpg,LEAF_BLIGHT,0.1,0.3208506058673469,0.3219579249323335,0.4870925448687233,0.3346170569579811,0.8948504983240059,0.4870925052483545,0.7738958864780494,0.7574055620963008,5387,10712,633,33444
to_label_2810.jpg,LEAF_BLIGHT,0.2,0.2903579400510204,0.3389477791484753,0.5062897663776469,0.3577458988238194,0.8657807308826283,0.506289724995645,0.7974131058657576,0.7880922184962675,5212,9357,808,34799
to_label_2810.jpg,LEAF_BLIGHT,0.3,0.2696508290816326,0.3490201490453421,0.51744245524032,0.37383592017462053,0.840199335534216,0.5174424126159775,0.8119818239779736,0.808134794816541,5058,8472,962,35684
to_label_2810.jpg,LEAF_BLIGHT,0.4,0.2514548788265306,0.3579860099070388,0.5272307774828179,0.389395260359916,0.8161129567970745,0.5272307337448466,0.8243981186208059,0.8255276746063377,4913,7704,1107,36452
to_label_2810.jpg,LEAF_BLIGHT,0.5,0.23244180484693877,0.36442901234286706,0.534185375781631,0.404955843261554,0.7845514950035789,0.5341853308704945,0.8358378507636403,0.8428299664805625,4723,6940,1297,37216
to_label_2810.jpg,LEAF_BLIGHT,0.6,0.2081672512755102,0.35704277589749406,0.526207105979191,0.41474389659727384,0.719601328891701,0.5262070595873783,0.8445272640289291,0.861559018025044,4332,6113,1688,38043
to_label_2810.jpg,LEAF_BLIGHT,0.7,0.16681281887755103,0.2821883631802353,0.4401667824847799,0.37837514933837063,0.5260797342105302,0.4401667338151992,0.8394451530595515,0.8821677688176416,3167,5203,2853,38953
to_label_2810.jpg,LEAF_BLIGHT,0.8,0.13653938137755103,0.2184985326117722,0.35863569263958794,0.336885126254023,0.38338870431256833,0.3586356428452324,0.835479113518743,0.8971147748869981,2308,4543,3712,39613
to_label_2810.jpg,LEAF_BLIGHT,0.9,0.07061144770408163,0.163240481691239,0.28066506326173096,0.37877504938247886,0.22292358803616408,0.2806650166133495,0.8629025829064435,0.9501539994543207,1342,2201,4678,41955
to_label_2827.jpg,LEAF_BLIGHT,0.1,0.267398756377551,0.2814211212497952,0.4392328432597078,0.3217559812154598,0.6918269230658362,0.4392327999228039,0.7803132971923223,0.7928805535306062,4317,9100,1923,34836
to_label_2827.jpg,LEAF_BLIGHT,0.2,0.2372249681122449,0.2986185670295711,0.45990189053376007,0.3504998739784046,0.668589743579029,0.45990184540253026,0.8047074298453349,0.8240395120156044,4172,7731,2068,36205
to_label_2827.jpg,LEAF_BLIGHT,0.3,0.21504304846938777,0.30548102721115,0.46799765120101,0.3693234476332778,0.6386217948615606,0.4679976047674059,0.8194355867330607,0.8451156227220386,3985,6805,2255,37131
to_label_2827.jpg,LEAF_BLIGHT,0.4,0.19981664540816327,0.31018928715013944,0.4735030124156307,0.3841013365212038,0.6171474358875457,0.47350296512147916,0.8293207908146737,0.8594546613236083,3851,6175,2389,37761
to_label_2827.jpg,LEAF_BLIGHT,0.5,0.18748007015306123,0.3146529994932393,0.478686010094723,0.39810779206550323,0.6001602564006385,0.4786859621400177,0.8374322385187392,0.8711307356134579,3745,5662,2495,38274
to_label_2827.jpg,LEAF_BLIGHT,0.6,0.17177535076530612,0.314839394741042,0.47890167574884646,0.41280891054167757,0.57019230768317,0.47890162702730876,0.8456831951513758,0.8848097232317808,3558,5061,2682,38875
to_label_2827.jpg,LEAF_BLIGHT,0.7,0.14307637117346939,0.2726669195725278,0.42849690736695356,0.40047360356037787,0.46073717947979587,0.4284968576085941,0.8471580038248422,0.902039329932397,2875,4304,3365,39632
to_label_2827.jpg,LEAF_BLIGHT,0.8,0.10849808673469388,0.19885081058691922,0.3317357069468355,0.3559882439317416,0.3105769230719459,0.3317356571760706,0.8443877551003579,0.920202112161052,1938,3506,4302,40430
to_label_2827.jpg,LEAF_BLIGHT,0.9,0.055982940051020405,0.13481314271212927,0.23759531439675546,0.38269846919249917,0.1722756410228802,0.23759527158217392,0.8625039859676688,0.9605335032753083,1075,1734,5165,42202
to_label_2899.jpg,LEAF_BLIGHT,0.1,0.13542330994897958,0.20065555080232783,0.3342433234381692,0.20721118469157895,0.8638036809286009,0.3342432922261111,0.8882134885186379,0.8890330820234643,1408,5387,222,43159
to_label_2899.jpg,LEAF_BLIGHT,0.2,0.12474091198979592,0.20811638590799209,0.34453035872297466,0.21712733663177622,0.8337423312371937,0.34453032593335,0.8969427614778043,0.899064804513453,1359,4900,271,43646
to_label_2899.jpg,LEAF_BLIGHT,0.3,0.11798469387755102,0.21480289621536922,0.35364238410127624,0.22550675675294754,0.8190184048577289,0.3536423502398348,0.9027423469369763,0.9055534956517415,1335,4585,295,43961
to_label_2899.jpg,LEAF_BLIGHT,0.4,0.11284279336734694,0.22123597387001784,0.36231486560117504,0.23330978452431456,0.810429447803041,0.3623148308830501,0.9073262117328855,0.9105796564064792,1321,4341,309,44205
to_label_2899.jpg,LEAF_BLIGHT,0.5,0.1083187181122449,0.22677548185055088,0.3697098372205278,0.24029438822004978,0.8012269938158756,0.3697098017182029,0.9112523915798165,0.9149466485376448,1306,4129,324,44417
to_label_2899.jpg,LEAF_BLIGHT,0.6,0.10345583545918367,0.23412339424219064,0.37941650783786224,0.24927759583414993,0.7938650306261432,0.37941647145985535,0.9156369579063384,0.9197256210585429,1294,3897,336,44649
to_label_2899.jpg,LEAF_BLIGHT,0.7,0.09741709183673469,0.24318138469877587,0.3912243019271061,0.2608428805183952,0.782208588909067,0.39122426441343755,0.9209183673451034,0.9255757425927459,1275,3613,355,44933
to_label_2899.jpg,LEAF_BLIGHT,0.8,0.08948501275510204,0.25409836065053076,0.4052287581633133,0.2761692650272568,0.7607361962723475,0.40522871907610697,0.9274553571410087,0.9330531866663926,1240,3250,390,45296
to_label_2899.jpg,LEAF_BLIGHT,0.9,0.07503587372448979,0.2766209181193417,0.43336422612727776,0.310491367853639,0.7171779140664307,0.4333641839496296,0.9390744579062917,0.9465249454106486,1169,2596,461,45950
to_label_2904.jpg,LEAF_BLIGHT,0.1,0.12149234693877552,0.13150595529235592,0.2324441240053,0.13221784776685994,0.9606674611489073,0.23244410273310137,0.8939134247431164,0.8927782394533661,806,5290,33,44047
to_label_2904.jpg,LEAF_BLIGHT,0.2,0.10813934948979592,0.14512886126585398,0.25347166799276183,0.14633247327411847,0.9463647197918517,0.2534716447918371,0.9067881058655397,0.9061150860390658,794,4632,45,44705
to_label_2904.jpg,LEAF_BLIGHT,0.3,0.1005062181122449,0.15446516192042267,0.2675960557587964,0.15605790203934053,0.9380214540002358,0.26759603129568926,0.9141422193859332,0.9137361412308942,787,4256,52,45081
to_label_2904.jpg,LEAF_BLIGHT,0.4,0.09510522959183673,0.16145725522331905,0.2780253074268753,0.16345347862188908,0.92967818820862,0.27802528198808735,0.9192641900491884,0.9190870948762205,780,3992,59,45345
to_label_2904.jpg,LEAF_BLIGHT,0.5,0.09014269770408163,0.1681917211292333,0.2879522566152937,0.17068317488015294,0.9201430273039163,0.2879522302122966,0.9239078443859138,0.9239718669539616,772,3751,67,45586
to_label_2904.jpg,LEAF_BLIGHT,0.6,0.0856186224489796,0.17505720823398038,0.29795520934181197,0.17807262569417895,0.9117997615123005,0.297955181997471,0.9281529017838644,0.9284309949917335,765,3531,74,45806
to_label_2904.jpg,LEAF_BLIGHT,0.7,0.08013791454081633,0.18681318680862483,0.3148148148083372,0.1902511812934531,0.9117997615123005,0.314814786235595,0.9336336096920168,0.9340049050389484,765,3256,74,46081
to_label_2904.jpg,LEAF_BLIGHT,0.8,0.07286352040816327,0.20509383377466237,0.34037819799020297,0.20924507658070993,0.9117997615123005,0.3403781676200477,0.9409080038246553,0.9414030038288882,765,2891,74,46446
to_label_2904.jpg,LEAF_BLIGHT,0.9,0.05919164540816327,0.2513140604385245,0.4016802310212213,0.257575757567085,0.9117997615123005,0.4016801966607009,0.9545798788246281,0.9553073758012135,765,2205,74,47132
to_label_2980.jpg,LEAF_BLIGHT,0.1,0.21554129464285715,0.38649750792581333,0.5575163398656371,0.3943596856181751,0.9509476031003133,0.5575162984204353,0.8650749362227657,0.8566457289162928,4265,6550,220,39141
to_label_2980.jpg,LEAF_BLIGHT,0.2,0.19423628826530612,0.40566969576841494,0.5771906401477255,0.42140365277630404,0.9157190635247332,0.5771905969770558,0.8800821109676338,0.8765840099781651,4107,5639,378,40052
to_label_2980.jpg,LEAF_BLIGHT,0.3,0.1787707270408163,0.42365887207254616,0.5951690821211805,0.44637681158922654,0.8927536231685005,0.5951690376723159,0.8914421237227131,0.891313387754938,4004,4966,481,40725
to_label_2980.jpg,LEAF_BLIGHT,0.4,0.16639429209183673,0.43605236656108254,0.6072931276250015,0.46676248651974167,0.8688963210508608,0.6072930821525889,0.8995535714267786,0.9025628679588922,3897,4452,588,41239
to_label_2980.jpg,LEAF_BLIGHT,0.5,0.15615035076530612,0.4317257408433268,0.6030844155795204,0.47415443522049583,0.8283166109068381,0.6030843692715331,0.902543048467589,0.9098290691801234,3715,4120,770,41571
to_label_2980.jpg,LEAF_BLIGHT,0.6,0.1451092155612245,0.41622532498295345,0.5877953425073279,0.4749347617020336,0.7710144927364323,0.5877952953258285,0.9033402423451384,0.9163292552123693,3458,3823,1027,41868
to_label_2980.jpg,LEAF_BLIGHT,0.7,0.1319953762755102,0.3974084790489696,0.5687792581871733,0.47697418087759363,0.704347826071252,0.5687792100343669,0.9045360331614626,0.924186382436532,3159,3464,1326,42227
to_label_2980.jpg,LEAF_BLIGHT,0.8,0.11310188137755102,0.3663259817056707,0.5362204724356671,0.47999999999154186,0.6073578595182306,0.5362204231163186,0.9060905612226839,0.9354139764922295,2724,2951,1761,42740
to_label_2980.jpg,LEAF_BLIGHT,0.9,0.07979910714285714,0.32165654677998357,0.4867475556545323,0.5159840159711293,0.46064659976676375,0.48674750580933035,0.9131656568859352,0.9575846446762872,2066,1938,2419,43753
to_label_3020.jpg,LEAF_BLIGHT,0.1,0.07395966198979592,0.1773509603348129,0.3012711864342951,0.19159256264641358,0.7046580772344244,0.30127115281330274,0.9342713647940564,0.9389834645169748,711,3000,298,46167
to_label_3020.jpg,LEAF_BLIGHT,0.2,0.05618223852040816,0.19475655430103758,0.3260188087689128,0.22135509044975685,0.6184340931002543,0.32601876993889467,0.9485809948960686,0.9553562348710408,624,2195,385,46972
to_label_3020.jpg,LEAF_BLIGHT,0.3,0.04741310586734694,0.1984435797595174,0.33116883115905643,0.23581336695099567,0.5559960356237863,0.33116878932497545,0.9548389668348317,0.9630239794964854,561,1818,448,47349
to_label_3020.jpg,LEAF_BLIGHT,0.4,0.042689732142857144,0.2072796934786483,0.34338305298815036,0.25256769373237314,0.5361744300757013,0.34338300944172967,0.9587651466817626,0.9674375088962771,541,1601,468,47566
to_label_3020.jpg,LEAF_BLIGHT,0.5,0.03926179846938776,0.2159183673381258,0.3551527358054665,0.268527918768095,0.5242814667468502,0.3551526909968132,0.9617147640286956,0.9706917241219299,529,1441,480,47726
to_label_3020.jpg,LEAF_BLIGHT,0.6,0.03573421556122449,0.22411533419728638,0.3661670235415358,0.28611266032983196,0.5084241823083822,0.36616697744287957,0.9646045918348123,0.9739662781927432,513,1280,496,47887
to_label_3020.jpg,LEAF_BLIGHT,0.7,0.031927614795918366,0.23393194705888792,0.3791650708395571,0.3089887640256561,0.4905847373151056,0.37916502340412617,0.9676937181103162,0.9774848984054804,495,1107,514,48060
to_label_3020.jpg,LEAF_BLIGHT,0.8,0.02618781887755102,0.25499729874365223,0.4063710718723043,0.3592085235647482,0.4677898909348078,0.40637102271674547,0.9725167410694904,0.9828746923729679,472,842,537,48325
to_label_3020.jpg,LEAF_BLIGHT,0.9,0.018116230867346938,0.3074301294950627,0.4702815432497246,0.4961496149069142,0.44697720510931843,0.4702814933611273,0.9797512755082515,0.9906848089145348,451,458,558,48709
to_label_3097.jpg,LEAF_BLIGHT,0.1,0.06752232142857142,0.12382445140742361,0.22036262203113988,0.13990554899232865,0.518599562306499,0.22036258856195104,0.9331552933654872,0.9408469002457455,474,2914,440,46348
to_label_3097.jpg,LEAF_BLIGHT,0.2,0.06343670280612244,0.129583677967202,0.22943617280377263,0.1476594407745002,0.5142231946920981,0.2294361381340001,0.9370814732124181,0.9449271243535688,470,2713,444,46549
to_label_3097.jpg,LEAF_BLIGHT,0.3,0.06108498086734694,0.13297266514427755,0.23473234480435456,0.1523654159819783,0.5109409189812976,0.2347323094102347,0.9393136160695565,0.9472615809326717,467,2598,447,46664
to_label_3097.jpg,LEAF_BLIGHT,0.4,0.05863360969387755,0.1367924528261559,0.24066390040869648,0.157715839559561,0.5076586432704969,0.24066386423276878,0.9416454081613886,0.9496975356239095,464,2478,450,46784
to_label_3097.jpg,LEAF_BLIGHT,0.5,0.056540975765306124,0.14046822742047832,0.24633431084387272,0.1628480789509042,0.5054704594632965,0.2463342739784935,0.943658322702201,0.9517883967338886,462,2375,452,46887
to_label_3097.jpg,LEAF_BLIGHT,0.6,0.054368622448979595,0.14420358152233104,0.25205930806556676,0.1682551319586417,0.5021881837524959,0.25205927046273513,0.9457110969368907,0.9539401567111486,459,2269,455,46993
to_label_3097.jpg,LEAF_BLIGHT,0.7,0.05157844387755102,0.14970453052693025,0.26042261564076463,0.176197836160116,0.4989059080416952,0.26042257705813454,0.9483816964266814,0.9567212049836451,456,2132,458,47130
to_label_3097.jpg,LEAF_BLIGHT,0.8,0.04727359693877551,0.15744980626426736,0.27206329883529934,0.1884485666025106,0.48905908090929334,0.27206325867053466,0.952327806120551,0.9609232268260304,447,1925,467,47337
to_label_3097.jpg,LEAF_BLIGHT,0.9,0.038962850765306124,0.17341513291724275,0.29557337050207133,0.21687979538532584,0.46389496712648853,0.29557332707457096,0.959721779334822,0.9689212780622611,424,1531,490,47731
to_label_3098.jpg,LEAF_BLIGHT,0.1,0.2127311862244898,0.13923152009815218,0.2444305966642434,0.1469926925225127,0.7250462106873824,0.24443056863256146,0.8066804846922698,0.8103599100208065,1569,9105,595,38907
to_label_3098.jpg,LEAF_BLIGHT,0.2,0.19591039540816327,0.15050359712085848,0.26163081540552247,0.1596134282791494,0.7250462106873824,0.2616307858291666,0.8235012755085629,0.8279388486194535,1569,8261,595,39751
to_label_3098.jpg,LEAF_BLIGHT,0.3,0.18502869897959184,0.15882174308979832,0.274109014672658,0.16900043084695174,0.7250462106873824,0.27410898401090306,0.8343829719371126,0.8393110055801897,1569,7715,595,40297
to_label_3098.jpg,LEAF_BLIGHT,0.4,0.17697704081632654,0.16559366754442645,0.28413618253998424,0.17668918918719942,0.7250462106873824,0.2841361510274862,0.8424346301003618,0.8477255686060824,1569,7311,595,40701
to_label_3098.jpg,LEAF_BLIGHT,0.5,0.16904496173469388,0.17285446733311827,0.2947585947746124,0.18497995755499905,0.7250462106873824,0.2947585623817243,0.8503667091819787,0.8560151628741648,1569,6913,595,41099
to_label_3098.jpg,LEAF_BLIGHT,0.6,0.16075414540816327,0.181156910285404,0.3067448680321921,0.19452020827926456,0.7250462106873824,0.306744834671643,0.8586575255084927,0.864679663415678,1569,6497,595,41515
to_label_3098.jpg,LEAF_BLIGHT,0.7,0.15019132653061223,0.19296519493059938,0.3235051546358401,0.20820063693991242,0.7250462106873824,0.3235051199680301,0.8692203443860227,0.8757185703555866,1569,5967,595,42045
to_label_3098.jpg,LEAF_BLIGHT,0.8,0.13376913265306123,0.21472560558074824,0.35353762955888307,0.23376042907875805,0.7250462106873824,0.35353759268223167,0.885642538263541,0.8928809464281995,1569,5143,595,42869
to_label_3098.jpg,LEAF_BLIGHT,0.9,0.10263871173469388,0.27266399860322493,0.428493300513693,0.304271844654286,0.7241219962696802,0.42849325884157374,0.9166932397940915,0.9253728234588741,1567,3583,597,44429
to_label_3214.jpg,LEAF_BLIGHT,0.1,0.10399394132653061,0.09791243302978178,0.17836109708601108,0.10157148332499863,0.7310344826577884,0.1783610756609828,0.9026825573961601,0.9051990859620529,530,4688,195,44763
to_label_3214.jpg,LEAF_BLIGHT,0.2,0.0869937818877551,0.09321305841724199,0.1705304518630544,0.09942726231158243,0.5986206895726041,0.1705304274300891,0.9158561862226645,0.9205071687106013,434,3931,291,45520
to_label_3214.jpg,LEAF_BLIGHT,0.3,0.07655054209183673,0.08843861739956047,0.16250547524830256,0.09658942983346552,0.5117241378604519,0.16250544853065116,0.9237882653042814,0.9298295282179737,371,3470,354,45981
to_label_3214.jpg,LEAF_BLIGHT,0.4,0.0686782525510204,0.08141042260613403,0.1505634140457789,0.09112013928928846,0.4331034482161237,0.15056338532095384,0.9293885522940661,0.9366645770541816,314,3132,411,46319
to_label_3214.jpg,LEAF_BLIGHT,0.5,0.06154336734693878,0.06627516778338156,0.12431156569304193,0.07674870466072706,0.32689655167904874,0.12431153489255745,0.9334542410695682,0.9423469697257035,237,2851,488,46600
to_label_3214.jpg,LEAF_BLIGHT,0.6,0.054966517857142856,0.051948051946483,0.09876543209592979,0.06236403190491791,0.2372413792776219,0.0987653991279355,0.9374402104573154,0.9477058097895943,172,2586,553,46865
to_label_3214.jpg,LEAF_BLIGHT,0.7,0.047731983418367346,0.03999999999866667,0.07692307692061144,0.05010438413151965,0.16551724135648038,0.07692304124313373,0.9426020408144479,0.9539948636004246,120,2275,605,47176
to_label_3214.jpg,LEAF_BLIGHT,0.8,0.037767059948979595,0.022638563621286554,0.044274809158615466,0.030606860156696208,0.07999999998896552,0.044274769127971625,0.9500956632634125,0.9628521162343272,58,1837,667,47614
to_label_3214.jpg,LEAF_BLIGHT,0.9,0.0176578443877551,0.0,0.0,0.0,0.0,0.0,0.9678930165797036,0.9820832743504032,0,886,725,48565
to_label_3578.jpg,LEAF_BLIGHT,0.1,0.08258928571428571,0.2372372372327846,0.3834951456252504,0.3050193050119445,0.5163398692599535,0.3834950989291284,0.9190051020389848,0.9396580623513667,1264,2880,1184,44848
to_label_3578.jpg,LEAF_BLIGHT,0.2,0.06931600765306123,0.24182732606366666,0.3894701316167825,0.3317998849818344,0.4714052287389132,0.3894700831207178,0.9278938137736609,0.9513074086470179,1154,2324,1294,45404
to_label_3578.jpg,LEAF_BLIGHT,0.3,0.06098533163265306,0.24587197466080363,0.39469862018165036,0.3552287581583259,0.4440359476942796,0.3946985707917746,0.9335538903042618,0.9586615822976897,1087,1973,1361,45755
to_label_3578.jpg,LEAF_BLIGHT,0.4,0.057338169642857144,0.23923667674565427,0.3861032863777258,0.3573166492750325,0.41993464050572166,0.38610323669500435,0.9348493303552797,0.96125963794636,1028,1849,1420,45879
to_label_3578.jpg,LEAF_BLIGHT,0.5,0.05404974489795918,0.23297491038869833,0.3779069767368623,0.3595132743230268,0.39828431370922046,0.37790692686042665,0.9360251913246651,0.9636062688548366,975,1737,1473,45991
to_label_3578.jpg,LEAF_BLIGHT,0.6,0.05024314413265306,0.22359024870170918,0.3654658885013994,0.3601745339008261,0.3709150326645868,0.3654658385048427,0.937161192600173,0.9662043245035069,908,1613,1540,46115
to_label_3578.jpg,LEAF_BLIGHT,0.7,0.045420121173469385,0.20926068047558813,0.3460968901978825,0.3589293549645051,0.3341503267837357,0.3460968402544785,0.9383968431103746,0.9693890378792964,818,1461,1630,46267
to_label_3578.jpg,LEAF_BLIGHT,0.8,0.038584183673469385,0.1883979398159827,0.3170620437883882,0.3589876032872424,0.28390522874657254,0.3170619944631392,0.9403300382634321,0.9739984914495181,695,1241,1753,46487
to_label_3578.jpg,LEAF_BLIGHT,0.9,0.027363679846938774,0.15647699757395653,0.27060978800652685,0.37654770572639856,0.21119281044888918,0.2706097419570613,0.9444555165797504,0.982065035197406,517,856,1931,46872
to_label_3690.jpg,PHOMOPSIS_LEAF_SPOT,0.1,0.32826450892857145,0.025696969696813957,0.05010635783473111,0.025742213587361167,0.9359823397492312,0.05010635262438271,0.6796077806108904,0.6772720873626344,424,16047,29,33676
to_label_3690.jpg,PHOMOPSIS_LEAF_SPOT,0.2,0.28603316326530615,0.028625026054133085,0.05565687267777334,0.02870680044573086,0.9094922735299134,0.05565686674508855,0.7213608099475419,0.719646843511615,412,13940,41,35783
to_label_3690.jpg,PHOMOPSIS_LEAF_SPOT,0.3,0.26283482142857145,0.030442665054914317,0.05908657722997517,0.030558083105622094,0.889624723865425,0.059086570808364575,0.7442004145393332,0.742875530437136,403,12785,50,36938
to_label_3690.jpg,PHOMOPSIS_LEAF_SPOT,0.4,0.248046875,0.03125999360384346,0.06062485463942457,0.031415715892403856,0.8631346576461071,0.06062484786182388,0.7585100446413454,0.7575568650307553,391,12055,62,37668
to_label_3690.jpg,PHOMOPSIS_LEAF_SPOT,0.5,0.2347735969387755,0.031885280472105565,0.06180004904715278,0.03208828522892964,0.8344370859085127,0.061800041914710786,0.7712651466821363,0.7706896204960065,378,11402,75,38321
to_label_3690.jpg,PHOMOPSIS_LEAF_SPOT,0.6,0.21855070153061223,0.032552672031534925,0.06305280672508054,0.03282874338835647,0.794701986579536,0.0630527991051377,0.7867705676004728,0.786698308628227,360,10606,93,39117
to_label_3690.jpg,PHOMOPSIS_LEAF_SPOT,0.7,0.1991390306122449,0.03293117088575028,0.0637625658203565,0.03332666132872972,0.7350993375860707,0.0637625575219324,0.8051060267841097,0.8057438207654289,333,9659,120,40064
to_label_3690.jpg,PHOMOPSIS_LEAF_SPOT,0.8,0.17823262117346939,0.03048914235544539,0.05917411664475123,0.031085765402760975,0.6136865340808638,0.059174107466601344,0.8238201530595827,0.825734569513453,278,8665,175,41058
to_label_3690.jpg,PHOMOPSIS_LEAF_SPOT,0.9,0.14572704081632654,0.03713102711316774,0.07160334835709461,0.038019693653746994,0.6136865340808638,0.07160333736911507,0.8563257334166607,0.8585362910507038,278,7034,175,42689
to_label_3714.jpg,PHOMOPSIS_LEAF_SPOT,0.1,0.27060746173469385,0.13633686690123425,0.23995853847991733,0.13639711297586982,0.9967707211519499,0.23995851730246015,0.7661830357127587,0.7573161140760021,1852,11726,6,36592
to_label_3714.jpg,PHOMOPSIS_LEAF_SPOT,0.2,0.22755899234693877,0.1540333796926805,0.266947875864214,0.15519355403612548,0.9537136705622328,0.26694785178914776,0.8060427295902303,0.8003642534856568,1772,9646,86,38672
to_label_3714.jpg,PHOMOPSIS_LEAF_SPOT,0.3,0.20001594387755103,0.1696331989362805,0.2900622162410454,0.1718812275789968,0.9284176533407741,0.2900621898764795,0.831712372447322,0.8279937083471418,1725,8311,133,40007
to_label_3714.jpg,PHOMOPSIS_LEAF_SPOT,0.4,0.18028539540816327,0.18689452487006752,0.31493030080415507,0.18980764978786416,0.9241119482818023,0.31493027252900435,0.8511240433656506,0.8483173972415077,1717,7329,141,40989
to_label_3714.jpg,PHOMOPSIS_LEAF_SPOT,0.5,0.166015625,0.19971738106217948,0.33294071456288826,0.2036014405737863,0.9128094725020016,0.3329406847372062,0.8645567602023586,0.862701270746176,1696,6634,162,41684
to_label_3714.jpg,PHOMOPSIS_LEAF_SPOT,0.6,0.15056999362244897,0.20989717223380594,0.34696696058273696,0.21614824619171213,0.8789020451625994,0.34696692889402864,0.8774912308655981,0.8774369800056346,1633,5922,225,42396
to_label_3714.jpg,PHOMOPSIS_LEAF_SPOT,0.7,0.1324139030612245,0.22595529920366322,0.3686191484313265,0.2358518964443731,0.8433799784260828,0.3686191142712989,0.8930165816308733,0.8949252866408068,1567,5077,291,43241
to_label_3714.jpg,PHOMOPSIS_LEAF_SPOT,0.8,0.10815927933673469,0.2608168916534992,0.4137268359586311,0.2776856458397331,0.8110871904837951,0.41372679795358375,0.9148796237226664,0.9188708141874273,1507,3920,351,44398
to_label_3714.jpg,PHOMOPSIS_LEAF_SPOT,0.9,0.07421875,0.3274673008245549,0.49337155140642475,0.36976369494173567,0.7411194832755048,0.4933715069850397,0.9436383928552622,0.9514259696159787,1377,2347,481,45971
to_label_3715.jpg,PHOMOPSIS_LEAF_SPOT,0.1,0.3723294005102041,0.008510866074250558,0.016878085027244423,0.008510866074250558,0.9999999993710692,0.01687808335358999,0.630839445151804,0.6296659135881207,159,18523,0,31494
to_label_3715.jpg,PHOMOPSIS_LEAF_SPOT,0.2,0.26694036989795916,0.011870987009019927,0.023463439828647063,0.011870987009019927,0.9999999993710692,0.02346343750965683,0.7362284757638389,0.7353899674096099,159,13235,0,36782
to_label_3715.jpg,PHOMOPSIS_LEAF_SPOT,0.3,0.17893016581632654,0.017709957674117732,0.034803546021289225,0.017709957674117732,0.9999999993710692,0.03480354260111839,0.8242386798452961,0.8236799488157552,159,8819,0,41198
to_label_3715.jpg,PHOMOPSIS_LEAF_SPOT,0.4,0.14010682397959184,0.018993621544734322,0.03727917651916429,0.019061166429316344,0.842767295067442,0.03727917219305499,0.8620655293350166,0.8621268768601433,134,6896,25,43121
to_label_3715.jpg,PHOMOPSIS_LEAF_SPOT,0.5,0.1200374681122449,0.016107823799866736,0.03170494985390319,0.016270961314689174,0.6163522008702188,0.031704944841726715,0.8806999362227346,0.8815402763042934,98,5925,61,44092
to_label_3715.jpg,PHOMOPSIS_LEAF_SPOT,0.6,0.10180165816326531,0.014640724330290103,0.028858932978377466,0.014878621769481624,0.4779874210830268,0.02885892712250079,0.8980588329063734,0.899394205968172,76,5032,83,44985
to_label_3715.jpg,PHOMOPSIS_LEAF_SPOT,0.7,0.08209103954081633,0.01566951566914365,0.03085553997122825,0.016023306627433277,0.4150943393615759,0.030855532813404255,0.9173708545900084,0.9189675510308116,66,4053,93,45964
to_label_3715.jpg,PHOMOPSIS_LEAF_SPOT,0.8,0.057736766581632654,0.021731862252700372,0.04253926701431482,0.022437003796256922,0.4088050311894308,0.04253925714856506,0.9416852678552661,0.9433792510527553,65,2832,94,47185
to_label_3715.jpg,PHOMOPSIS_LEAF_SPOT,0.9,0.015644929846938774,0.059483726143716754,0.11228813558132542,0.06751592355827823,0.33333333312368973,0.11228810755687822,0.9832987882633464,0.9853649759062212,53,732,106,49285
to_label_3726.jpg,PHOMOPSIS_LEAF_SPOT,0.1,0.17532286352040816,0.17647058823358958,0.2999999999975369,0.20768443787418794,0.5400532071965696,0.29999995987405526,0.8300781249983457,0.8510460966365673,1827,6970,1556,39823
to_label_3726.jpg,PHOMOPSIS_LEAF_SPOT,0.2,0.1413624043367347,0.1727303257564902,0.2945780832350651,0.21753841815568112,0.4561040496465828,0.29457803950311595,0.8527184311207495,0.8813925159727279,1543,5550,1840,41243
to_label_3726.jpg,PHOMOPSIS_LEAF_SPOT,0.3,0.11892139668367346,0.15474867234587195,0.268021390371465,0.20998826880827906,0.37038131834554006,0.26802134418744944,0.8636001275492993,0.8992584360889465,1253,4714,2130,42079
to_label_3726.jpg,PHOMOPSIS_LEAF_SPOT,0.4,0.10231983418367346,0.1475343573140995,0.2571327932340362,0.21328398908817134,0.3236772095677305,0.2571327453443643,0.8739038584166257,0.913683670632544,1095,4039,2288,42754
to_label_3726.jpg,PHOMOPSIS_LEAF_SPOT,0.5,0.08671476403061225,0.1428993645612103,0.25006464959593916,0.2222477591307229,0.2858409695452013,0.2500646003759872,0.8844068877533394,0.9276814908192942,967,3384,2416,43409
to_label_3726.jpg,PHOMOPSIS_LEAF_SPOT,0.6,0.0677016900510204,0.1042345276855988,0.18879056046919188,0.18840153075689134,0.18918120011264614,0.18879051046663378,0.8903858418349602,0.9410809309064581,640,2757,2743,44036
to_label_3726.jpg,PHOMOPSIS_LEAF_SPOT,0.7,0.04920679209183673,0.06399999999883636,0.12030075187764352,0.1425678412254934,0.10404966006195537,0.12030070309530964,0.8974011479573951,0.9547581903255727,352,2117,3031,44676
to_label_3726.jpg,PHOMOPSIS_LEAF_SPOT,0.8,0.02521125637755102,0.026275115919048905,0.051204819276006786,0.09407114623762283,0.035175879395945145,0.05120477965714262,0.9121093749981821,0.9755091573505107,119,1146,3264,45647
to_label_3726.jpg,PHOMOPSIS_LEAF_SPOT,0.9,0.0006776147959183673,0.0032295948325534473,0.006438396253835576,0.3235294108131488,0.0032515518769361054,0.006438394283399489,0.932338169640999,0.9995084734874885,11,23,3372,46770
to_label_3730.jpg,PHOMOPSIS_LEAF_SPOT,0.1,0.38066007653061223,0.012617801047054357,0.024921151956853724,0.012617801047054357,0.9999999995850622,0.024921149495663104,0.6241430165803887,0.6223290277348106,241,18859,0,31076
to_label_3730.jpg,PHOMOPSIS_LEAF_SPOT,0.2,0.30757732780612246,0.015484288953576389,0.030496363404169346,0.015486295600236594,0.9917012444017838,0.030496360376101702,0.6971460459169779,0.6957244417729134,239,15194,2,34741
to_label_3730.jpg,PHOMOPSIS_LEAF_SPOT,0.3,0.2541653380102041,0.017302121662747184,0.03401569955337836,0.017329255861230068,0.917012447752277,0.03401569591251104,0.7498405612229954,0.7490337438655271,221,12532,20,37403
to_label_3730.jpg,PHOMOPSIS_LEAF_SPOT,0.4,0.2084064094387755,0.01750047555623454,0.03439895307501964,0.017595868795853533,0.7634854768616243,0.03439894867068194,0.7941246811208663,0.7942725543190262,184,10273,57,39662
to_label_3730.jpg,PHOMOPSIS_LEAF_SPOT,0.5,0.1736686862244898,0.017266840849514176,0.03394751535417144,0.017443194858647655,0.6307053939291679,0.033947510116180066,0.8275868941310037,0.8285370982260367,152,8562,89,41373
to_label_3730.jpg,PHOMOPSIS_LEAF_SPOT,0.6,0.12741151147959184,0.018891107356490692,0.037081700331065996,0.01923979352386611,0.5103734437716293,0.037081693328851736,0.8726881377533627,0.8744367677963865,123,6270,118,43665
to_label_3730.jpg,PHOMOPSIS_LEAF_SPOT,0.7,0.07224569515306123,0.021130480717878222,0.04138644593788447,0.02206896551663258,0.331950207331141,0.041386434246363984,0.9261399872430521,0.9290077100211694,80,3545,161,46390
to_label_3730.jpg,PHOMOPSIS_LEAF_SPOT,0.8,0.03529575892857143,0.03391572456146373,0.06560636182576508,0.03726708074323732,0.2738589210481913,0.06560634073576123,0.9625318877531838,0.9658556122940506,66,1705,175,48230
to_label_3730.jpg,PHOMOPSIS_LEAF_SPOT,0.9,0.0013751594387755102,0.0,0.0,0.0,0.0,0.0,0.9938217474469989,0.9986182036627643,0,69,241,49866
to_label_3731.jpg,PHOMOPSIS_LEAF_SPOT,0.1,0.2787587691326531,0.0335311360546684,0.06488655229617538,0.0335311360546684,0.9999999997867803,0.06488654601758513,0.7305883290801766,0.7280463516190314,469,13518,0,36189
to_label_3731.jpg,PHOMOPSIS_LEAF_SPOT,0.2,0.20812739158163265,0.0448104174641439,0.08577712609892066,0.04481470841669238,0.997867803625188,0.08577711787155391,0.8011798469371788,0.799324038866157,468,9975,1,39732
to_label_3731.jpg,PHOMOPSIS_LEAF_SPOT,0.3,0.16555723852040816,0.05607701564312783,0.10619872379095033,0.05609726736419769,0.9936034113020035,0.10619871367269297,0.8436702806105635,0.8422556179193227,466,7841,3,41866
to_label_3731.jpg,PHOMOPSIS_LEAF_SPOT,0.4,0.1349250637755102,0.0680141634690467,0.127365658238329,0.06809453471095872,0.9829424304940421,0.12736564611847567,0.874103156886013,0.8730762266866375,461,6309,8,43398
to_label_3731.jpg,PHOMOPSIS_LEAF_SPOT,0.5,0.10369499362244898,0.0867982372085304,0.1597320169224307,0.08706515471675831,0.9658848612013038,0.1597320017496635,0.9050143494879922,0.90444001850664,453,4750,16,44957
to_label_3731.jpg,PHOMOPSIS_LEAF_SPOT,0.6,0.0725845025510204,0.11409214091831729,0.20481634638275806,0.11559582646579913,0.8976545840303508,0.20481632616398432,0.9348493303552797,0.935200273601434,421,3221,48,46486
to_label_3731.jpg,PHOMOPSIS_LEAF_SPOT,0.7,0.04436383928571429,0.14680851063205072,0.256029684591613,0.15498652290408865,0.7356076757493374,0.25602965583392917,0.9600406568858417,0.9621582473274143,345,1881,124,47826
to_label_3731.jpg,PHOMOPSIS_LEAF_SPOT,0.8,0.02000956632653061,0.1471962616707791,0.2566191445854298,0.18824701193344154,0.40298507454094135,0.2566191011638855,0.9781768176000913,0.9836039189631569,189,815,280,48892
to_label_3731.jpg,PHOMOPSIS_LEAF_SPOT,0.9,0.00011957908163265306,0.0,0.0,0.0,0.0,0.0,0.9905333227021075,0.9998792926529465,0,6,469,49701
to_label_3733.jpg,PHOMOPSIS_LEAF_SPOT,0.1,0.4828603316326531,0.03826551582392821,0.07371046276840303,0.038426613835073356,0.9012584703870998,0.07371045492394554,0.5336615114785282,0.525934517631146,931,23297,102,25846
to_label_3733.jpg,PHOMOPSIS_LEAF_SPOT,0.2,0.4242665816326531,0.04259890700152927,0.08171676896159796,0.04284103720385738,0.8828654403791998,0.08171676013372964,0.5914979272947395,0.5853732983322439,912,20376,121,28767
to_label_3733.jpg,PHOMOPSIS_LEAF_SPOT,0.3,0.38440688775510207,0.04440561237578041,0.08503518527589668,0.044794690999352994,0.8363988382539788,0.08503517562547823,0.6294443558660925,0.6250941130972364,864,18424,169,30719
to_label_3733.jpg,PHOMOPSIS_LEAF_SPOT,0.4,0.3494897959183674,0.04696662156040276,0.08971942484738155,0.04750228102162692,0.8063891577147735,0.0897194143397765,0.6631257971925559,0.6601143601313307,833,16703,200,32440
to_label_3733.jpg,PHOMOPSIS_LEAF_SPOT,0.5,0.31150350765306123,0.04844900270528881,0.09242033247258945,0.04926423544434252,0.7454017424254209,0.09242032084195079,0.6986009247435057,0.6976171580882371,770,14860,263,34283
to_label_3733.jpg,PHOMOPSIS_LEAF_SPOT,0.6,0.2669005102040816,0.05376579735514818,0.10204506065787143,0.05495818399003167,0.7124878992533893,0.10204504736045827,0.7418486926005623,0.7424658649233005,736,12656,297,36487
to_label_3733.jpg,PHOMOPSIS_LEAF_SPOT,0.7,0.21976642219387754,0.06218072925786347,0.11708126036387162,0.06402466672654371,0.6834462729251262,0.11708124469924908,0.7877869897943484,0.7899802616836783,706,10321,327,38822
to_label_3733.jpg,PHOMOPSIS_LEAF_SPOT,0.8,0.1659359056122449,0.06972225397108558,0.13035580724297086,0.07326447273512773,0.5905130686746841,0.1303557876031029,0.8377909757636364,0.8429888285191319,610,7716,423,41427
to_label_3733.jpg,PHOMOPSIS_LEAF_SPOT,0.9,0.09217554209183673,0.07240333585912806,0.1350300459502469,0.08259459459280877,0.3697967085798841,0.13503001609980292,0.9024633290798341,0.9136601347070515,382,4243,651,44900
to_label_3788.jpg,PHOMOPSIS_LEAF_SPOT,0.1,0.5033482142857143,0.008314526665841888,0.016491930733826158,0.008314855875798563,0.9952606630354215,0.016491929090444203,0.5008171237234916,0.49872911037626594,210,25046,1,24919
to_label_3788.jpg,PHOMOPSIS_LEAF_SPOT,0.2,0.3988560267857143,0.007522542719037899,0.014932753164483125,0.007545095687765227,0.7156398100873745,0.014932751099549946,0.6029575892845126,0.6024817372148454,151,19862,60,30103
to_label_3788.jpg,PHOMOPSIS_LEAF_SPOT,0.3,0.3264309630102041,0.009001338036680444,0.017842073538168524,0.00903596068130511,0.7014218006154399,0.01784207102671238,0.675263073978246,0.675152606823426,148,16231,63,33734
to_label_3788.jpg,PHOMOPSIS_LEAF_SPOT,0.4,0.2702686543367347,0.010863182618828073,0.021492884112536356,0.010913649435801831,0.7014218006154399,0.021492881095138756,0.7314253826516035,0.7315520864590582,148,13413,63,36552
to_label_3788.jpg,PHOMOPSIS_LEAF_SPOT,0.5,0.23778300382653061,0.01233950308477289,0.024378191401545228,0.012404660128971547,0.7014218006154399,0.02437818798620235,0.7639110331617428,0.7641749224441826,148,11783,63,38182
to_label_3788.jpg,PHOMOPSIS_LEAF_SPOT,0.6,0.20701132015306123,0.01416267942570179,0.02792979807484497,0.014248579955576695,0.7014218006154399,0.02792979417197558,0.7946827168351509,0.79507655358592,148,10239,63,39726
to_label_3788.jpg,PHOMOPSIS_LEAF_SPOT,0.7,0.17845184948979592,0.016413441277404753,0.03229678123259905,0.016528925619650112,0.7014218006154399,0.03229677673377963,0.8232421874983593,0.8237566296390998,148,8806,63,41159
to_label_3788.jpg,PHOMOPSIS_LEAF_SPOT,0.8,0.13994738520408162,0.02088920254028385,0.04092354486325282,0.021076616348318478,0.7014218006154399,0.040923539198516955,0.8617466517839968,0.8624236965858852,148,6874,63,43091
to_label_3788.jpg,PHOMOPSIS_LEAF_SPOT,0.9,0.08671476403061225,0.03352967829557024,0.06488382288327743,0.03401516892590174,0.7014218006154399,0.06488381405937048,0.9149792729573601,0.9158811167799141,148,4203,63,45762
to_label_3798.jpg,PHOMOPSIS_LEAF_SPOT,0.1,0.30082110969387754,0.05096591283674447,0.09698870765309292,0.05121240227871199,0.9137115838163462,0.09698869760105046,0.713129783161844,0.7096898439069336,773,14321,73,35009
to_label_3798.jpg,PHOMOPSIS_LEAF_SPOT,0.2,0.2554209183673469,0.05997362091659575,0.11316059142063269,0.06031523096082775,0.9137115838163462,0.11316057980199491,0.7585299744882842,0.7558686397714254,773,12043,73,37287
to_label_3798.jpg,PHOMOPSIS_LEAF_SPOT,0.3,0.23192362882653061,0.06601195559294609,0.12384843386907114,0.06642605482455594,0.9137115838163462,0.12384842123225968,0.7820272640290536,0.7797689033026965,773,10864,73,38466
to_label_3798.jpg,PHOMOPSIS_LEAF_SPOT,0.4,0.21301020408163265,0.07133568641954917,0.13317149297612993,0.07185628742447739,0.9078014183324112,0.1331714793813009,0.8007413903045266,0.7989053314396941,768,9920,78,39410
to_label_3798.jpg,PHOMOPSIS_LEAF_SPOT,0.5,0.19471460459183673,0.07623682076159533,0.14167294649452078,0.07697031729706273,0.8888888887838193,0.14167293182511342,0.8183992346922465,0.817190350697715,752,9018,94,40312
to_label_3798.jpg,PHOMOPSIS_LEAF_SPOT,0.6,0.17671795280612246,0.07970208981681078,0.14763718727326636,0.08086162174263153,0.8475177303962745,0.1476371713690692,0.8350007971922134,0.8347861341965643,717,8150,129,41180
to_label_3798.jpg,PHOMOPSIS_LEAF_SPOT,0.7,0.15455596301020408,0.08256765261066623,0.15254040227703125,0.08459058671715551,0.7754137114922679,0.1525403845380924,0.8547313456615618,0.8560916278109546,656,7099,190,42231
to_label_3798.jpg,PHOMOPSIS_LEAF_SPOT,0.8,0.12017697704081633,0.09612625537866848,0.17539267015451726,0.09999999999834162,0.7127659573625572,0.17539264857224268,0.8869977678553751,0.8899858098502129,603,5427,243,43903
to_label_3798.jpg,PHOMOPSIS_LEAF_SPOT,0.9,0.0706313775510204,0.1399636458026496,0.2455580865547709,0.15208803611309007,0.6371158391681896,0.2455580554345233,0.933992346936914,0.9390837218711958,539,3005,307,46325
to_label_3847.jpg,PHOMOPSIS_LEAF_SPOT,0.1,0.2408721301020408,0.028696658947827514,0.05579226625889708,0.028710905179309024,0.9830028325827187,0.055792260743819384,0.7659239477025551,0.7643859261771383,347,11739,6,38084
to_label_3847.jpg,PHOMOPSIS_LEAF_SPOT,0.2,0.20398198341836735,0.030261749537508396,0.05874574990499862,0.03038593062989364,0.8810198297787478,0.05874574345882473,0.8013791454065661,0.8008148846902017,311,9924,42,39899
to_label_3847.jpg,PHOMOPSIS_LEAF_SPOT,0.3,0.18092315051020408,0.03217686330270136,0.062347577138560616,0.032385988102749654,0.8328611895657616,0.062347569932147046,0.8237603635187664,0.8236958834256795,294,8784,59,41039
to_label_3847.jpg,PHOMOPSIS_LEAF_SPOT,0.4,0.16549744897959184,0.03515484873807061,0.06792191290206859,0.03540462427703029,0.8328611895657616,0.06792190507857535,0.8391860650493479,0.8392308773039776,294,8010,59,41813
to_label_3847.jpg,PHOMOPSIS_LEAF_SPOT,0.5,0.15150669642857142,0.03837619109726699,0.07391577624042846,0.03867403314866254,0.8328611895657616,0.07391576775839999,0.8531768176003405,0.8533207554726666,294,7308,59,42515
to_label_3847.jpg,PHOMOPSIS_LEAF_SPOT,0.6,0.13544323979591838,0.042888402625194916,0.08224926563040637,0.0432607416120768,0.8328611895657616,0.08224925624137806,0.8692402742329615,0.8694980229996798,294,6502,59,43321
to_label_3847.jpg,PHOMOPSIS_LEAF_SPOT,0.7,0.11732700892857142,0.04944500504457711,0.09423076922925913,0.04994054696704704,0.8328611895657616,0.09423075855369224,0.8873565051002723,0.8877426088334951,294,5593,59,44230
to_label_3847.jpg,PHOMOPSIS_LEAF_SPOT,0.8,0.09572305484693877,0.060468942820640297,0.11404189293805195,0.06121174265956253,0.8328611895657616,0.11404188018051827,0.9089604591818619,0.9094996286837214,294,4509,59,45314
to_label_3847.jpg,PHOMOPSIS_LEAF_SPOT,0.9,0.06493144132653061,0.08699578566866359,0.16006646357906212,0.08870472682355111,0.8186968836207658,0.16006644593454103,0.9395527742328214,0.9404090480281387,289,2969,64,46854
to_label_3887.jpg,PHOMOPSIS_LEAF_SPOT,0.1,0.3208506058673469,0.010870240387534192,0.021506697800039897,0.010870240387534192,0.9999999994285714,0.021506695672365076,0.6826371173455783,0.6815263694712476,175,15924,0,34077
to_label_3887.jpg,PHOMOPSIS_LEAF_SPOT,0.2,0.2690529336734694,0.01296296296286694,0.02559414990840516,0.01296296296286694,0.9999999994285714,0.025594147381556277,0.7344347895393526,0.7335053298919352,175,13325,0,36676
to_label_3887.jpg,PHOMOPSIS_LEAF_SPOT,0.3,0.23680644132653061,0.014728160242259482,0.029028779961607125,0.014728160242259482,0.9999999994285714,0.029028777100622148,0.7666812818862271,0.7658646827048141,175,11707,0,38294
to_label_3887.jpg,PHOMOPSIS_LEAF_SPOT,0.4,0.2120735012755102,0.01644582276086415,0.032359467455322116,0.01644582276086415,0.9999999994285714,0.03235946427143325,0.7914142219371982,0.7906841863146923,175,10466,0,39535
to_label_3887.jpg,PHOMOPSIS_LEAF_SPOT,0.5,0.19501355229591838,0.017884517117855037,0.03514056224864316,0.017884517117855037,0.9999999994285714,0.03514055879597741,0.8084741709167561,0.807803843921506,175,9610,0,40391
to_label_3887.jpg,PHOMOPSIS_LEAF_SPOT,0.6,0.17745535714285715,0.01965408805009373,0.03855050115609042,0.01965408805009373,0.9999999994285714,0.03855049737492311,0.8260323660697823,0.8254234915285186,175,8729,0,41272
to_label_3887.jpg,PHOMOPSIS_LEAF_SPOT,0.7,0.15320073341836735,0.02276570833845758,0.04451793436727909,0.02276570833845758,0.9999999994285714,0.04451793001401216,0.8502869897942238,0.8497630047382057,175,7512,0,42489
to_label_3887.jpg,PHOMOPSIS_LEAF_SPOT,0.8,0.12294722576530612,0.028367644674528,0.05517023959559946,0.028367644674528,0.9999999994285714,0.055170234229894144,0.8805404974472246,0.8801223975502888,175,5994,0,44007
to_label_3887.jpg,PHOMOPSIS_LEAF_SPOT,0.9,0.08808992346938775,0.027964205815929212,0.05440696409021965,0.028280542985785508,0.714285713877551,0.05440695676215316,0.9134048150492,0.9141017179638125,125,4295,50,45706
to_label_3895.jpg,PHOMOPSIS_LEAF_SPOT,0.1,0.19401705994897958,0.04926914034499367,0.09391134924409243,0.0495120698505443,0.9094339620925597,0.0939113394499946,0.8146324936208255,0.813620432661617,482,9253,48,40393
to_label_3895.jpg,PHOMOPSIS_LEAF_SPOT,0.2,0.1714764030612245,0.05436915618083378,0.10313115830848334,0.0547419804735618,0.8886792451153436,0.1031311473757423,0.8367346938758834,0.8361801554992624,471,8133,59,41513
to_label_3895.jpg,PHOMOPSIS_LEAF_SPOT,0.3,0.15692761479591838,0.05617695111152222,0.10637791527717302,0.056769113537506105,0.843396226255963,0.1063779034583112,0.8503268494881012,0.8504008379308496,447,7427,83,42219
to_label_3895.jpg,PHOMOPSIS_LEAF_SPOT,0.4,0.14283721301020408,0.05684470685079164,0.10757437962702905,0.0577647551268625,0.7811320753243147,0.10757436680231838,0.8631018813758309,0.8639769568527897,414,6753,116,42893
to_label_3895.jpg,PHOMOPSIS_LEAF_SPOT,0.5,0.12802933673469388,0.056036446468397325,0.10612597066283973,0.05744084682351431,0.6962264149629762,0.10612595658003904,0.8761160714268253,0.8780364984069652,369,6055,161,43591
to_label_3895.jpg,PHOMOPSIS_LEAF_SPOT,0.6,0.11302216198979592,0.05801057839860074,0.10965973229947332,0.059954152705696456,0.6415094338412247,0.10965971666471713,0.8899673150492468,0.8926197478127289,340,5331,190,44315
to_label_3895.jpg,PHOMOPSIS_LEAF_SPOT,0.7,0.09646045918367346,0.0577112467981542,0.10912476722329377,0.06053719008139386,0.5528301885749377,0.1091247494301705,0.904655612243095,0.9084115537990807,293,4547,237,45099
to_label_3895.jpg,PHOMOPSIS_LEAF_SPOT,0.8,0.07240513392857142,0.0628031656864232,0.11818400191885217,0.06771263418475881,0.4641509433086508,0.11818397969528137,0.9268375318859079,0.9317769810237848,246,3387,284,46259
to_label_3895.jpg,PHOMOPSIS_LEAF_SPOT,0.9,0.03673070790816327,0.07570262918967803,0.14075010534594395,0.09061313076014035,0.3150943395631898,0.14075007064751102,0.9593630420899247,0.9662409861802235,167,1676,363,47970
to_label_3906.jpg,PHOMOPSIS_LEAF_SPOT,0.1,0.281070631377551,0.08291054739597523,0.15312538527830646,0.0880663688570654,0.5861255308831466,0.15312536256493264,0.7262037627536547,0.7323802983941312,1242,12861,877,35196
to_label_3906.jpg,PHOMOPSIS_LEAF_SPOT,0.2,0.24651227678571427,0.09170371486631222,0.1680011043610712,0.09839113913737253,0.574327512950716,0.1680010793864582,0.7597656249984858,0.7679422352606947,1217,11152,902,36905
to_label_3906.jpg,PHOMOPSIS_LEAF_SPOT,0.3,0.21940768494897958,0.10060362172953886,0.18281535648855257,0.10900172585966934,0.5663048607566633,0.18281532941570344,0.7861926020392495,0.7958882160750861,1200,9809,919,38248
to_label_3906.jpg,PHOMOPSIS_LEAF_SPOT,0.4,0.19884008290816327,0.10809820446951174,0.19510582010420713,0.11827202565783028,0.5568664464107189,0.19510579120396088,0.8059630102024753,0.8169465426455731,1180,8797,939,39260
to_label_3906.jpg,PHOMOPSIS_LEAF_SPOT,0.5,0.1776546556122449,0.11343223332209675,0.2037523792241117,0.1260937850557988,0.5304388862420747,0.20375234818765586,0.8249162946412131,0.8379008261005932,1124,7790,995,40267
to_label_3906.jpg,PHOMOPSIS_LEAF_SPOT,0.6,0.15447624362244897,0.11613705755833836,0.208105369805389,0.1324990323812089,0.4846625766642444,0.20810533608353307,0.8442283163248481,0.860082818318122,1027,6724,1092,41333
to_label_3906.jpg,PHOMOPSIS_LEAF_SPOT,0.7,0.12806919642857142,0.1250822909792616,0.222352252776801,0.1478369125404943,0.4483246814323585,0.22235221547689268,0.8675661670901077,0.8860519799386436,950,5476,1169,42581
to_label_3906.jpg,PHOMOPSIS_LEAF_SPOT,0.8,0.09119897959183673,0.1314855501076308,0.2324122479427571,0.1700174825137671,0.36715431805723675,0.23241220467338744,0.8975805165798437,0.9209688494893128,778,3798,1341,44259
to_label_3906.jpg,PHOMOPSIS_LEAF_SPOT,0.9,0.027323820153061226,0.10688233428141826,0.19312320916352083,0.24580598101781137,0.15903728172916295,0.19312316145479458,0.943877551018527,0.978483883719378,337,1034,1782,47023
to_label_3954.jpg,PHOMOPSIS_LEAF_SPOT,0.1,0.35194116709183676,0.2290050399216886,0.37266737317249843,0.2290050399216886,0.999999999975272,0.372667342848095,0.7286551339271192,0.7048686378203745,4044,13615,0,32517
to_label_3954.jpg,PHOMOPSIS_LEAF_SPOT,0.2,0.310726243622449,0.25938041177436094,0.41191749426833757,0.25938041177436094,0.999999999975272,0.41191746155829384,0.7698700573964248,0.7496965230192715,4044,11547,0,34585
to_label_3954.jpg,PHOMOPSIS_LEAF_SPOT,0.3,0.28515625,0.2825494444036442,0.44060592850675345,0.28256919205841086,0.9997527200544077,0.4406058941443459,0.7954001913249453,0.7774863435342549,4043,10265,1,35867
to_label_3954.jpg,PHOMOPSIS_LEAF_SPOT,0.4,0.2636120854591837,0.30465327088453953,0.4670256499307103,0.3049066303749534,0.9972799208457647,0.467025614063282,0.816545758926944,0.800702332435618,4033,9194,11,36938
to_label_3954.jpg,PHOMOPSIS_LEAF_SPOT,0.5,0.24579480229591838,0.3245713361345473,0.4900775477774313,0.32538717262364886,0.9923343224284784,0.4900775105831573,0.8335658482126245,0.8196479667024632,4013,8320,31,37812
to_label_3954.jpg,PHOMOPSIS_LEAF_SPOT,0.6,0.22373246173469388,0.34017904159785695,0.5076620825114102,0.34526990913642197,0.9584569732700678,0.5076620435687916,0.8501674107125913,0.8406745859688705,3876,7350,168,38782
to_label_3954.jpg,PHOMOPSIS_LEAF_SPOT,0.7,0.1827766262755102,0.3465457509644737,0.514718123340789,0.37084287427357054,0.8409990108595203,0.5147180808628645,0.8721898915798943,0.8749241307533275,3401,5770,643,40362
to_label_3954.jpg,PHOMOPSIS_LEAF_SPOT,0.8,0.13903061224489796,0.31676424901043415,0.4811252268558881,0.3800172018294149,0.6555390702112874,0.4811251803909683,0.8860411352023158,0.9062472903821507,2651,4325,1393,41807
to_label_3954.jpg,PHOMOPSIS_LEAF_SPOT,0.9,0.07826450892857142,0.23792514365215212,0.38439342616504335,0.390119684227397,0.3788328387641238,0.384393376171,0.9022042410696305,0.9480837596441773,1532,2395,2512,43737
to_label_4067.jpg,PHOMOPSIS_LEAF_SPOT,0.1,0.3162866709183674,0.05226174791359394,0.09933222036668654,0.052488972904521175,0.9235033258399664,0.09933221018853343,0.6989397321414642,0.6948289158568518,833,15037,69,34237
to_label_4067.jpg,PHOMOPSIS_LEAF_SPOT,0.2,0.25833067602040816,0.06392448775946646,0.12016733987218575,0.06426477395414083,0.9235033258399664,0.12016732770577855,0.7568957270393079,0.7538458416187972,833,12129,69,37145
to_label_4067.jpg,PHOMOPSIS_LEAF_SPOT,0.3,0.2203643176020408,0.07486967463531484,0.13930930679706238,0.07533689065682068,0.9235033258399664,0.1393092928487926,0.7948620854575995,0.7925072046093427,833,10224,69,39050
to_label_4067.jpg,PHOMOPSIS_LEAF_SPOT,0.4,0.1935188137755102,0.08518253400056056,0.15699208443123827,0.08578784757893111,0.9235033258399664,0.15699206887507325,0.8217075892840766,0.8198441368656495,833,8877,69,40397
to_label_4067.jpg,PHOMOPSIS_LEAF_SPOT,0.5,0.16966278698979592,0.09616951915128455,0.1754646840130062,0.09702807470812841,0.9157427936900507,0.17546466668593383,0.845284598212601,0.8439948045605309,826,7687,76,41587
to_label_4067.jpg,PHOMOPSIS_LEAF_SPOT,0.6,0.14172114158163265,0.10447966919221945,0.1891925620842482,0.10659541555186901,0.8403547670908698,0.18919254210274297,0.8705157844370406,0.8710679059932803,758,6353,144,42921
to_label_4067.jpg,PHOMOPSIS_LEAF_SPOT,0.7,0.11025191326530612,0.10265638388855773,0.18619832141457573,0.10827910339645193,0.664079822542785,0.18619829730393972,0.8956473214267864,0.8998863497972563,599,4933,303,44341
to_label_4067.jpg,PHOMOPSIS_LEAF_SPOT,0.8,0.07633131377551021,0.12559467173821137,0.2231614539259687,0.13785900782929872,0.5853658535936401,0.22316142306481582,0.9267378826512143,0.9329869708143586,528,3302,374,45972
to_label_4067.jpg,PHOMOPSIS_LEAF_SPOT,0.9,0.04840959821428571,0.1395826205905035,0.24497148002867095,0.16797035816517208,0.4523281595950856,0.24497144052880887,0.9498764349470865,0.9589844542741426,408,2021,494,47253
to_label_4087.jpg,PHOMOPSIS_LEAF_SPOT,0.1,0.34508529974489793,0.012879006641565814,0.02543049378477916,0.012879006641565814,0.9999999995515695,0.025430491273920528,0.6593590561211349,0.6578383680646651,223,17092,0,32861
to_label_4087.jpg,PHOMOPSIS_LEAF_SPOT,0.2,0.29041772959183676,0.015303321438269946,0.030145319364446466,0.015303321438269946,0.9999999995515695,0.03014531639514808,0.7140266262740872,0.7127499849844599,223,14349,0,35604
to_label_4087.jpg,PHOMOPSIS_LEAF_SPOT,0.3,0.24790736607142858,0.017927486132181626,0.03522350339570981,0.017927486132181626,0.9999999995515695,0.035223499935116385,0.7565369897944106,0.7554501231142164,223,12216,0,37737
to_label_4087.jpg,PHOMOPSIS_LEAF_SPOT,0.4,0.2079280931122449,0.021374484807616462,0.04185435435396157,0.021374484807616462,0.9999999995515695,0.041854350255723115,0.7965162627535146,0.7956078713975224,223,10210,0,39743
to_label_4087.jpg,PHOMOPSIS_LEAF_SPOT,0.5,0.17598054846938777,0.02525481313674683,0.04926543687121102,0.02525481313674683,0.9999999995515695,0.04926543206547778,0.8284638073963081,0.8276980361523277,223,8607,0,41346
to_label_4087.jpg,PHOMOPSIS_LEAF_SPOT,0.6,0.1444515306122449,0.03019856591243521,0.0586266898667029,0.030215231787662594,0.9820627798286714,0.05862668407435861,0.8598333864778782,0.8592877304649185,219,7029,4,42924
to_label_4087.jpg,PHOMOPSIS_LEAF_SPOT,0.7,0.11142777423469388,0.03378378378318308,0.06535947712305884,0.0339831872646399,0.8520179368376601,0.0653594697450287,0.8917012117329167,0.8918783656619385,190,5401,33,44552
to_label_4087.jpg,PHOMOPSIS_LEAF_SPOT,0.8,0.047353316326530615,0.047983870965807106,0.09157368218193253,0.05008417508206717,0.5336322867562188,0.09157366649037006,0.9529456313756518,0.9548175284748567,119,2257,104,47696
to_label_4087.jpg,PHOMOPSIS_LEAF_SPOT,0.9,0.00047831632653061223,0.05555555553181386,0.10526315785212018,0.5416666644097222,0.058295964099418854,0.10526314026455401,0.9955955038245464,0.9997797930034237,13,11,210,49942
to_label_4117.jpg,PHOMOPSIS_LEAF_SPOT,0.1,0.3461415816326531,0.014775245780446807,0.029120232961700618,0.014970059880153328,0.5316973414045608,0.0291202276346738,0.6544762436211446,0.6556845855039433,260,17108,229,32579
to_label_4117.jpg,PHOMOPSIS_LEAF_SPOT,0.2,0.3012794961734694,0.01542065196164083,0.030372933486925713,0.015677713832005835,0.48466257658800355,0.030372927416277045,0.698421556121057,0.7005252883033781,237,14880,252,34807
to_label_4117.jpg,PHOMOPSIS_LEAF_SPOT,0.3,0.2752311862244898,0.01656476610254113,0.03258969158659634,0.01687183200567073,0.47648261748947185,0.03258968498063394,0.7243104272944748,0.7267494515653455,233,13577,256,36110
to_label_4117.jpg,PHOMOPSIS_LEAF_SPOT,0.4,0.2565369897959184,0.017748324192430314,0.034877628919729974,0.018101305158342903,0.47648261748947185,0.034877621867557156,0.743004623723009,0.7456276289557718,233,12639,256,37048
to_label_4117.jpg,PHOMOPSIS_LEAF_SPOT,0.5,0.24083227040816327,0.018881685575211655,0.03706354887427771,0.019281694802885784,0.47648261748947185,0.037063541397942296,0.7587093431107328,0.7614869080428252,233,11851,256,37836
to_label_4117.jpg,PHOMOPSIS_LEAF_SPOT,0.6,0.22502790178571427,0.020178401316184476,0.039558573853654,0.02063590470267792,0.47648261748947185,0.03955856589574587,0.7745137117331503,0.7774468170733241,233,11058,256,38629
to_label_4117.jpg,PHOMOPSIS_LEAF_SPOT,0.7,0.20226801658163265,0.02239308024966465,0.04380522654593151,0.022957926889122494,0.47648261748947185,0.04380521777466236,0.7972735969371866,0.8004306961563378,233,9916,256,39771
to_label_4117.jpg,PHOMOPSIS_LEAF_SPOT,0.8,0.16856664540816327,0.02673858159253226,0.052084497596377725,0.027547883660114115,0.47648261748947185,0.0520844872621973,0.8309749681105888,0.834463743029697,233,8225,256,41462
to_label_4117.jpg,PHOMOPSIS_LEAF_SPOT,0.9,0.09221540178571429,0.041530944624561666,0.07974980453323398,0.04408904257523041,0.41717791402511695,0.07974978724238396,0.9061702806104389,0.9109827520258599,204,4423,285,45264
to_label_4199.jpg,PHOMOPSIS_LEAF_SPOT,0.1,0.3985570790816326,0.057205720571771146,0.10822060353746939,0.057205720571771146,0.9999999999125874,0.10822059330048307,0.6242426658150824,0.6154756077651014,1144,18854,0,30178
to_label_4199.jpg,PHOMOPSIS_LEAF_SPOT,0.2,0.3490712691326531,0.06531544390485118,0.12262179109211306,0.06531544390485118,0.9999999999125874,0.12262177958108304,0.6737284757639633,0.6661160058723565,1144,16371,0,32661
to_label_4199.jpg,PHOMOPSIS_LEAF_SPOT,0.3,0.31114477040816324,0.07327696643560545,0.13654810217154126,0.07327696643560545,0.9999999999125874,0.1365480894481865,0.7116549744883776,0.7049273943532695,1144,14468,0,34564
to_label_4199.jpg,PHOMOPSIS_LEAF_SPOT,0.4,0.2701889349489796,0.08430446968517255,0.155499625874733,0.08431068820473327,0.9991258740385379,0.15549961152123257,0.7525709502536022,0.746818404305868,1143,12414,1,36618
to_label_4199.jpg,PHOMOPSIS_LEAF_SPOT,0.5,0.23561065051020408,0.09510135135054812,0.17368502236484895,0.09524615124263876,0.984265734179697,0.1736850062742927,0.7864716198963917,0.7818567466128613,1126,10696,18,38336
to_label_4199.jpg,PHOMOPSIS_LEAF_SPOT,0.6,0.2020886479591837,0.10562414266014476,0.19106699751691716,0.1063116370798194,0.9423076922253227,0.19106697929440972,0.8180803571412267,0.8151819220084533,1078,9062,66,39970
to_label_4199.jpg,PHOMOPSIS_LEAF_SPOT,0.7,0.1590202487244898,0.1217263002567106,0.21703387043497713,0.12407569870755639,0.8653846153089698,0.21703384849802987,0.8576411033146173,0.8574604340005354,990,6989,154,42043
to_label_4199.jpg,PHOMOPSIS_LEAF_SPOT,0.8,0.09867267219387756,0.12620103473528824,0.224118129610761,0.13795192890046554,0.5970279719757843,0.22411809911399166,0.9057517538247255,0.9129548050234276,683,4268,461,44764
to_label_4199.jpg,PHOMOPSIS_LEAF_SPOT,0.9,0.036212531887755105,0.06702702702461165,0.12563323201196783,0.10236653824422859,0.1625874125732004,0.1256331845907363,0.94840162627362,0.9667360091349185,186,1631,958,47401
to_label_4319.jpg,PHOMOPSIS_LEAF_SPOT,0.1,0.3532565369897959,0.024394356697069335,0.047626886145143335,0.02448519040888866,0.8679999998264,0.04762688080844828,0.6540776466823699,0.6519244705679766,434,17291,66,32385
to_label_4319.jpg,PHOMOPSIS_LEAF_SPOT,0.2,0.31407445790816324,0.026452020201853204,0.05154068515867187,0.026587981470736797,0.8379999998323999,0.05154067919705535,0.6926618303557623,0.69119896931981,419,15340,81,34336
to_label_4319.jpg,PHOMOPSIS_LEAF_SPOT,0.3,0.2868502869897959,0.02660784448868403,0.05183643322331406,0.026818592371105267,0.7719999998456,0.051836426733829766,0.7185706313761189,0.7180328528852604,386,14007,114,35669
to_label_4319.jpg,PHOMOPSIS_LEAF_SPOT,0.4,0.26413026147959184,0.028723165531986512,0.05584236166613944,0.02897457179484664,0.7679999998464,0.05584235465894089,0.7412109374985227,0.7409412996200561,384,12869,116,36807
to_label_4319.jpg,PHOMOPSIS_LEAF_SPOT,0.5,0.2391780931122449,0.0316910126266263,0.0614350851926931,0.031997333555270416,0.7679999998464,0.061435077512791376,0.7661631058658199,0.7661446171173883,384,11617,116,38059
to_label_4319.jpg,PHOMOPSIS_LEAF_SPOT,0.6,0.2083466198979592,0.035154035153702946,0.06792039437586342,0.03558446527610881,0.7439999998511999,0.06792038566286021,0.7965162627535146,0.7970448506304915,372,10082,128,39594
to_label_4319.jpg,PHOMOPSIS_LEAF_SPOT,0.7,0.17438616071428573,0.038858939801899604,0.07481081081000204,0.03954285714240522,0.6919999998616,0.07481080058275201,0.8294403698963061,0.8308237378194081,346,8404,154,41272
to_label_4319.jpg,PHOMOPSIS_LEAF_SPOT,0.8,0.14439174107142858,0.043800539082967646,0.08392511297503003,0.04485852311877352,0.64999999987,0.08392510089593369,0.8585977359676765,0.8606973186229553,325,6920,175,42756
to_label_4319.jpg,PHOMOPSIS_LEAF_SPOT,0.9,0.10534917091836735,0.04572564612243402,0.08745247148137829,0.04786227771381267,0.5059999998988,0.08745245569029979,0.894770408161482,0.8986834688765225,253,5033,247,44643
to_label_4408.jpg,PHOMOPSIS_LEAF_SPOT,0.1,0.32322225765306123,0.02504132737387472,0.04885915661182141,0.025218892588326432,0.7805343509960813,0.0488591505477438,0.6826371173455783,0.6816039635851897,409,15809,115,33843
to_label_4408.jpg,PHOMOPSIS_LEAF_SPOT,0.2,0.2502989477040816,0.0311317780577622,0.060383704042953575,0.031451548689931906,0.7538167937492717,0.06038369635292999,0.7550023915801279,0.7550149037284399,395,12164,129,37488
to_label_4408.jpg,PHOMOPSIS_LEAF_SPOT,0.3,0.22277582908163265,0.034019616505840594,0.06580071782545034,0.034442655215293945,0.7347328242872648,0.06580070927018095,0.7821269132637474,0.7826270845066007,385,10793,139,38859
to_label_4408.jpg,PHOMOPSIS_LEAF_SPOT,0.4,0.2061344068877551,0.0364329995227808,0.07030459188303759,0.03693319153014664,0.7290076334486627,0.07030458270353761,0.7986487563759593,0.7993837106243467,382,9961,142,39691
to_label_4408.jpg,PHOMOPSIS_LEAF_SPOT,0.5,0.19290098852040816,0.038156288155899915,0.0735077918252131,0.038743671866528114,0.7156488548252579,0.07350778208052257,0.8116031568861376,0.8126158060081917,375,9304,149,40348
to_label_4408.jpg,PHOMOPSIS_LEAF_SPOT,0.6,0.1778140943877551,0.04076685764609115,0.07834003811054054,0.041470522303951235,0.7061068700942544,0.07834002763052492,0.8264907525493732,0.8277612180761545,370,8552,154,41100
to_label_4408.jpg,PHOMOPSIS_LEAF_SPOT,0.7,0.16065449617346939,0.044530964837029674,0.0852649970869509,0.04540379605451676,0.6984732823094517,0.08526498562371644,0.8434909119881149,0.8450213485844578,366,7695,158,41957
to_label_4408.jpg,PHOMOPSIS_LEAF_SPOT,0.8,0.13562260841836735,0.050300945829029796,0.09578387228686337,0.0515797207927762,0.6698473281164414,0.09578385900855789,0.8679249043350049,0.8700153065317208,351,6454,173,43198
to_label_4408.jpg,PHOMOPSIS_LEAF_SPOT,0.9,0.09534438775510204,0.06500802568087866,0.12207987942497966,0.06772575250694553,0.6183206105690229,0.12207986162798419,0.9071269132634983,0.9101748167225687,324,4460,200,45192
